Prog,PTT,Len,Satellite,Class,Pass,PassDate,PassTime,Latitude,Longitude,Comment,Frequency,Power,IQ,Dups,MsgDate,MsgTime,Latitude2,Longitude2,Duration,Error radius,Error Semi-major axis,Error Semi-minor axis,Error Ellipse orientation,Offset,Offset orientation,SENSOR #01,SENSOR #02,SENSOR #03,SENSOR #04,SENSOR #05,SENSOR #06,SENSOR #07,SENSOR #08,SENSOR #09,SENSOR #10,SENSOR #11,SENSOR #12,SENSOR #13,SENSOR #14,SENSOR #15,SENSOR #16,SENSOR #17,SENSOR #18,SENSOR #19,SENSOR #20,SENSOR #21,SENSOR #22,SENSOR #23,SENSOR #24,SENSOR #25,SENSOR #26,SENSOR #27,SENSOR #28,SENSOR #29,SENSOR #30,SENSOR #31,SENSOR #32
5171,176409,3,NP,3,3,18-Oct-2018,06:23:52,-16.7777,145.6735,,401677459,-121,50,0,18-Oct-2018,06:19:39,-16.7777,145.6735,575,123,392,38,77,,,68,107,5,,,,,,,,,,,,,,,,,,,,,,,,,,,,,
5171,176409,3,NP,3,3,18-Oct-2018,06:23:52,-16.7777,145.6735,,401677459,-121,50,0,18-Oct-2018,06:19:54,-16.7777,145.6735,575,123,392,38,77,,,80,220,2,,,,,,,,,,,,,,,,,,,,,,,,,,,,,
5171,176409,3,NP,3,3,18-Oct-2018,06:23:52,-16.7777,145.6735,,401677459,-121,50,0,18-Oct-2018,06:20:24,-16.7777,145.6735,575,123,392,38,77,,,10,0,17,,,,,,,,,,,,,,,,,,,,,,,,,,,,,
5171,176409,3,NP,3,3,18-Oct-2018,06:23:52,-16.7777,145.6735,,401677459,-121,50,0,18-Oct-2018,06:21:10,-16.7777,145.6735,575,123,392,38,77,,,89,225,2,,,,,,,,,,,,,,,,,,,,,,,,,,,,,
5171,176409,3,NP,3,3,18-Oct-2018,06:23:52,-16.7777,145.6735,,401677459,-121,50,2,18-Oct-2018,06:21:55,-16.7777,145.6735,575,123,392,38,77,,,22,75,24,,,,,,,,,,,,,,,,,,,,,,,,,,,,,
5171,176409,3,NP,3,3,18-Oct-2018,06:23:52,-16.7777,145.6735,,401677459,-121,50,0,18-Oct-2018,06:22:10,-16.7777,145.6735,575,123,392,38,77,,,65,106,5,,,,,,,,,,,,,,,,,,,,,,,,,,,,,
5171,176409,3,NP,3,3,18-Oct-2018,06:23:52,-16.7777,145.6735,,401677459,-121,50,0,18-Oct-2018,06:22:25,-16.7777,145.6735,575,123,392,38,77,,,82,230,2,,,,,,,,,,,,,,,,,,,,,,,,,,,,,
5171,176409,3,NP,3,3,18-Oct-2018,06:23:52,-16.7777,145.6735,,401677459,-121,50,0,18-Oct-2018,06:22:56,-16.7777,145.6735,575,123,392,38,77,,,10,0,16,,,,,,,,,,,,,,,,,,,,,,,,,,,,,
5171,176409,23,NP,3,3,18-Oct-2018,06:23:52,-16.7777,145.6735,,401677459,-121,50,0,18-Oct-2018,06:23:26,-16.7777,145.6735,575,123,392,38,77,,,81,242,199,252,236,14,123,32,245,168,0,136,101,7,176,69,181,114,255,214,193,128,0,,,,,,,,,
5171,176409,3,NP,3,3,18-Oct-2018,06:23:52,-16.7777,145.6735,,401677459,-121,50,0,18-Oct-2018,06:23:56,-16.7777,145.6735,575,123,392,38,77,,,80,236,2,,,,,,,,,,,,,,,,,,,,,,,,,,,,,
5171,176409,3,NP,3,3,18-Oct-2018,06:23:52,-16.7777,145.6735,,401677459,-121,50,1,18-Oct-2018,06:24:11,-16.7777,145.6735,575,123,392,38,77,,,105,143,0,,,,,,,,,,,,,,,,,,,,,,,,,,,,,
5171,176409,3,NP,3,3,18-Oct-2018,06:23:52,-16.7777,145.6735,,401677459,-121,50,0,18-Oct-2018,06:29:14,-16.7777,145.6735,575,123,392,38,77,,,105,140,0,,,,,,,,,,,,,,,,,,,,,,,,,,,,,
5171,176409,3,NP,2,4,20-Oct-2018,05:57:44,-16.3635,145.7057,,401677502,-125,50,0,20-Oct-2018,05:54:35,-16.3635,145.7057,484,358,879,145,64,,,72,24,5,,,,,,,,,,,,,,,,,,,,,,,,,,,,,
5171,176409,3,NP,2,4,20-Oct-2018,05:57:44,-16.3635,145.7057,,401677502,-125,50,0,20-Oct-2018,05:55:05,-16.3635,145.7057,484,358,879,145,64,,,95,92,5,,,,,,,,,,,,,,,,,,,,,,,,,,,,,
5171,176409,3,NP,2,4,20-Oct-2018,05:57:44,-16.3635,145.7057,,401677502,-125,50,0,20-Oct-2018,05:56:05,-16.3635,145.7057,484,358,879,145,64,,,77,25,5,,,,,,,,,,,,,,,,,,,,,,,,,,,,,
5171,176409,3,NP,2,4,20-Oct-2018,05:57:44,-16.3635,145.7057,,401677502,-125,50,0,20-Oct-2018,05:56:20,-16.3635,145.7057,484,358,879,145,64,,,86,97,5,,,,,,,,,,,,,,,,,,,,,,,,,,,,,
5171,176409,3,NP,2,4,20-Oct-2018,05:57:44,-16.3635,145.7057,,401677502,-125,50,1,20-Oct-2018,05:58:06,-16.3635,145.7057,484,358,879,145,64,,,10,0,16,,,,,,,,,,,,,,,,,,,,,,,,,,,,,
5171,176409,3,NP,2,4,20-Oct-2018,05:57:44,-16.3635,145.7057,,401677502,-125,50,0,20-Oct-2018,05:58:37,-16.3635,145.7057,484,358,879,145,64,,,75,23,5,,,,,,,,,,,,,,,,,,,,,,,,,,,,,
5171,176409,3,NP,2,4,20-Oct-2018,05:57:44,-16.3635,145.7057,,401677502,-125,50,0,20-Oct-2018,05:58:52,-16.3635,145.7057,484,358,879,145,64,,,84,107,5,,,,,,,,,,,,,,,,,,,,,,,,,,,,,
5171,176409,3,NP,2,4,20-Oct-2018,05:57:44,-16.3635,145.7057,,401677502,-125,50,2,20-Oct-2018,05:59:07,-16.3635,145.7057,484,358,879,145,64,,,104,138,0,,,,,,,,,,,,,,,,,,,,,,,,,,,,,
5171,176409,3,NP,2,4,20-Oct-2018,05:57:44,-16.3635,145.7057,,401677502,-125,50,0,20-Oct-2018,06:00:38,-16.3635,145.7057,484,358,879,145,64,,,2,0,17,,,,,,,,,,,,,,,,,,,,,,,,,,,,,
5171,176409,3,NP,2,4,20-Oct-2018,05:57:44,-16.3635,145.7057,,401677502,-125,50,3,20-Oct-2018,06:00:53,-16.3635,145.7057,484,358,879,145,64,,,22,75,24,,,,,,,,,,,,,,,,,,,,,,,,,,,,,
5171,176409,23,NP,2,4,20-Oct-2018,05:57:44,-16.3635,145.7057,,401677502,-125,50,0,20-Oct-2018,06:01:08,-16.3635,145.7057,484,358,879,145,64,,,69,48,131,220,168,40,122,164,90,24,16,9,212,10,233,20,3,191,255,209,113,255,192,,,,,,,,,
5171,176409,3,NP,2,4,20-Oct-2018,05:57:44,-16.3635,145.7057,,401677502,-125,50,0,20-Oct-2018,06:02:39,-16.3635,145.7057,484,358,879,145,64,,,76,24,5,,,,,,,,,,,,,,,,,,,,,,,,,,,,,
5171,176409,3,NP,3,5,21-Oct-2018,05:53:49,-16.3622,145.7148,,401677420,-130,50,0,21-Oct-2018,05:44:40,-16.3622,145.7148,668,129,155,106,165,,,92,45,6,,,,,,,,,,,,,,,,,,,,,,,,,,,,,
5171,176409,3,NP,3,5,21-Oct-2018,05:53:49,-16.3622,145.7148,,401677420,-130,50,0,21-Oct-2018,05:45:56,-16.3622,145.7148,668,129,155,106,165,,,95,50,6,,,,,,,,,,,,,,,,,,,,,,,,,,,,,
5171,176409,3,NP,3,5,21-Oct-2018,05:53:49,-16.3622,145.7148,,401677420,-130,50,1,21-Oct-2018,05:46:11,-16.3622,145.7148,668,129,155,106,165,,,109,139,0,,,,,,,,,,,,,,,,,,,,,,,,,,,,,
5171,176409,23,NP,3,5,21-Oct-2018,05:53:49,-16.3622,145.7148,,401677420,-130,50,0,21-Oct-2018,05:46:41,-16.3622,145.7148,668,129,155,106,165,,,22,75,24,189,17,197,218,252,138,126,54,59,23,159,220,2,78,96,25,137,98,2,179,,,,,,,,,
5171,176409,3,NP,3,5,21-Oct-2018,05:53:49,-16.3622,145.7148,,401677420,-130,50,0,21-Oct-2018,05:47:57,-16.3622,145.7148,668,129,155,106,165,,,6,75,24,,,,,,,,,,,,,,,,,,,,,,,,,,,,,
5171,176409,3,NP,3,5,21-Oct-2018,05:53:49,-16.3622,145.7148,,401677420,-130,50,0,21-Oct-2018,05:49:28,-16.3622,145.7148,668,129,155,106,165,,,22,75,16,,,,,,,,,,,,,,,,,,,,,,,,,,,,,
5171,176409,3,NP,3,5,21-Oct-2018,05:53:49,-16.3622,145.7148,,401677420,-130,50,0,21-Oct-2018,05:51:14,-16.3622,145.7148,668,129,155,106,165,,,93,71,6,,,,,,,,,,,,,,,,,,,,,,,,,,,,,
5171,176409,3,NP,3,5,21-Oct-2018,05:53:49,-16.3622,145.7148,,401677420,-130,50,0,21-Oct-2018,05:52:30,-16.3622,145.7148,668,129,155,106,165,,,90,76,6,,,,,,,,,,,,,,,,,,,,,,,,,,,,,
5171,176409,3,NP,3,5,21-Oct-2018,05:53:49,-16.3622,145.7148,,401677420,-130,50,0,21-Oct-2018,05:53:46,-16.3622,145.7148,668,129,155,106,165,,,83,81,6,,,,,,,,,,,,,,,,,,,,,,,,,,,,,
5171,176409,3,NP,3,5,21-Oct-2018,05:53:49,-16.3622,145.7148,,401677420,-130,50,1,21-Oct-2018,05:54:01,-16.3622,145.7148,668,129,155,106,165,,,104,138,0,,,,,,,,,,,,,,,,,,,,,,,,,,,,,
5171,176409,3,NP,3,5,21-Oct-2018,05:53:49,-16.3622,145.7148,,401677420,-130,50,5,21-Oct-2018,05:54:17,-16.3622,145.7148,668,129,155,106,165,,,10,0,16,,,,,,,,,,,,,,,,,,,,,,,,,,,,,
5171,176409,3,NP,3,5,21-Oct-2018,05:53:49,-16.3622,145.7148,,401677420,-130,50,3,21-Oct-2018,05:54:32,-16.3622,145.7148,668,129,155,106,165,,,22,75,24,,,,,,,,,,,,,,,,,,,,,,,,,,,,,
5171,176409,3,NP,3,5,21-Oct-2018,05:53:49,-16.3622,145.7148,,401677420,-130,50,6,21-Oct-2018,05:55:02,-16.3622,145.7148,668,129,155,106,165,,,77,216,5,,,,,,,,,,,,,,,,,,,,,,,,,,,,,
5171,176409,3,NP,3,5,21-Oct-2018,05:53:49,-16.3622,145.7148,,401677420,-130,50,0,21-Oct-2018,05:55:48,-16.3622,145.7148,668,129,155,106,165,,,10,4,16,,,,,,,,,,,,,,,,,,,,,,,,,,,,,
5171,176409,3,NK,1,6,18-Dec-2018,09:23:26,-16.4130,145.7012,,401677475,-122,50,0,18-Dec-2018,09:14:58,-16.4130,145.7012,647,559,1992,156,80,,,72,134,5,,,,,,,,,,,,,,,,,,,,,,,,,,,,,
5171,176409,3,NK,1,6,18-Dec-2018,09:23:26,-16.4130,145.7012,,401677475,-122,50,0,18-Dec-2018,09:15:26,-16.4130,145.7012,647,559,1992,156,80,,,81,133,7,,,,,,,,,,,,,,,,,,,,,,,,,,,,,
5171,176409,3,NK,1,6,18-Dec-2018,09:23:26,-16.4130,145.7012,,401677475,-122,50,0,18-Dec-2018,09:18:24,-16.4130,145.7012,647,559,1992,156,80,,,106,144,0,,,,,,,,,,,,,,,,,,,,,,,,,,,,,
5171,176409,23,NK,1,6,18-Dec-2018,09:23:26,-16.4130,145.7012,,401677475,-122,50,0,18-Dec-2018,09:22:45,-16.4130,145.7012,647,559,1992,156,80,,,77,48,131,220,168,40,123,34,105,37,87,26,210,15,19,30,15,175,145,215,49,251,0,,,,,,,,,
5171,176409,3,NK,1,6,18-Dec-2018,09:23:26,-16.4130,145.7012,,401677475,-122,50,0,18-Dec-2018,09:23:31,-16.4130,145.7012,647,559,1992,156,80,,,71,116,5,,,,,,,,,,,,,,,,,,,,,,,,,,,,,
5171,176409,3,NK,1,6,18-Dec-2018,09:23:26,-16.4130,145.7012,,401677475,-122,50,0,18-Dec-2018,09:24:15,-16.4130,145.7012,647,559,1992,156,80,,,87,139,7,,,,,,,,,,,,,,,,,,,,,,,,,,,,,
5171,176409,3,NK,1,6,18-Dec-2018,09:23:26,-16.4130,145.7012,,401677475,-122,50,0,18-Dec-2018,09:25:05,-16.4130,145.7012,647,559,1992,156,80,,,105,143,0,,,,,,,,,,,,,,,,,,,,,,,,,,,,,
5171,176409,3,NK,1,6,18-Dec-2018,09:23:26,-16.4130,145.7012,,401677475,-122,50,1,18-Dec-2018,09:25:45,-16.4130,145.7012,647,559,1992,156,80,,,10,0,16,,,,,,,,,,,,,,,,,,,,,,,,,,,,,
5171,176409,3,SR,B,7,18-Dec-2018,09:37:51,-16.4130,145.7012,,401677474,-135,6,0,18-Dec-2018,09:37:51,-16.4130,145.7012,,1080,1338,871,83,,,78,111,81,,,,,,,,,,,,,,,,,,,,,,,,,,,,,
5171,176409,31,NN,B,8,18-Dec-2018,10:23:10,-16.4201,145.7034,,401677462,-127,8,0,18-Dec-2018,10:23:10,-16.4201,145.7034,,1633,2308,1154,77,,,32,178,38,0,0,0,0,0,0,0,0,0,0,255,108,147,170,128,2,0,0,2,8,0,19,170,111,142,85,59,155,
5171,176409,3,NN,A,9,18-Dec-2018,23:13:42,-16.4006,145.6801,,401677474,-129,,0,18-Dec-2018,23:13:24,-16.4006,145.6801,38,3757,20938,674,91,,,108,142,0,,,,,,,,,,,,,,,,,,,,,,,,,,,,,
5171,176409,3,NN,A,9,18-Dec-2018,23:13:42,-16.4006,145.6801,,401677474,-129,,0,18-Dec-2018,23:13:42,-16.4006,145.6801,38,3757,20938,674,91,,,10,0,16,,,,,,,,,,,,,,,,,,,,,,,,,,,,,
5171,176409,3,NN,A,9,18-Dec-2018,23:13:42,-16.4006,145.6801,,401677474,-129,,0,18-Dec-2018,23:14:02,-16.4006,145.6801,38,3757,20938,674,91,,,22,75,24,,,,,,,,,,,,,,,,,,,,,,,,,,,,,
5171,176409,3,MA,0,10,18-Dec-2018,23:14:30,-16.4097,145.6579,,401677484,-124,46,0,18-Dec-2018,23:13:24,-16.4097,145.6579,209,11587,126202,1063,98,,,236,142,16,,,,,,,,,,,,,,,,,,,,,,,,,,,,,
5171,176409,3,MA,0,10,18-Dec-2018,23:14:30,-16.4097,145.6579,,401677484,-124,46,0,18-Dec-2018,23:13:42,-16.4097,145.6579,209,11587,126202,1063,98,,,10,0,16,,,,,,,,,,,,,,,,,,,,,,,,,,,,,
5171,176409,3,MA,0,10,18-Dec-2018,23:14:30,-16.4097,145.6579,,401677484,-124,46,0,18-Dec-2018,23:14:02,-16.4097,145.6579,209,11587,126202,1063,98,,,22,75,24,,,,,,,,,,,,,,,,,,,,,,,,,,,,,
5171,176409,23,MA,0,10,18-Dec-2018,23:14:30,-16.4097,145.6579,,401677484,-124,46,0,18-Dec-2018,23:16:53,-16.4097,145.6579,209,11587,126202,1063,98,,,90,112,131,220,168,40,123,34,105,92,248,217,82,15,119,30,1,208,131,231,152,255,10,,,,,,,,,
5171,176409,3,NP,3,11,20-Dec-2018,18:44:51,-16.4502,145.7604,,401677483,-126,50,0,20-Dec-2018,18:44:07,-16.4502,145.7604,778,236,1015,55,94,,,22,75,24,,,,,,,,,,,,,,,,,,,,,,,,,,,,,
5171,176409,3,NP,3,11,20-Dec-2018,18:44:51,-16.4502,145.7604,,401677483,-126,50,0,20-Dec-2018,18:45:37,-16.4502,145.7604,778,236,1015,55,94,,,77,102,5,,,,,,,,,,,,,,,,,,,,,,,,,,,,,
5171,176409,3,NP,3,11,20-Dec-2018,18:44:51,-16.4502,145.7604,,401677483,-126,50,2,20-Dec-2018,18:52:20,-16.4502,145.7604,778,236,1015,55,94,,,22,75,24,,,,,,,,,,,,,,,,,,,,,,,,,,,,,
5171,176409,3,NP,3,11,20-Dec-2018,18:44:51,-16.4502,145.7604,,401677483,-126,50,0,20-Dec-2018,18:56:18,-16.4502,145.7604,778,236,1015,55,94,,,75,104,5,,,,,,,,,,,,,,,,,,,,,,,,,,,,,
5171,176409,3,NP,3,11,20-Dec-2018,18:44:51,-16.4502,145.7604,,401677483,-126,50,0,20-Dec-2018,18:56:33,-16.4502,145.7604,778,236,1015,55,94,,,82,97,9,,,,,,,,,,,,,,,,,,,,,,,,,,,,,
5171,176409,3,NP,3,11,20-Dec-2018,18:44:51,-16.4502,145.7604,,401677483,-126,50,0,20-Dec-2018,18:56:48,-16.4502,145.7604,778,236,1015,55,94,,,99,141,0,,,,,,,,,,,,,,,,,,,,,,,,,,,,,
5171,176409,3,NP,3,11,20-Dec-2018,18:44:51,-16.4502,145.7604,,401677483,-126,50,2,20-Dec-2018,18:57:05,-16.4502,145.7604,778,236,1015,55,94,,,10,0,16,,,,,,,,,,,,,,,,,,,,,,,,,,,,,
5171,176409,3,SR,B,12,20-Dec-2018,19:16:40,-16.4519,145.7575,,401677488,-136,8,0,20-Dec-2018,19:16:41,-16.4519,145.7575,,3061,3271,2863,96,,,99,141,0,,,,,,,,,,,,,,,,,,,,,,,,,,,,,
5171,176409,3,SR, ,13,23-Dec-2018,08:41:13,,,,401650000,-131,,0,23-Dec-2018,08:41:13,,,,,,,,,,10,0,16,,,,,,,,,,,,,,,,,,,,,,,,,,,,,
5171,176409,3,NK, ,14,23-Dec-2018,08:57:32,,,,401650000,-126,,0,23-Dec-2018,08:57:32,,,,,,,,,,68,138,5,,,,,,,,,,,,,,,,,,,,,,,,,,,,,
5171,176409,3,NP, ,15,23-Dec-2018,18:11:03,,,,401650000,-133,,0,23-Dec-2018,18:11:03,,,,,,,,,,99,141,0,,,,,,,,,,,,,,,,,,,,,,,,,,,,,
5171,176409,3,SR,2,16,24-Dec-2018,08:04:27,-16.4506,145.8140,,401677485,-121,50,0,24-Dec-2018,08:04:28,-16.4506,145.8140,454,404,2879,56,97,,,64,125,32,,,,,,,,,,,,,,,,,,,,,,,,,,,,,
5171,176409,3,SR,2,16,24-Dec-2018,08:04:27,-16.4506,145.8140,,401677485,-121,50,0,24-Dec-2018,08:09:34,-16.4506,145.8140,454,404,2879,56,97,,,10,0,32,,,,,,,,,,,,,,,,,,,,,,,,,,,,,
5171,176409,3,SR,2,16,24-Dec-2018,08:04:27,-16.4506,145.8140,,401677485,-121,50,0,24-Dec-2018,08:10:52,-16.4506,145.8140,454,404,2879,56,97,,,10,0,16,,,,,,,,,,,,,,,,,,,,,,,,,,,,,
5171,176409,3,SR,2,16,24-Dec-2018,08:04:27,-16.4506,145.8140,,401677485,-121,50,0,24-Dec-2018,08:11:11,-16.4506,145.8140,454,404,2879,56,97,,,22,75,24,,,,,,,,,,,,,,,,,,,,,,,,,,,,,
5171,176409,3,SR,2,16,24-Dec-2018,08:04:27,-16.4506,145.8140,,401677485,-121,50,1,24-Dec-2018,08:11:26,-16.4506,145.8140,454,404,2879,56,97,,,78,89,5,,,,,,,,,,,,,,,,,,,,,,,,,,,,,
5171,176409,3,SR,2,16,24-Dec-2018,08:04:27,-16.4506,145.8140,,401677485,-121,50,1,24-Dec-2018,08:12:02,-16.4506,145.8140,454,404,2879,56,97,,,102,140,0,,,,,,,,,,,,,,,,,,,,,,,,,,,,,
5171,176409,3,NK,B,17,24-Dec-2018,10:08:16,-16.4509,145.8140,,401677489,-130,8,0,24-Dec-2018,10:08:17,-16.4509,145.8140,,6038,6874,5303,55,,,74,77,5,,,,,,,,,,,,,,,,,,,,,,,,,,,,,
5171,176409,3,NP, ,18,27-Dec-2018,07:50:36,,,,401650000,-140,,0,27-Dec-2018,07:50:36,,,,,,,,,,108,142,0,,,,,,,,,,,,,,,,,,,,,,,,,,,,,
5171,176409,23,SR, ,19,07-Jan-2019,09:10:04,,,,401650000,-136,,0,07-Jan-2019,09:10:04,,,,,,,,,,221,16,131,220,168,40,123,34,99,172,133,26,78,96,56,110,75,42,227,4,8,210,127,,,,,,,,,
5171,176409,3,NP,B,20,10-Jan-2019,07:00:51,-16.3231,145.7332,,401677490,-132,,0,10-Jan-2019,07:00:44,-16.3231,145.7332,15,56708,158806,20249,60,,,10,0,16,,,,,,,,,,,,,,,,,,,,,,,,,,,,,
5171,176409,3,NP,B,20,10-Jan-2019,07:00:51,-16.3231,145.7332,,401677490,-132,,0,10-Jan-2019,07:00:59,-16.3231,145.7332,15,56708,158806,20249,60,,,22,75,24,,,,,,,,,,,,,,,,,,,,,,,,,,,,,
5171,176409,3,NP,B,21,10-Jan-2019,19:48:31,-16.3801,145.7207,,401677492,-133,,0,10-Jan-2019,19:48:32,-16.3801,145.7207,,12973,71049,2368,92,,,99,141,0,,,,,,,,,,,,,,,,,,,,,,,,,,,,,
5171,176409,3,NK,0,22,10-Jan-2019,20:47:30,-16.4085,145.7309,,401677491,-132,58,0,10-Jan-2019,20:47:30,-16.4085,145.7309,610,5084,73297,352,81,,,22,75,24,,,,,,,,,,,,,,,,,,,,,,,,,,,,,
5171,176409,23,NK,0,22,10-Jan-2019,20:47:30,-16.4085,145.7309,,401677491,-132,58,0,10-Jan-2019,20:56:52,-16.4085,145.7309,610,5084,73297,352,81,,,89,240,131,220,168,40,123,34,101,83,113,148,148,60,149,26,1,190,150,214,64,6,145,,,,,,,,,
5171,176409,3,NK,0,22,10-Jan-2019,20:47:30,-16.4085,145.7309,,401677491,-132,58,0,10-Jan-2019,20:57:25,-16.4085,145.7309,610,5084,73297,352,81,,,82,76,30,,,,,,,,,,,,,,,,,,,,,,,,,,,,,
5171,176409,3,NK,0,22,10-Jan-2019,20:47:30,-16.4085,145.7309,,401677491,-132,58,0,10-Jan-2019,20:57:40,-16.4085,145.7309,610,5084,73297,352,81,,,99,141,0,,,,,,,,,,,,,,,,,,,,,,,,,,,,,
5171,176409,3,MA,1,23,10-Jan-2019,22:04:49,-16.4223,145.7234,,401677486,-129,58,0,10-Jan-2019,22:00:12,-16.4223,145.7234,424,928,3044,282,17,,,102,140,0,,,,,,,,,,,,,,,,,,,,,,,,,,,,,
5171,176409,3,MA,1,23,10-Jan-2019,22:04:49,-16.4223,145.7234,,401677486,-129,58,0,10-Jan-2019,22:05:46,-16.4223,145.7234,424,928,3044,282,17,,,64,79,5,,,,,,,,,,,,,,,,,,,,,,,,,,,,,
5171,176409,3,MA,1,23,10-Jan-2019,22:04:49,-16.4223,145.7234,,401677486,-129,58,0,10-Jan-2019,22:06:05,-16.4223,145.7234,424,928,3044,282,17,,,88,159,30,,,,,,,,,,,,,,,,,,,,,,,,,,,,,
5171,176409,3,MA,1,23,10-Jan-2019,22:04:49,-16.4223,145.7234,,401677486,-129,58,0,10-Jan-2019,22:07:16,-16.4223,145.7234,424,928,3044,282,17,,,10,0,16,,,,,,,,,,,,,,,,,,,,,,,,,,,,,
5171,176409,3,NN,A,24,10-Jan-2019,22:05:55,-16.4219,145.7236,,401677485,-123,6,0,10-Jan-2019,22:05:46,-16.4219,145.7236,90,270,476,153,96,,,64,79,5,,,,,,,,,,,,,,,,,,,,,,,,,,,,,
5171,176409,3,NN,A,24,10-Jan-2019,22:05:55,-16.4219,145.7236,,401677485,-123,6,0,10-Jan-2019,22:06:05,-16.4219,145.7236,90,270,476,153,96,,,88,159,30,,,,,,,,,,,,,,,,,,,,,,,,,,,,,
5171,176409,3,NN,A,24,10-Jan-2019,22:05:55,-16.4219,145.7236,,401677485,-123,6,0,10-Jan-2019,22:07:16,-16.4219,145.7236,90,270,476,153,96,,,10,0,16,,,,,,,,,,,,,,,,,,,,,,,,,,,,,
5171,176409,3,NP, ,25,12-Jan-2019,08:09:03,,,,401650000,-136,,0,12-Jan-2019,08:09:03,,,,,,,,,,22,75,24,,,,,,,,,,,,,,,,,,,,,,,,,,,,,
5171,176409,3,MA,1,26,12-Jan-2019,10:13:09,-16.4487,145.7674,,401677488,-129,50,0,12-Jan-2019,10:11:01,-16.4487,145.7674,240,687,2110,223,0,,,72,87,5,,,,,,,,,,,,,,,,,,,,,,,,,,,,,
5171,176409,3,MA,1,26,12-Jan-2019,10:13:09,-16.4487,145.7674,,401677488,-129,50,0,12-Jan-2019,10:12:47,-16.4487,145.7674,240,687,2110,223,0,,,95,48,32,,,,,,,,,,,,,,,,,,,,,,,,,,,,,
5171,176409,3,MA,1,26,12-Jan-2019,10:13:09,-16.4487,145.7674,,401677488,-129,50,0,12-Jan-2019,10:13:48,-16.4487,145.7674,240,687,2110,223,0,,,75,88,5,,,,,,,,,,,,,,,,,,,,,,,,,,,,,
5171,176409,3,MA,1,26,12-Jan-2019,10:13:09,-16.4487,145.7674,,401677488,-129,50,1,12-Jan-2019,10:14:19,-16.4487,145.7674,240,687,2110,223,0,,,99,141,0,,,,,,,,,,,,,,,,,,,,,,,,,,,,,
5171,176409,3,MA,1,26,12-Jan-2019,10:13:09,-16.4487,145.7674,,401677488,-129,50,0,12-Jan-2019,10:14:34,-16.4487,145.7674,240,687,2110,223,0,,,10,0,16,,,,,,,,,,,,,,,,,,,,,,,,,,,,,
5171,176409,3,MA,1,26,12-Jan-2019,10:13:09,-16.4487,145.7674,,401677488,-129,50,2,12-Jan-2019,10:15:01,-16.4487,145.7674,240,687,2110,223,0,,,22,75,24,,,,,,,,,,,,,,,,,,,,,,,,,,,,,
5171,176409,3,NN,B,27,14-Jan-2019,11:52:06,-16.3768,145.7101,,401677486,-130,,0,14-Jan-2019,11:51:51,-16.3768,145.7101,31,5588,27760,1125,66,,,67,53,73,,,,,,,,,,,,,,,,,,,,,,,,,,,,,
5171,176409,3,NN,B,27,14-Jan-2019,11:52:06,-16.3768,145.7101,,401677486,-130,,0,14-Jan-2019,11:52:22,-16.3768,145.7101,31,5588,27760,1125,66,,,93,52,34,,,,,,,,,,,,,,,,,,,,,,,,,,,,,
5171,176409,3,SR, ,28,16-Jan-2019,09:33:52,,,,401650000,-134,,0,16-Jan-2019,09:33:52,,,,,,,,,,105,143,33,,,,,,,,,,,,,,,,,,,,,,,,,,,,,
5171,176409,3,NK, ,29,16-Jan-2019,19:57:55,,,,401650000,-133,,0,16-Jan-2019,19:57:55,,,,,,,,,,10,0,16,,,,,,,,,,,,,,,,,,,,,,,,,,,,,
5171,176409,3,NP, ,30,17-Jan-2019,07:13:35,,,,401650000,-125,,0,17-Jan-2019,07:13:35,,,,,,,,,,10,0,16,,,,,,,,,,,,,,,,,,,,,,,,,,,,,
5171,176409,3,NP, ,31,18-Jan-2019,19:57:16,,,,401650000,-137,,0,18-Jan-2019,19:57:16,,,,,,,,,,80,222,36,,,,,,,,,,,,,,,,,,,,,,,,,,,,,
5171,176409,3,SR, ,32,19-Jan-2019,09:41:30,,,,401650000,-136,,0,19-Jan-2019,09:41:30,,,,,,,,,,22,75,24,,,,,,,,,,,,,,,,,,,,,,,,,,,,,
5171,176409,3,SR,B,33,20-Jan-2019,09:11:25,-16.4308,145.7776,,401677492,-130,,0,20-Jan-2019,09:10:24,-16.4308,145.7776,123,5225,139662,195,100,,,67,96,5,,,,,,,,,,,,,,,,,,,,,,,,,,,,,
5171,176409,3,SR,B,33,20-Jan-2019,09:11:25,-16.4308,145.7776,,401677492,-130,,0,20-Jan-2019,09:12:27,-16.4308,145.7776,123,5225,139662,195,100,,,23,99,11,,,,,,,,,,,,,,,,,,,,,,,,,,,,,
5171,176409,3,NP,3,34,20-Jan-2019,19:30:13,-16.4037,145.7254,,401677500,-129,58,0,20-Jan-2019,19:28:59,-16.4037,145.7254,487,158,212,118,25,,,1,37,5,,,,,,,,,,,,,,,,,,,,,,,,,,,,,
5171,176409,3,NP,3,34,20-Jan-2019,19:30:13,-16.4037,145.7254,,401677500,-129,58,0,20-Jan-2019,19:29:15,-16.4037,145.7254,487,158,212,118,25,,,85,142,38,,,,,,,,,,,,,,,,,,,,,,,,,,,,,
5171,176409,3,NP,3,34,20-Jan-2019,19:30:13,-16.4037,145.7254,,401677500,-129,58,0,20-Jan-2019,19:30:16,-16.4037,145.7254,487,158,212,118,25,,,65,37,5,,,,,,,,,,,,,,,,,,,,,,,,,,,,,
5171,176409,3,NP,3,34,20-Jan-2019,19:30:13,-16.4037,145.7254,,401677500,-129,58,0,20-Jan-2019,19:30:31,-16.4037,145.7254,487,158,212,118,25,,,92,147,38,,,,,,,,,,,,,,,,,,,,,,,,,,,,,
5171,176409,3,NP,3,34,20-Jan-2019,19:30:13,-16.4037,145.7254,,401677500,-129,58,0,20-Jan-2019,19:32:59,-16.4037,145.7254,487,158,212,118,25,,,94,153,39,,,,,,,,,,,,,,,,,,,,,,,,,,,,,
5171,176409,3,NP,3,34,20-Jan-2019,19:30:13,-16.4037,145.7254,,401677500,-129,58,2,20-Jan-2019,19:33:25,-16.4037,145.7254,487,158,212,118,25,,,99,141,0,,,,,,,,,,,,,,,,,,,,,,,,,,,,,
5171,176409,3,NP,3,34,20-Jan-2019,19:30:13,-16.4037,145.7254,,401677500,-129,58,0,20-Jan-2019,19:35:05,-16.4037,145.7254,487,158,212,118,25,,,85,158,38,,,,,,,,,,,,,,,,,,,,,,,,,,,,,
5171,176409,3,NP,3,34,20-Jan-2019,19:30:13,-16.4037,145.7254,,401677500,-129,58,3,20-Jan-2019,19:36:50,-16.4037,145.7254,487,158,212,118,25,,,10,0,16,,,,,,,,,,,,,,,,,,,,,,,,,,,,,
5171,176409,3,NP,3,34,20-Jan-2019,19:30:13,-16.4037,145.7254,,401677500,-129,58,3,20-Jan-2019,19:37:06,-16.4037,145.7254,487,158,212,118,25,,,22,75,24,,,,,,,,,,,,,,,,,,,,,,,,,,,,,
5171,176409,31,NP,3,35,21-Jan-2019,06:29:38,-16.4013,145.7309,,401677494,-129,68,0,21-Jan-2019,06:27:28,-16.4013,145.7309,420,186,717,48,95,,,32,198,128,0,0,0,0,0,0,0,1,31,130,43,239,169,203,207,63,35,7,64,66,30,87,90,147,37,130,245,226,
5171,176409,3,NP,3,35,21-Jan-2019,06:29:38,-16.4013,145.7309,,401677494,-129,68,0,21-Jan-2019,06:28:13,-16.4013,145.7309,420,186,717,48,95,,,108,142,0,,,,,,,,,,,,,,,,,,,,,,,,,,,,,
5171,176409,3,NP,3,35,21-Jan-2019,06:29:38,-16.4013,145.7309,,401677494,-129,68,0,21-Jan-2019,06:29:03,-16.4013,145.7309,420,186,717,48,95,,,10,0,16,,,,,,,,,,,,,,,,,,,,,,,,,,,,,
5171,176409,3,NP,3,35,21-Jan-2019,06:29:38,-16.4013,145.7309,,401677494,-129,68,0,21-Jan-2019,06:31:26,-16.4013,145.7309,420,186,717,48,95,,,22,75,24,,,,,,,,,,,,,,,,,,,,,,,,,,,,,
5171,176409,3,NP,3,35,21-Jan-2019,06:29:38,-16.4013,145.7309,,401677494,-129,68,0,21-Jan-2019,06:32:05,-16.4013,145.7309,420,186,717,48,95,,,73,114,5,,,,,,,,,,,,,,,,,,,,,,,,,,,,,
5171,176409,3,NP,3,35,21-Jan-2019,06:29:38,-16.4013,145.7309,,401677494,-129,68,0,21-Jan-2019,06:33:38,-16.4013,145.7309,420,186,717,48,95,,,99,141,0,,,,,,,,,,,,,,,,,,,,,,,,,,,,,
5171,176409,3,NP,3,35,21-Jan-2019,06:29:38,-16.4013,145.7309,,401677494,-129,68,1,21-Jan-2019,06:33:55,-16.4013,145.7309,420,186,717,48,95,,,10,0,16,,,,,,,,,,,,,,,,,,,,,,,,,,,,,
5171,176409,3,NP,3,35,21-Jan-2019,06:29:38,-16.4013,145.7309,,401677494,-129,68,1,21-Jan-2019,06:34:28,-16.4013,145.7309,420,186,717,48,95,,,73,114,5,,,,,,,,,,,,,,,,,,,,,,,,,,,,,
5171,176409,3,SR,1,36,21-Jan-2019,06:59:51,-16.3971,145.7180,,401677490,-132,58,0,21-Jan-2019,06:57:07,-16.3971,145.7180,293,672,1791,252,62,,,70,89,13,,,,,,,,,,,,,,,,,,,,,,,,,,,,,
5171,176409,3,SR,1,36,21-Jan-2019,06:59:51,-16.3971,145.7180,,401677490,-132,58,0,21-Jan-2019,06:57:23,-16.3971,145.7180,293,672,1791,252,62,,,88,248,38,,,,,,,,,,,,,,,,,,,,,,,,,,,,,
5171,176409,3,SR,1,36,21-Jan-2019,06:59:51,-16.3971,145.7180,,401677490,-132,58,0,21-Jan-2019,06:57:39,-16.3971,145.7180,293,672,1791,252,62,,,99,141,32,,,,,,,,,,,,,,,,,,,,,,,,,,,,,
5171,176409,23,SR,1,36,21-Jan-2019,06:59:51,-16.3971,145.7180,,401677490,-132,58,0,21-Jan-2019,06:58:10,-16.3971,145.7180,293,672,1791,252,62,,,64,39,100,92,24,45,218,58,123,38,15,248,234,120,134,246,159,219,40,5,180,16,255,,,,,,,,,
5171,176409,3,SR,1,36,21-Jan-2019,06:59:51,-16.3971,145.7180,,401677490,-132,58,1,21-Jan-2019,06:58:25,-16.3971,145.7180,293,672,1791,252,62,,,22,75,24,,,,,,,,,,,,,,,,,,,,,,,,,,,,,
5171,176409,3,SR,1,36,21-Jan-2019,06:59:51,-16.3971,145.7180,,401677490,-132,58,0,21-Jan-2019,06:59:21,-16.3971,145.7180,293,672,1791,252,62,,,86,254,6,,,,,,,,,,,,,,,,,,,,,,,,,,,,,
5171,176409,3,SR,1,36,21-Jan-2019,06:59:51,-16.3971,145.7180,,401677490,-132,58,0,21-Jan-2019,07:01:22,-16.3971,145.7180,293,672,1791,252,62,,,99,141,0,,,,,,,,,,,,,,,,,,,,,,,,,,,,,
5171,176409,3,SR,1,36,21-Jan-2019,06:59:51,-16.3971,145.7180,,401677490,-132,58,0,21-Jan-2019,07:02:00,-16.3971,145.7180,293,672,1791,252,62,,,10,0,16,,,,,,,,,,,,,,,,,,,,,,,,,,,,,
5171,176409,3,NN,B,37,21-Jan-2019,10:22:52,-16.3929,145.6930,,401677490,-135,8,0,21-Jan-2019,10:22:53,-16.3929,145.6930,,7358,7722,7011,101,,,22,78,24,,,,,,,,,,,,,,,,,,,,,,,,,,,,,
5171,176409,3,MA,B,38,21-Jan-2019,10:22:52,-16.3922,145.6934,,401677491,-134,8,0,21-Jan-2019,10:22:53,-16.3922,145.6934,,7065,8111,6153,108,,,22,75,18,,,,,,,,,,,,,,,,,,,,,,,,,,,,,
5171,176409,31,NP,B,39,21-Jan-2019,19:20:19,-16.3813,145.7046,,401677487,-133,8,0,21-Jan-2019,19:20:20,-16.3813,145.7046,,10321,25486,4179,112,,,32,198,128,0,0,0,0,0,0,0,0,31,255,207,16,5,198,96,0,0,0,0,0,0,0,0,23,93,255,0,86,
5171,176409,31,SR,B,40,21-Jan-2019,19:20:19,-16.3650,145.6784,,401677495,-136,,0,21-Jan-2019,19:20:20,-16.3650,145.6784,,4201,25995,678,111,,,32,198,128,16,0,0,0,0,0,0,0,31,255,207,16,135,198,96,0,0,0,0,0,0,0,0,23,93,255,0,86,
5171,176409,3,NP,B,41,22-Jan-2019,07:52:28,-16.4327,145.8163,,401677483,-132,,0,22-Jan-2019,07:52:21,-16.4327,145.8163,15,3167,5987,1675,59,,,22,75,24,,,,,,,,,,,,,,,,,,,,,,,,,,,,,
5171,176409,3,NP,B,41,22-Jan-2019,07:52:28,-16.4327,145.8163,,401677483,-132,,0,22-Jan-2019,07:52:36,-16.4327,145.8163,15,3167,5987,1675,59,,,70,113,5,,,,,,,,,,,,,,,,,,,,,,,,,,,,,
5171,176409,3,SR,B,42,22-Jan-2019,20:34:53,-16.4212,145.8042,,401677494,-131,,0,22-Jan-2019,20:34:54,-16.4212,145.8042,,4497,5235,3861,85,,,67,63,5,,,,,,,,,,,,,,,,,,,,,,,,,,,,,
5171,176409,3,NN,3,43,22-Jan-2019,21:24:56,-16.4390,145.7669,,401677497,-128,58,0,22-Jan-2019,21:26:39,-16.4390,145.7669,524,201,220,182,12,,,64,48,5,,,,,,,,,,,,,,,,,,,,,,,,,,,,,
5171,176409,3,NN,3,43,22-Jan-2019,21:24:56,-16.4390,145.7669,,401677497,-128,58,0,22-Jan-2019,21:27:19,-16.4390,145.7669,524,201,220,182,12,,,95,147,39,,,,,,,,,,,,,,,,,,,,,,,,,,,,,
5171,176409,3,NN,3,43,22-Jan-2019,21:24:56,-16.4390,145.7669,,401677497,-128,58,0,22-Jan-2019,21:29:42,-16.4390,145.7669,524,201,220,182,12,,,70,46,5,,,,,,,,,,,,,,,,,,,,,,,,,,,,,
5171,176409,3,NN,3,43,22-Jan-2019,21:24:56,-16.4390,145.7669,,401677497,-128,58,1,22-Jan-2019,21:31:14,-16.4390,145.7669,524,201,220,182,12,,,67,47,5,,,,,,,,,,,,,,,,,,,,,,,,,,,,,
5171,176409,3,NN,3,43,22-Jan-2019,21:24:56,-16.4390,145.7669,,401677497,-128,58,0,22-Jan-2019,21:31:29,-16.4390,145.7669,524,201,220,182,12,,,89,157,39,,,,,,,,,,,,,,,,,,,,,,,,,,,,,
5171,176409,3,NN,3,43,22-Jan-2019,21:24:56,-16.4390,145.7669,,401677497,-128,58,3,22-Jan-2019,21:31:45,-16.4390,145.7669,524,201,220,182,12,,,99,141,0,,,,,,,,,,,,,,,,,,,,,,,,,,,,,
5171,176409,3,NN,3,43,22-Jan-2019,21:24:56,-16.4390,145.7669,,401677497,-128,58,1,22-Jan-2019,21:32:15,-16.4390,145.7669,524,201,220,182,12,,,22,75,24,,,,,,,,,,,,,,,,,,,,,,,,,,,,,
5171,176409,3,NN,3,43,22-Jan-2019,21:24:56,-16.4390,145.7669,,401677497,-128,58,0,22-Jan-2019,21:32:45,-16.4390,145.7669,524,201,220,182,12,,,90,162,39,,,,,,,,,,,,,,,,,,,,,,,,,,,,,
5171,176409,3,NN,3,43,22-Jan-2019,21:24:56,-16.4390,145.7669,,401677497,-128,58,0,22-Jan-2019,21:33:17,-16.4390,145.7669,524,201,220,182,12,,,102,140,0,,,,,,,,,,,,,,,,,,,,,,,,,,,,,
5171,176409,3,NN,3,43,22-Jan-2019,21:24:56,-16.4390,145.7669,,401677497,-128,58,3,22-Jan-2019,21:33:32,-16.4390,145.7669,524,201,220,182,12,,,10,0,16,,,,,,,,,,,,,,,,,,,,,,,,,,,,,
5171,176409,3,NN,3,43,22-Jan-2019,21:24:56,-16.4390,145.7669,,401677497,-128,58,0,22-Jan-2019,21:35:23,-16.4390,145.7669,524,201,220,182,12,,,76,44,5,,,,,,,,,,,,,,,,,,,,,,,,,,,,,
5171,176409,3,SR,B,44,23-Jan-2019,09:10:12,-16.4607,145.6205,,401677455,-134,8,0,23-Jan-2019,09:10:12,-16.4607,145.6205,,9475,12135,7397,134,,,10,0,16,,,,,,,,,,,,,,,,,,,,,,,,,,,,,
5171,176409,3,NK,0,45,23-Jan-2019,09:21:01,-16.4091,145.6980,,401677488,-125,56,0,23-Jan-2019,09:20:22,-16.4091,145.6980,226,8356,298647,233,79,,,88,35,40,,,,,,,,,,,,,,,,,,,,,,,,,,,,,
5171,176409,3,NK,0,45,23-Jan-2019,09:21:01,-16.4091,145.6980,,401677488,-125,56,0,23-Jan-2019,09:20:57,-16.4091,145.6980,226,8356,298647,233,79,,,99,141,0,,,,,,,,,,,,,,,,,,,,,,,,,,,,,
5171,176409,3,NK,0,45,23-Jan-2019,09:21:01,-16.4091,145.6980,,401677488,-125,56,0,23-Jan-2019,09:21:12,-16.4091,145.6980,226,8356,298647,233,79,,,10,0,16,,,,,,,,,,,,,,,,,,,,,,,,,,,,,
5171,176409,3,NK,0,45,23-Jan-2019,09:21:01,-16.4091,145.6980,,401677488,-125,56,0,23-Jan-2019,09:21:36,-16.4091,145.6980,226,8356,298647,233,79,,,22,75,24,,,,,,,,,,,,,,,,,,,,,,,,,,,,,
5171,176409,3,NK,0,45,23-Jan-2019,09:21:01,-16.4091,145.6980,,401677488,-125,56,0,23-Jan-2019,09:24:08,-16.4091,145.6980,226,8356,298647,233,79,,,70,97,5,,,,,,,,,,,,,,,,,,,,,,,,,,,,,
5171,176409,3,SR,2,46,23-Jan-2019,19:57:55,-16.3766,145.7032,,401677492,-129,58,0,23-Jan-2019,19:56:28,-16.3766,145.7032,475,409,800,209,108,,,10,0,18,,,,,,,,,,,,,,,,,,,,,,,,,,,,,
5171,176409,3,SR,2,46,23-Jan-2019,19:57:55,-16.3766,145.7032,,401677492,-129,58,0,23-Jan-2019,19:59:23,-16.3766,145.7032,475,409,800,209,108,,,99,141,0,,,,,,,,,,,,,,,,,,,,,,,,,,,,,
5171,176409,3,SR,2,46,23-Jan-2019,19:57:55,-16.3766,145.7032,,401677492,-129,58,0,23-Jan-2019,20:03:07,-16.3766,145.7032,475,409,800,209,108,,,10,0,16,,,,,,,,,,,,,,,,,,,,,,,,,,,,,
5171,176409,3,SR,2,46,23-Jan-2019,19:57:55,-16.3766,145.7032,,401677492,-129,58,0,23-Jan-2019,20:04:23,-16.3766,145.7032,475,409,800,209,108,,,82,78,40,,,,,,,,,,,,,,,,,,,,,,,,,,,,,
5171,176409,3,NK,1,47,23-Jan-2019,20:26:40,-16.3755,145.7061,,401677494,-125,56,0,23-Jan-2019,20:21:58,-16.3755,145.7061,518,620,2164,177,35,,,22,75,24,,,,,,,,,,,,,,,,,,,,,,,,,,,,,
5171,176409,3,NK,1,47,23-Jan-2019,20:26:40,-16.3755,145.7061,,401677494,-125,56,0,23-Jan-2019,20:22:13,-16.3755,145.7061,518,620,2164,177,35,,,76,67,5,,,,,,,,,,,,,,,,,,,,,,,,,,,,,
5171,176409,3,NK,1,47,23-Jan-2019,20:26:40,-16.3755,145.7061,,401677494,-125,56,0,23-Jan-2019,20:28:28,-16.3755,145.7061,518,620,2164,177,35,,,99,141,0,,,,,,,,,,,,,,,,,,,,,,,,,,,,,
5171,176409,3,NK,1,47,23-Jan-2019,20:26:40,-16.3755,145.7061,,401677494,-125,56,1,23-Jan-2019,20:28:43,-16.3755,145.7061,518,620,2164,177,35,,,10,0,16,,,,,,,,,,,,,,,,,,,,,,,,,,,,,
5171,176409,3,NK,1,47,23-Jan-2019,20:26:40,-16.3755,145.7061,,401677494,-125,56,0,23-Jan-2019,20:29:21,-16.3755,145.7061,518,620,2164,177,35,,,70,65,1,,,,,,,,,,,,,,,,,,,,,,,,,,,,,
5171,176409,3,NK,1,47,23-Jan-2019,20:26:40,-16.3755,145.7061,,401677494,-125,56,0,23-Jan-2019,20:30:20,-16.3755,145.7061,518,620,2164,177,35,,,92,104,40,,,,,,,,,,,,,,,,,,,,,,,,,,,,,
5171,176409,3,NK,1,47,23-Jan-2019,20:26:40,-16.3755,145.7061,,401677494,-125,56,0,23-Jan-2019,20:30:36,-16.3755,145.7061,518,620,2164,177,35,,,102,140,0,,,,,,,,,,,,,,,,,,,,,,,,,,,,,
5171,176409,3,NN,2,48,23-Jan-2019,21:19:04,-16.3837,145.7005,,401677497,-129,58,0,23-Jan-2019,21:14:54,-16.3837,145.7005,341,390,828,183,17,,,76,60,5,,,,,,,,,,,,,,,,,,,,,,,,,,,,,
5171,176409,3,NN,2,48,23-Jan-2019,21:19:04,-16.3837,145.7005,,401677497,-129,58,0,23-Jan-2019,21:15:16,-16.3837,145.7005,341,390,828,183,17,,,91,130,40,,,,,,,,,,,,,,,,,,,,,,,,,,,,,
5171,176409,3,NN,2,48,23-Jan-2019,21:19:04,-16.3837,145.7005,,401677497,-129,58,0,23-Jan-2019,21:16:11,-16.3837,145.7005,341,390,828,183,17,,,99,141,0,,,,,,,,,,,,,,,,,,,,,,,,,,,,,
5171,176409,3,NN,2,48,23-Jan-2019,21:19:04,-16.3837,145.7005,,401677497,-129,58,0,23-Jan-2019,21:17:50,-16.3837,145.7005,341,390,828,183,17,,,22,75,24,,,,,,,,,,,,,,,,,,,,,,,,,,,,,
5171,176409,3,NN,2,48,23-Jan-2019,21:19:04,-16.3837,145.7005,,401677497,-129,58,0,23-Jan-2019,21:19:39,-16.3837,145.7005,341,390,828,183,17,,,71,59,5,,,,,,,,,,,,,,,,,,,,,,,,,,,,,
5171,176409,3,NN,2,48,23-Jan-2019,21:19:04,-16.3837,145.7005,,401677497,-129,58,0,23-Jan-2019,21:19:55,-16.3837,145.7005,341,390,828,183,17,,,90,135,40,,,,,,,,,,,,,,,,,,,,,,,,,,,,,
5171,176409,3,NN,2,48,23-Jan-2019,21:19:04,-16.3837,145.7005,,401677497,-129,58,1,23-Jan-2019,21:20:35,-16.3837,145.7005,341,390,828,183,17,,,10,0,16,,,,,,,,,,,,,,,,,,,,,,,,,,,,,
5171,176409,3,SR,B,49,24-Jan-2019,07:04:17,-16.4402,145.7289,,401677488,-130,8,0,24-Jan-2019,07:02:49,-16.4402,145.7289,177,3318,39601,278,18,,,90,167,40,,,,,,,,,,,,,,,,,,,,,,,,,,,,,
5171,176409,3,SR,B,49,24-Jan-2019,07:04:17,-16.4402,145.7289,,401677488,-130,8,0,24-Jan-2019,07:05:46,-16.4402,145.7289,177,3318,39601,278,18,,,22,75,24,,,,,,,,,,,,,,,,,,,,,,,,,,,,,
5171,176409,3,NK,B,50,24-Jan-2019,08:51:06,-16.4007,145.7267,,401677494,-123,8,0,24-Jan-2019,08:50:46,-16.4007,145.7267,41,1038,5039,213,87,,,78,105,5,,,,,,,,,,,,,,,,,,,,,,,,,,,,,
5171,176409,3,NK,B,50,24-Jan-2019,08:51:06,-16.4007,145.7267,,401677494,-123,8,0,24-Jan-2019,08:51:27,-16.4007,145.7267,41,1038,5039,213,87,,,94,77,41,,,,,,,,,,,,,,,,,,,,,,,,,,,,,
5171,176409,3,NP,1,51,25-Jan-2019,07:19:44,-16.4196,145.7437,,401677502,-129,50,0,25-Jan-2019,07:18:33,-16.4196,145.7437,297,906,4403,186,115,,,22,75,24,,,,,,,,,,,,,,,,,,,,,,,,,,,,,
5171,176409,3,NP,1,51,25-Jan-2019,07:19:44,-16.4196,145.7437,,401677502,-129,50,0,25-Jan-2019,07:19:03,-16.4196,145.7437,297,906,4403,186,115,,,84,94,42,,,,,,,,,,,,,,,,,,,,,,,,,,,,,
5171,176409,3,NP,1,51,25-Jan-2019,07:19:44,-16.4196,145.7437,,401677502,-129,50,0,25-Jan-2019,07:19:18,-16.4196,145.7437,297,906,4403,186,115,,,109,139,0,,,,,,,,,,,,,,,,,,,,,,,,,,,,,
5171,176409,3,NP,1,51,25-Jan-2019,07:19:44,-16.4196,145.7437,,401677502,-129,50,1,25-Jan-2019,07:23:30,-16.4196,145.7437,297,906,4403,186,115,,,10,0,16,,,,,,,,,,,,,,,,,,,,,,,,,,,,,
5171,176409,31,NN,B,52,25-Jan-2019,09:39:25,-16.4147,145.7360,,401677509,-133,8,0,25-Jan-2019,09:39:25,-16.4147,145.7360,,4367,5266,3621,99,,,32,199,0,0,0,0,0,0,0,0,0,0,103,255,0,213,198,244,28,89,167,182,238,210,129,41,196,245,225,51,51,
5171,176409,3,SR,B,53,26-Jan-2019,07:39:20,-16.3889,145.6621,,401677507,-125,,0,26-Jan-2019,07:39:20,-16.3889,145.6621,,9981,22992,4332,77,,,74,123,146,,,,,,,,,,,,,,,,,,,,,,,,,,,,,
5171,176409,3,SR,3,54,31-Jan-2019,08:20:43,-16.4376,146.0113,,401677498,-124,50,0,31-Jan-2019,08:20:03,-16.4376,146.0113,336,119,306,46,86,,,82,157,46,,,,,,,,,,,,,,,,,,,,,,,,,,,,,
5171,176409,3,SR,3,54,31-Jan-2019,08:20:43,-16.4376,146.0113,,401677498,-124,50,0,31-Jan-2019,08:21:24,-16.4376,146.0113,336,119,306,46,86,,,108,142,0,,,,,,,,,,,,,,,,,,,,,,,,,,,,,
5171,176409,3,SR,3,54,31-Jan-2019,08:20:43,-16.4376,146.0113,,401677498,-124,50,0,31-Jan-2019,08:23:11,-16.4376,146.0113,336,119,306,46,86,,,10,0,16,,,,,,,,,,,,,,,,,,,,,,,,,,,,,
5171,176409,3,SR,3,54,31-Jan-2019,08:20:43,-16.4376,146.0113,,401677498,-124,50,0,31-Jan-2019,08:23:33,-16.4376,146.0113,336,119,306,46,86,,,22,75,24,,,,,,,,,,,,,,,,,,,,,,,,,,,,,
5171,176409,3,SR,3,54,31-Jan-2019,08:20:43,-16.4376,146.0113,,401677498,-124,50,0,31-Jan-2019,08:25:39,-16.4376,146.0113,336,119,306,46,86,,,72,87,5,,,,,,,,,,,,,,,,,,,,,,,,,,,,,
5171,176409,3,NK,B,55,31-Jan-2019,09:10:52,-16.4371,146.0099,,401677502,-140,8,0,31-Jan-2019,09:10:52,-16.4371,146.0099,,977,1021,934,89,,,22,75,24,,,,,,,,,,,,,,,,,,,,,,,,,,,,,
5171,176409,3,NP, ,56,08-Feb-2019,06:20:03,,,,401650000,-129,,0,08-Feb-2019,06:20:03,,,,,,,,,,99,141,0,,,,,,,,,,,,,,,,,,,,,,,,,,,,,
5171,176409,3,NP,B,57,10-Feb-2019,07:34:20,-16.4129,145.8436,,401677490,-131,,0,10-Feb-2019,07:33:11,-16.4129,145.8436,138,4948,294921,83,66,,,10,0,16,,,,,,,,,,,,,,,,,,,,,,,,,,,,,
5171,176409,3,NP,B,57,10-Feb-2019,07:34:20,-16.4129,145.8436,,401677490,-131,,0,10-Feb-2019,07:35:29,-16.4129,145.8436,138,4948,294921,83,66,,,22,75,24,,,,,,,,,,,,,,,,,,,,,,,,,,,,,
5171,176409,3,SR,B,58,10-Feb-2019,08:09:01,-16.4014,145.8687,,401677492,-132,8,0,10-Feb-2019,08:09:02,-16.4014,145.8687,,6400,72489,565,66,,,74,140,5,,,,,,,,,,,,,,,,,,,,,,,,,,,,,
5171,176409,23,NK,B,59,10-Feb-2019,08:21:41,-16.4352,145.7923,,401677476,-133,6,0,10-Feb-2019,08:21:42,-16.4352,145.7923,,2720,10979,674,67,,,77,16,131,92,135,4,27,162,131,5,175,93,109,243,170,6,241,41,164,210,149,49,108,,,,,,,,,
5171,176409,3,NN,B,60,10-Feb-2019,11:34:51,-16.4282,145.7772,,401677481,-128,8,0,10-Feb-2019,11:34:04,-16.4282,145.7772,95,1201,10492,137,117,,,22,75,24,,,,,,,,,,,,,,,,,,,,,,,,,,,,,
5171,176409,3,NN,B,60,10-Feb-2019,11:34:51,-16.4282,145.7772,,401677481,-128,8,0,10-Feb-2019,11:35:39,-16.4282,145.7772,95,1201,10492,137,117,,,71,133,5,,,,,,,,,,,,,,,,,,,,,,,,,,,,,
5171,176409,3,MA,B,61,10-Feb-2019,11:45:32,-16.4286,145.7780,,401677480,-128,6,0,10-Feb-2019,11:45:32,-16.4286,145.7780,,1142,3664,356,117,,,99,141,0,,,,,,,,,,,,,,,,,,,,,,,,,,,,,
5171,176409,23,NK,B,62,11-Feb-2019,07:59:08,-16.4294,145.6987,,401677478,-135,,0,11-Feb-2019,07:59:09,-16.4294,145.6987,,4084,7330,2275,109,,,89,136,156,115,196,20,65,110,217,102,30,137,215,163,98,99,128,54,50,187,16,63,248,,,,,,,,,
5171,176409,3,MB,B,63,11-Feb-2019,23:51:47,-16.4740,145.7569,,401677491,-133,,0,11-Feb-2019,23:51:48,-16.4740,145.7569,,6013,12429,2908,92,,,22,75,24,,,,,,,,,,,,,,,,,,,,,,,,,,,,,
5171,176409,3,NK,0,64,12-Feb-2019,09:20:11,-16.4061,145.7341,,401677474,-125,58,0,12-Feb-2019,09:11:46,-16.4061,145.7341,662,2254,38116,133,73,,,81,208,57,,,,,,,,,,,,,,,,,,,,,,,,,,,,,
5171,176409,3,NK,0,64,12-Feb-2019,09:20:11,-16.4061,145.7341,,401677474,-125,58,0,12-Feb-2019,09:19:14,-16.4061,145.7341,662,2254,38116,133,73,,,22,75,24,,,,,,,,,,,,,,,,,,,,,,,,,,,,,
5171,176409,3,NK,0,64,12-Feb-2019,09:20:11,-16.4061,145.7341,,401677474,-125,58,0,12-Feb-2019,09:20:05,-16.4061,145.7341,662,2254,38116,133,73,,,76,146,5,,,,,,,,,,,,,,,,,,,,,,,,,,,,,
5171,176409,3,NK,0,64,12-Feb-2019,09:20:11,-16.4061,145.7341,,401677474,-125,58,1,12-Feb-2019,09:22:48,-16.4061,145.7341,662,2254,38116,133,73,,,10,0,16,,,,,,,,,,,,,,,,,,,,,,,,,,,,,
5171,176409,3,NN,B,65,12-Feb-2019,09:30:43,-16.4083,145.7254,,401677471,-137,6,0,12-Feb-2019,09:30:44,-16.4083,145.7254,46,918,2054,410,67,,,70,144,5,,,,,,,,,,,,,,,,,,,,,,,,,,,,,
5171,176409,3,NN,B,65,12-Feb-2019,09:30:43,-16.4083,145.7254,,401677471,-137,6,0,12-Feb-2019,09:31:30,-16.4083,145.7254,46,918,2054,410,67,,,108,142,0,,,,,,,,,,,,,,,,,,,,,,,,,,,,,
5171,176409,3,NK,0,66,12-Feb-2019,20:27:26,-16.4450,145.7122,,401677489,-129,58,0,12-Feb-2019,20:26:07,-16.4450,145.7122,138,7251,99660,527,127,,,75,88,5,,,,,,,,,,,,,,,,,,,,,,,,,,,,,
5171,176409,3,NK,0,66,12-Feb-2019,20:27:26,-16.4450,145.7122,,401677489,-129,58,0,12-Feb-2019,20:26:48,-16.4450,145.7122,138,7251,99660,527,127,,,93,236,57,,,,,,,,,,,,,,,,,,,,,,,,,,,,,
5171,176409,23,NK,0,66,12-Feb-2019,20:27:26,-16.4450,145.7122,,401677489,-129,58,0,12-Feb-2019,20:27:45,-16.4450,145.7122,138,7251,99660,527,127,,,79,144,131,220,168,40,123,34,102,81,148,214,84,115,219,28,1,173,142,213,193,255,232,,,,,,,,,
5171,176409,3,NK,0,66,12-Feb-2019,20:27:26,-16.4450,145.7122,,401677489,-129,58,0,12-Feb-2019,20:28:08,-16.4450,145.7122,138,7251,99660,527,127,,,108,142,0,,,,,,,,,,,,,,,,,,,,,,,,,,,,,
5171,176409,3,NK,0,66,12-Feb-2019,20:27:26,-16.4450,145.7122,,401677489,-129,58,0,12-Feb-2019,20:28:25,-16.4450,145.7122,138,7251,99660,527,127,,,10,0,16,,,,,,,,,,,,,,,,,,,,,,,,,,,,,
5171,176409,3,MA,A,67,12-Feb-2019,23:55:34,-16.4079,145.6897,,401677476,-124,8,0,12-Feb-2019,23:54:10,-16.4079,145.6897,143,3675,44909,300,111,,,108,174,0,,,,,,,,,,,,,,,,,,,,,,,,,,,,,
5171,176409,3,MA,A,67,12-Feb-2019,23:55:34,-16.4079,145.6897,,401677476,-124,8,0,12-Feb-2019,23:56:01,-16.4079,145.6897,143,3675,44909,300,111,,,10,0,16,,,,,,,,,,,,,,,,,,,,,,,,,,,,,
5171,176409,3,MA,A,67,12-Feb-2019,23:55:34,-16.4079,145.6897,,401677476,-124,8,0,12-Feb-2019,23:56:33,-16.4079,145.6897,143,3675,44909,300,111,,,22,75,24,,,,,,,,,,,,,,,,,,,,,,,,,,,,,
5171,176409,3,SR,B,68,13-Feb-2019,08:17:00,-16.3691,145.6666,,401677471,-126,8,0,13-Feb-2019,08:17:01,-16.3691,145.6666,,3430,5684,2069,118,,,10,0,16,,,,,,,,,,,,,,,,,,,,,,,,,,,,,
5171,176409,3,MC,B,69,13-Feb-2019,22:29:48,-16.4012,145.7228,,401677501,-129,,0,13-Feb-2019,22:29:36,-16.4012,145.7228,24,3293,10418,1040,100,,,84,17,155,,,,,,,,,,,,,,,,,,,,,,,,,,,,,
5171,176409,3,MC,B,69,13-Feb-2019,22:29:48,-16.4012,145.7228,,401677501,-129,,0,13-Feb-2019,22:30:00,-16.4012,145.7228,24,3293,10418,1040,100,,,105,143,0,,,,,,,,,,,,,,,,,,,,,,,,,,,,,
5171,176409,3,MA,B,70,13-Feb-2019,23:37:47,-16.4110,145.7078,,401677472,-116,8,0,13-Feb-2019,23:37:47,-16.4110,145.7078,,3237,12804,818,109,,,10,0,16,,,,,,,,,,,,,,,,,,,,,,,,,,,,,
5171,176409,3,NP,B,71,14-Feb-2019,06:56:34,-16.4445,145.6950,,401677463,-140,8,0,14-Feb-2019,06:56:35,-16.4445,145.6950,,4011,6718,2394,102,,,87,30,58,,,,,,,,,,,,,,,,,,,,,,,,,,,,,
5171,176409,3,NN,B,72,15-Feb-2019,23:34:01,-16.4408,145.8078,,401677476,-128,,0,15-Feb-2019,23:33:03,-16.4408,145.8078,117,3364,59216,191,101,,,22,75,24,,,,,,,,,,,,,,,,,,,,,,,,,,,,,
5171,176409,3,NN,B,72,15-Feb-2019,23:34:01,-16.4408,145.8078,,401677476,-128,,0,15-Feb-2019,23:35:00,-16.4408,145.8078,117,3364,59216,191,101,,,74,77,5,,,,,,,,,,,,,,,,,,,,,,,,,,,,,
5171,176409,3,MC,B,73,15-Feb-2019,23:34:01,-16.4165,145.7213,,401677485,-117,,0,15-Feb-2019,23:33:03,-16.4165,145.7213,117,9053,,,,,,22,75,24,,,,,,,,,,,,,,,,,,,,,,,,,,,,,
5171,176409,3,MC,B,73,15-Feb-2019,23:34:01,-16.4165,145.7213,,401677485,-117,,0,15-Feb-2019,23:35:00,-16.4165,145.7213,117,9053,,,,,,74,77,5,,,,,,,,,,,,,,,,,,,,,,,,,,,,,
5171,176409,23,NP,0,74,16-Feb-2019,17:41:05,-16.4264,145.7187,,401677478,-129,40,0,16-Feb-2019,17:38:54,-16.4264,145.7187,181,3528,18476,673,15,,,91,48,131,220,168,40,123,34,104,70,70,24,146,117,107,28,13,162,142,214,33,121,192,,,,,,,,,
5171,176409,3,NP,0,74,16-Feb-2019,17:41:05,-16.4264,145.7187,,401677478,-129,40,0,16-Feb-2019,17:39:26,-16.4264,145.7187,181,3528,18476,673,15,,,92,183,58,,,,,,,,,,,,,,,,,,,,,,,,,,,,,
5171,176409,3,NP,0,74,16-Feb-2019,17:41:05,-16.4264,145.7187,,401677478,-129,40,0,16-Feb-2019,17:39:42,-16.4264,145.7187,181,3528,18476,673,15,,,99,141,0,,,,,,,,,,,,,,,,,,,,,,,,,,,,,
5171,176409,3,NP,0,74,16-Feb-2019,17:41:05,-16.4264,145.7187,,401677478,-129,40,0,16-Feb-2019,17:41:40,-16.4264,145.7187,181,3528,18476,673,15,,,10,0,16,,,,,,,,,,,,,,,,,,,,,,,,,,,,,
5171,176409,3,NP,0,74,16-Feb-2019,17:41:05,-16.4264,145.7187,,401677478,-129,40,0,16-Feb-2019,17:41:55,-16.4264,145.7187,181,3528,18476,673,15,,,22,110,17,,,,,,,,,,,,,,,,,,,,,,,,,,,,,
5171,176409,3,SR, ,75,17-Feb-2019,20:23:39,,,,401650000,-133,,0,17-Feb-2019,20:23:39,,,,,,,,,,74,109,5,,,,,,,,,,,,,,,,,,,,,,,,,,,,,
5171,176409,3,NN, ,76,17-Feb-2019,21:25:42,,,,401650000,-135,,0,17-Feb-2019,21:25:42,,,,,,,,,,108,142,0,,,,,,,,,,,,,,,,,,,,,,,,,,,,,
5171,176409,3,NN, ,77,17-Feb-2019,23:12:57,,,,401650000,-140,,0,17-Feb-2019,23:12:57,,,,,,,,,,10,0,16,,,,,,,,,,,,,,,,,,,,,,,,,,,,,
5171,176409,3,NP,1,78,20-Feb-2019,20:12:46,-16.3936,145.7085,,401677478,-137,50,0,20-Feb-2019,20:12:03,-16.3936,145.7085,365,738,2023,268,9,,,108,142,0,,,,,,,,,,,,,,,,,,,,,,,,,,,,,
5171,176409,3,NP,1,78,20-Feb-2019,20:12:46,-16.3936,145.7085,,401677478,-137,50,0,20-Feb-2019,20:13:30,-16.3936,145.7085,365,738,2023,268,9,,,108,142,8,,,,,,,,,,,,,,,,,,,,,,,,,,,,,
5171,176409,3,NP,1,78,20-Feb-2019,20:12:46,-16.3936,145.7085,,401677478,-137,50,0,20-Feb-2019,20:16:08,-16.3936,145.7085,365,738,2023,268,9,,,10,0,16,,,,,,,,,,,,,,,,,,,,,,,,,,,,,
5171,176409,3,NP,1,78,20-Feb-2019,20:12:46,-16.3936,145.7085,,401677478,-137,50,0,20-Feb-2019,20:18:08,-16.3936,145.7085,365,738,2023,268,9,,,78,105,5,,,,,,,,,,,,,,,,,,,,,,,,,,,,,
5171,176409,3,NK,3,79,20-Feb-2019,20:18:08,-16.3948,145.7029,,401677477,-133,56,0,20-Feb-2019,20:18:08,-16.3948,145.7029,458,208,282,153,157,,,74,105,5,,,,,,,,,,,,,,,,,,,,,,,,,,,,,
5171,176409,3,NK,3,79,20-Feb-2019,20:18:08,-16.3948,145.7029,,401677477,-133,56,0,20-Feb-2019,20:18:23,-16.3948,145.7029,458,208,282,153,157,,,89,37,61,,,,,,,,,,,,,,,,,,,,,,,,,,,,,
5171,176409,3,NK,3,79,20-Feb-2019,20:18:08,-16.3948,145.7029,,401677477,-133,56,0,20-Feb-2019,20:20:00,-16.3948,145.7029,458,208,282,153,157,,,95,43,61,,,,,,,,,,,,,,,,,,,,,,,,,,,,,
5171,176409,3,NK,3,79,20-Feb-2019,20:18:08,-16.3948,145.7029,,401677477,-133,56,0,20-Feb-2019,20:24:10,-16.3948,145.7029,458,208,282,153,157,,,88,48,61,,,,,,,,,,,,,,,,,,,,,,,,,,,,,
5171,176409,3,NK,3,79,20-Feb-2019,20:18:08,-16.3948,145.7029,,401677477,-133,56,3,20-Feb-2019,20:24:41,-16.3948,145.7029,458,208,282,153,157,,,10,0,16,,,,,,,,,,,,,,,,,,,,,,,,,,,,,
5171,176409,3,NK,3,79,20-Feb-2019,20:18:08,-16.3948,145.7029,,401677477,-133,56,2,20-Feb-2019,20:24:57,-16.3948,145.7029,458,208,282,153,157,,,22,75,24,,,,,,,,,,,,,,,,,,,,,,,,,,,,,
5171,176409,3,NK,3,79,20-Feb-2019,20:18:08,-16.3948,145.7029,,401677477,-133,56,2,20-Feb-2019,20:25:15,-16.3948,145.7029,458,208,282,153,157,,,65,106,5,,,,,,,,,,,,,,,,,,,,,,,,,,,,,
5171,176409,3,NK,3,79,20-Feb-2019,20:18:08,-16.3948,145.7029,,401677477,-133,56,0,20-Feb-2019,20:25:30,-16.3948,145.7029,458,208,282,153,157,,,89,53,61,,,,,,,,,,,,,,,,,,,,,,,,,,,,,
5171,176409,3,NK,3,79,20-Feb-2019,20:18:08,-16.3948,145.7029,,401677477,-133,56,3,20-Feb-2019,20:25:46,-16.3948,145.7029,458,208,282,153,157,,,108,142,0,,,,,,,,,,,,,,,,,,,,,,,,,,,,,
5171,176409,3,SR,0,80,20-Feb-2019,20:24:45,-16.3974,145.7032,,401677479,-127,56,0,20-Feb-2019,20:21:30,-16.3974,145.7032,450,2694,82099,88,76,,,22,75,24,,,,,,,,,,,,,,,,,,,,,,,,,,,,,
5171,176409,3,SR,0,80,20-Feb-2019,20:24:45,-16.3974,145.7032,,401677479,-127,56,0,20-Feb-2019,20:24:10,-16.3974,145.7032,450,2694,82099,88,76,,,88,48,61,,,,,,,,,,,,,,,,,,,,,,,,,,,,,
5171,176409,3,SR,0,80,20-Feb-2019,20:24:45,-16.3974,145.7032,,401677479,-127,56,1,20-Feb-2019,20:25:15,-16.3974,145.7032,450,2694,82099,88,76,,,65,106,5,,,,,,,,,,,,,,,,,,,,,,,,,,,,,
5171,176409,3,SR,0,80,20-Feb-2019,20:24:45,-16.3974,145.7032,,401677479,-127,56,1,20-Feb-2019,20:25:46,-16.3974,145.7032,450,2694,82099,88,76,,,108,142,0,,,,,,,,,,,,,,,,,,,,,,,,,,,,,
5171,176409,3,SR,0,80,20-Feb-2019,20:24:45,-16.3974,145.7032,,401677479,-127,56,0,20-Feb-2019,20:29:00,-16.3974,145.7032,450,2694,82099,88,76,,,78,105,5,,,,,,,,,,,,,,,,,,,,,,,,,,,,,
5171,176409,3,SR,B,81,21-Feb-2019,19:50:29,-16.4013,145.6403,,401677482,-130,,0,21-Feb-2019,19:50:29,-16.4013,145.6403,,14815,18130,12105,128,,,68,107,5,,,,,,,,,,,,,,,,,,,,,,,,,,,,,
5171,176409,3,MA,B,82,21-Feb-2019,22:37:01,-16.4428,145.5993,,401677490,-131,8,0,21-Feb-2019,22:36:53,-16.4428,145.5993,17,11111,30996,3982,135,,,10,0,16,,,,,,,,,,,,,,,,,,,,,,,,,,,,,
5171,176409,3,MA,B,82,21-Feb-2019,22:37:01,-16.4428,145.5993,,401677490,-131,8,0,21-Feb-2019,22:37:10,-16.4428,145.5993,17,11111,30996,3982,135,,,22,75,24,,,,,,,,,,,,,,,,,,,,,,,,,,,,,
5171,176409,31,NP,B,83,22-Feb-2019,06:58:27,-16.4307,145.6617,,401677498,-126,8,0,22-Feb-2019,06:56:21,-16.4307,145.6617,254,3586,51582,249,157,,,32,202,160,0,0,0,0,0,0,0,99,50,103,128,64,16,63,254,255,243,255,255,255,255,255,255,255,243,128,55,201,
5171,176409,3,NP,B,83,22-Feb-2019,06:58:27,-16.4307,145.6617,,401677498,-126,8,0,22-Feb-2019,07:00:35,-16.4307,145.6617,254,3586,51582,249,157,,,67,112,5,,,,,,,,,,,,,,,,,,,,,,,,,,,,,
5171,176409,31,SR,B,84,22-Feb-2019,07:00:35,-16.3964,145.6455,,401677482,-138,6,0,22-Feb-2019,06:56:21,-16.3964,145.6455,254,796,5562,114,170,,,32,202,160,0,0,4,0,0,0,0,0,0,0,255,68,151,202,128,0,0,0,0,0,0,0,0,0,12,255,217,73,
5171,176409,3,SR,B,84,22-Feb-2019,07:00:35,-16.3964,145.6455,,401677482,-138,6,0,22-Feb-2019,07:00:35,-16.3964,145.6455,254,796,5562,114,170,,,71,112,5,,,,,,,,,,,,,,,,,,,,,,,,,,,,,
5171,176409,31,NK,B,85,22-Feb-2019,08:24:35,-16.4076,145.6394,,401677473,-127,8,0,22-Feb-2019,08:24:36,-16.4076,145.6394,,1257,1408,1122,115,,,32,202,160,0,0,0,0,0,0,0,0,0,0,255,68,151,202,128,0,0,0,0,0,0,0,0,0,12,255,217,73,
5171,176409,3,NP, ,86,23-Feb-2019,19:35:47,,,,401650000,-136,,0,23-Feb-2019,19:35:47,,,,,,,,,,22,75,24,,,,,,,,,,,,,,,,,,,,,,,,,,,,,
5171,176409,3,NK, ,87,24-Feb-2019,09:17:31,,,,401650000,-125,,0,24-Feb-2019,09:17:31,,,,,,,,,,22,75,24,,,,,,,,,,,,,,,,,,,,,,,,,,,,,
5171,176409,3,SR, ,88,24-Feb-2019,09:17:31,,,,401650000,-136,,0,24-Feb-2019,09:17:31,,,,,,,,,,22,11,28,,,,,,,,,,,,,,,,,,,,,,,,,,,,,
5171,176409,3,MA, ,89,24-Feb-2019,10:18:08,,,,401650000,-135,,0,24-Feb-2019,10:18:08,,,,,,,,,,108,142,0,,,,,,,,,,,,,,,,,,,,,,,,,,,,,
5171,176409,3,NN, ,90,24-Feb-2019,10:37:00,,,,401650000,-129,,0,24-Feb-2019,10:37:00,,,,,,,,,,83,230,61,,,,,,,,,,,,,,,,,,,,,,,,,,,,,
5171,176409,3,MC, ,91,24-Feb-2019,22:04:21,,,,401650000,-133,,0,24-Feb-2019,22:04:21,,,,,,,,,,10,0,16,,,,,,,,,,,,,,,,,,,,,,,,,,,,,
5171,176409,3,MA, ,92,24-Feb-2019,23:13:41,,,,401650000,-125,,0,24-Feb-2019,23:13:41,,,,,,,,,,22,11,10,,,,,,,,,,,,,,,,,,,,,,,,,,,,,
5171,176409,3,MC,B,93,24-Feb-2019,23:48:42,-16.6051,145.3587,,401650000,-129,,0,24-Feb-2019,23:41:20,-16.6051,145.3587,442,5381,182822,158,65,,,67,47,5,,,,,,,,,,,,,,,,,,,,,,,,,,,,,
5171,176409,3,MC,B,93,24-Feb-2019,23:48:42,-16.6051,145.3587,,401650000,-129,,0,24-Feb-2019,23:48:42,-16.6051,145.3587,442,5381,182822,158,65,,,108,142,0,,,,,,,,,,,,,,,,,,,,,,,,,,,,,
5171,176409,3,SR,B,94,25-Feb-2019,08:40:56,-16.4039,145.7656,,401677486,-131,8,0,25-Feb-2019,08:40:56,-16.4039,145.7656,,4297,7454,2477,71,,,22,75,24,,,,,,,,,,,,,,,,,,,,,,,,,,,,,
5171,176409,3,NN,2,95,25-Feb-2019,10:17:06,-16.4671,145.8042,,401677485,-129,58,0,25-Feb-2019,10:14:31,-16.4671,145.8042,654,379,1171,122,85,,,183,212,249,,,,,,,,,,,,,,,,,,,,,,,,,,,,,
5171,176409,23,NN,2,95,25-Feb-2019,10:17:06,-16.4671,145.8042,,401677485,-129,58,0,25-Feb-2019,10:15:17,-16.4671,145.8042,654,379,1171,122,85,,,71,144,131,220,168,40,123,34,108,168,200,215,22,124,115,28,1,158,146,213,97,243,0,,,,,,,,,
5171,176409,3,NN,2,95,25-Feb-2019,10:17:06,-16.4671,145.8042,,401677485,-129,58,0,25-Feb-2019,10:15:49,-16.4671,145.8042,654,379,1171,122,85,,,20,75,10,,,,,,,,,,,,,,,,,,,,,,,,,,,,,
5171,176409,3,NN,2,95,25-Feb-2019,10:17:06,-16.4671,145.8042,,401677485,-129,58,0,25-Feb-2019,10:16:19,-16.4671,145.8042,654,379,1171,122,85,,,84,61,62,,,,,,,,,,,,,,,,,,,,,,,,,,,,,
5171,176409,3,NN,2,95,25-Feb-2019,10:17:06,-16.4671,145.8042,,401677485,-129,58,1,25-Feb-2019,10:17:19,-16.4671,145.8042,654,379,1171,122,85,,,75,88,5,,,,,,,,,,,,,,,,,,,,,,,,,,,,,
5171,176409,3,NN,2,95,25-Feb-2019,10:17:06,-16.4671,145.8042,,401677485,-129,58,0,25-Feb-2019,10:18:35,-16.4671,145.8042,654,379,1171,122,85,,,77,86,5,,,,,,,,,,,,,,,,,,,,,,,,,,,,,
5171,176409,3,NN,2,95,25-Feb-2019,10:17:06,-16.4671,145.8042,,401677485,-129,58,0,25-Feb-2019,10:18:50,-16.4671,145.8042,654,379,1171,122,85,,,85,71,62,,,,,,,,,,,,,,,,,,,,,,,,,,,,,
5171,176409,3,NN,2,95,25-Feb-2019,10:17:06,-16.4671,145.8042,,401677485,-129,58,0,25-Feb-2019,10:19:50,-16.4671,145.8042,654,379,1171,122,85,,,71,84,5,,,,,,,,,,,,,,,,,,,,,,,,,,,,,
5171,176409,3,NN,2,95,25-Feb-2019,10:17:06,-16.4671,145.8042,,401677485,-129,58,0,25-Feb-2019,10:20:06,-16.4671,145.8042,654,379,1171,122,85,,,82,76,62,,,,,,,,,,,,,,,,,,,,,,,,,,,,,
5171,176409,3,NN,2,95,25-Feb-2019,10:17:06,-16.4671,145.8042,,401677485,-129,58,4,25-Feb-2019,10:20:21,-16.4671,145.8042,654,379,1171,122,85,,,108,142,0,,,,,,,,,,,,,,,,,,,,,,,,,,,,,
5171,176409,3,NN,2,95,25-Feb-2019,10:17:06,-16.4671,145.8042,,401677485,-129,58,3,25-Feb-2019,10:20:38,-16.4671,145.8042,654,379,1171,122,85,,,10,0,16,,,,,,,,,,,,,,,,,,,,,,,,,,,,,
5171,176409,3,NN,2,95,25-Feb-2019,10:17:06,-16.4671,145.8042,,401677485,-129,58,3,25-Feb-2019,10:25:25,-16.4671,145.8042,654,379,1171,122,85,,,22,75,24,,,,,,,,,,,,,,,,,,,,,,,,,,,,,
5171,176409,31,NK,B,96,26-Feb-2019,08:30:17,-16.6217,145.9165,,401677532,-137,,0,26-Feb-2019,08:30:17,-16.6217,145.9165,,21678,29232,16074,34,,,32,203,32,0,0,0,0,0,0,0,0,8,255,232,1,248,203,0,0,0,0,0,0,0,1,141,178,241,204,132,166,
5171,176409,3,NK, ,97,27-Feb-2019,20:50:03,,,,401650000,-126,,0,27-Feb-2019,20:50:03,,,,,,,,,,10,0,16,,,,,,,,,,,,,,,,,,,,,,,,,,,,,
5171,176409,3,NK, ,98,28-Feb-2019,20:20:00,,,,401650000,-129,,0,28-Feb-2019,20:20:00,,,,,,,,,,89,186,62,,,,,,,,,,,,,,,,,,,,,,,,,,,,,
5171,176409,3,MC, ,99,28-Feb-2019,22:23:32,,,,401650000,-132,,0,28-Feb-2019,22:23:32,,,,,,,,,,79,92,5,,,,,,,,,,,,,,,,,,,,,,,,,,,,,
5171,176409,3,NP, ,100,01-Mar-2019,05:37:45,,,,401650000,-136,,0,01-Mar-2019,05:37:45,,,,,,,,,,10,0,16,,,,,,,,,,,,,,,,,,,,,,,,,,,,,
5171,176409,3,MC, ,101,01-Mar-2019,22:03:06,,,,401650000,-132,,0,01-Mar-2019,22:03:06,,,,,,,,,,108,142,0,,,,,,,,,,,,,,,,,,,,,,,,,,,,,
5171,176409,3,NN, ,102,01-Mar-2019,22:30:20,,,,401650000,-132,,0,01-Mar-2019,22:30:20,,,,,,,,,,10,0,16,,,,,,,,,,,,,,,,,,,,,,,,,,,,,
5171,176409,3,MA, ,103,03-Mar-2019,11:15:03,,,,401650000,-125,,0,03-Mar-2019,11:15:03,,,,,,,,,,22,75,24,,,,,,,,,,,,,,,,,,,,,,,,,,,,,
5171,176409,3,SR,B,104,04-Mar-2019,19:11:38,-16.4705,145.7645,,401677513,-136,,0,04-Mar-2019,19:11:21,-16.4705,145.7645,36,18093,96896,3378,9,,,99,141,0,,,,,,,,,,,,,,,,,,,,,,,,,,,,,
5171,176409,3,SR,B,104,04-Mar-2019,19:11:38,-16.4705,145.7645,,401677513,-136,,0,04-Mar-2019,19:11:57,-16.4705,145.7645,36,18093,96896,3378,9,,,10,0,16,,,,,,,,,,,,,,,,,,,,,,,,,,,,,
5171,176409,31,NK,B,105,04-Mar-2019,20:27:30,-16.4496,145.7784,,401677492,-135,8,0,04-Mar-2019,20:27:31,-16.4496,145.7784,,2348,3814,1445,4,,,32,204,96,0,0,0,0,0,0,0,0,0,23,255,42,116,204,64,0,0,0,0,0,0,0,0,28,172,255,64,213,
5171,176409,3,MC,B,106,05-Mar-2019,00:18:07,-16.4509,145.8078,,401677491,-122,8,0,05-Mar-2019,00:18:07,-16.4509,145.8078,,2789,3771,2061,140,,,79,92,5,,,,,,,,,,,,,,,,,,,,,,,,,,,,,
5171,176409,3,SR,B,107,07-Mar-2019,06:52:53,-16.4153,145.7526,,401677487,-135,,0,07-Mar-2019,06:52:41,-16.4153,145.7526,25,2549,6539,993,173,,,22,75,24,,,,,,,,,,,,,,,,,,,,,,,,,,,,,
5171,176409,3,SR,B,107,07-Mar-2019,06:52:53,-16.4153,145.7526,,401677487,-135,,0,07-Mar-2019,06:53:06,-16.4153,145.7526,25,2549,6539,993,173,,,68,123,5,,,,,,,,,,,,,,,,,,,,,,,,,,,,,
5171,176409,31,NP,B,108,07-Mar-2019,07:46:06,-16.4596,145.7705,,401677461,-131,8,0,07-Mar-2019,07:46:06,-16.4596,145.7705,,1634,1981,1347,55,,,32,204,160,0,0,0,0,0,0,0,0,0,7,255,0,10,204,128,0,0,0,0,0,0,0,0,34,91,255,0,200,
5171,176409,3,MB,B,109,07-Mar-2019,12:40:20,-16.5082,145.7834,,401677493,-136,8,0,07-Mar-2019,12:40:21,-16.5082,145.7834,,2733,3202,2332,47,,,22,75,24,,,,,,,,,,,,,,,,,,,,,,,,,,,,,
5171,176409,3,NP,B,110,07-Mar-2019,19:05:42,-16.5407,145.7909,,401677456,-138,8,0,07-Mar-2019,19:05:43,-16.5407,145.7909,,3545,4795,2620,45,,,64,79,5,,,,,,,,,,,,,,,,,,,,,,,,,,,,,
5171,176409,3,NP,1,111,08-Mar-2019,07:30:59,-16.4481,145.8215,,401677474,-126,50,0,08-Mar-2019,07:30:08,-16.4481,145.8215,355,790,4998,124,69,,,108,142,0,,,,,,,,,,,,,,,,,,,,,,,,,,,,,
5171,176409,3,NP,1,111,08-Mar-2019,07:30:59,-16.4481,145.8215,,401677474,-126,50,0,08-Mar-2019,07:31:10,-16.4481,145.8215,355,790,4998,124,69,,,81,152,64,,,,,,,,,,,,,,,,,,,,,,,,,,,,,
5171,176409,3,NP,1,111,08-Mar-2019,07:30:59,-16.4481,145.8215,,401677474,-126,50,0,08-Mar-2019,07:31:26,-16.4481,145.8215,355,790,4998,124,69,,,108,14,0,,,,,,,,,,,,,,,,,,,,,,,,,,,,,
5171,176409,3,NP,1,111,08-Mar-2019,07:30:59,-16.4481,145.8215,,401677474,-126,50,1,08-Mar-2019,07:32:05,-16.4481,145.8215,355,790,4998,124,69,,,22,75,24,,,,,,,,,,,,,,,,,,,,,,,,,,,,,
5171,176409,3,NP,1,111,08-Mar-2019,07:30:59,-16.4481,145.8215,,401677474,-126,50,0,08-Mar-2019,07:32:52,-16.4481,145.8215,355,790,4998,124,69,,,79,124,5,,,,,,,,,,,,,,,,,,,,,,,,,,,,,
5171,176409,3,NP,1,111,08-Mar-2019,07:30:59,-16.4481,145.8215,,401677474,-126,50,0,08-Mar-2019,07:33:07,-16.4481,145.8215,355,790,4998,124,69,,,80,157,64,,,,,,,,,,,,,,,,,,,,,,,,,,,,,
5171,176409,3,NP,1,111,08-Mar-2019,07:30:59,-16.4481,145.8215,,401677474,-126,50,0,08-Mar-2019,07:33:38,-16.4481,145.8215,355,790,4998,124,69,,,10,34,50,,,,,,,,,,,,,,,,,,,,,,,,,,,,,
5171,176409,3,NP,1,111,08-Mar-2019,07:30:59,-16.4481,145.8215,,401677474,-126,50,0,08-Mar-2019,07:35:14,-16.4481,145.8215,355,790,4998,124,69,,,83,162,64,,,,,,,,,,,,,,,,,,,,,,,,,,,,,
5171,176409,3,NP,1,111,08-Mar-2019,07:30:59,-16.4481,145.8215,,401677474,-126,50,1,08-Mar-2019,07:36:03,-16.4481,145.8215,355,790,4998,124,69,,,10,0,16,,,,,,,,,,,,,,,,,,,,,,,,,,,,,
5171,176409,3,NK, ,112,09-Mar-2019,08:53:25,,,,401650000,-133,,0,09-Mar-2019,08:53:25,,,,,,,,,,108,138,4,,,,,,,,,,,,,,,,,,,,,,,,,,,,,
5171,176409,31,MA, ,113,09-Mar-2019,22:03:37,,,,401650000,-127,,0,09-Mar-2019,22:03:37,,,,,,,,,,32,204,224,0,0,0,0,0,0,0,0,0,43,255,16,56,204,192,0,0,0,0,0,0,0,0,0,14,255,35,220,
5171,176409,3,MB, ,114,09-Mar-2019,23:09:51,,,,401650000,-133,,0,09-Mar-2019,23:09:51,,,,,,,,,,10,0,16,,,,,,,,,,,,,,,,,,,,,,,,,,,,,
5171,176409,3,NP, ,115,10-Mar-2019,05:32:08,,,,401650000,-140,,0,10-Mar-2019,05:32:08,,,,,,,,,,232,142,0,,,,,,,,,,,,,,,,,,,,,,,,,,,,,
5171,176409,3,NK, ,116,10-Mar-2019,08:21:09,,,,401650000,-131,,0,10-Mar-2019,08:21:09,,,,,,,,,,91,63,55,,,,,,,,,,,,,,,,,,,,,,,,,,,,,
5171,176409,3,NK, ,117,11-Mar-2019,07:55:52,,,,401650000,-140,,0,11-Mar-2019,07:55:52,,,,,,,,,,10,0,16,,,,,,,,,,,,,,,,,,,,,,,,,,,,,
5171,176409,23,SR,1,118,11-Mar-2019,08:05:14,-16.3965,145.7054,,401677470,-121,50,0,11-Mar-2019,08:02:00,-16.3965,145.7054,429,797,6822,93,100,,,78,208,131,220,168,40,123,34,101,159,176,83,212,130,179,28,3,168,123,216,65,255,192,,,,,,,,,
5171,176409,3,SR,1,118,11-Mar-2019,08:05:14,-16.3965,145.7054,,401677470,-121,50,0,11-Mar-2019,08:03:17,-16.3965,145.7054,429,797,6822,93,100,,,66,132,5,,,,,,,,,,,,,,,,,,,,,,,,,,,,,
5171,176409,3,SR,1,118,11-Mar-2019,08:05:14,-16.3965,145.7054,,401677470,-121,50,1,11-Mar-2019,08:03:54,-16.3965,145.7054,429,797,6822,93,100,,,108,142,0,,,,,,,,,,,,,,,,,,,,,,,,,,,,,
5171,176409,3,SR,1,118,11-Mar-2019,08:05:14,-16.3965,145.7054,,401677470,-121,50,1,11-Mar-2019,08:04:09,-16.3965,145.7054,429,797,6822,93,100,,,10,0,16,,,,,,,,,,,,,,,,,,,,,,,,,,,,,
5171,176409,3,SR,1,118,11-Mar-2019,08:05:14,-16.3965,145.7054,,401677470,-121,50,0,11-Mar-2019,08:04:32,-16.3965,145.7054,429,797,6822,93,100,,,22,107,24,,,,,,,,,,,,,,,,,,,,,,,,,,,,,
5171,176409,3,SR,1,118,11-Mar-2019,08:05:14,-16.3965,145.7054,,401677470,-121,50,0,11-Mar-2019,08:05:10,-16.3965,145.7054,429,797,6822,93,100,,,80,99,65,,,,,,,,,,,,,,,,,,,,,,,,,,,,,
5171,176409,3,SR,1,118,11-Mar-2019,08:05:14,-16.3965,145.7054,,401677470,-121,50,0,11-Mar-2019,08:05:25,-16.3965,145.7054,429,797,6822,93,100,,,99,141,3,,,,,,,,,,,,,,,,,,,,,,,,,,,,,
5171,176409,3,SR,1,118,11-Mar-2019,08:05:14,-16.3965,145.7054,,401677470,-121,50,0,11-Mar-2019,08:06:23,-16.3965,145.7054,429,797,6822,93,100,,,76,134,5,,,,,,,,,,,,,,,,,,,,,,,,,,,,,
5171,176409,3,SR,1,118,11-Mar-2019,08:05:14,-16.3965,145.7054,,401677470,-121,50,0,11-Mar-2019,08:09:09,-16.3965,145.7054,429,797,6822,93,100,,,99,141,0,,,,,,,,,,,,,,,,,,,,,,,,,,,,,
5171,176409,3,NP,B,119,11-Mar-2019,08:43:55,-16.3989,145.7073,,401677471,-138,8,0,11-Mar-2019,08:43:56,-16.3989,145.7073,,3950,4363,3575,92,,,22,75,24,,,,,,,,,,,,,,,,,,,,,,,,,,,,,
5171,176409,3,MC,B,120,11-Mar-2019,23:33:26,-16.4102,145.7043,,401677474,-124,,0,11-Mar-2019,23:33:26,-16.4102,145.7043,,15615,24037,10143,98,,,108,142,0,,,,,,,,,,,,,,,,,,,,,,,,,,,,,
5171,176409,3,SR,1,121,12-Mar-2019,09:15:32,-16.4232,145.7144,,401677460,-130,58,0,12-Mar-2019,09:14:31,-16.4232,145.7144,140,1181,5157,270,23,,,66,132,5,,,,,,,,,,,,,,,,,,,,,,,,,,,,,
5171,176409,3,SR,1,121,12-Mar-2019,09:15:32,-16.4232,145.7144,,401677460,-130,58,0,12-Mar-2019,09:15:15,-16.4232,145.7144,140,1181,5157,270,23,,,88,170,65,,,,,,,,,,,,,,,,,,,,,,,,,,,,,
5171,176409,3,SR,1,121,12-Mar-2019,09:15:32,-16.4232,145.7144,,401677460,-130,58,0,12-Mar-2019,09:15:32,-16.4232,145.7144,140,1181,5157,270,23,,,99,141,0,,,,,,,,,,,,,,,,,,,,,,,,,,,,,
5171,176409,3,SR,1,121,12-Mar-2019,09:15:32,-16.4232,145.7144,,401677460,-130,58,0,12-Mar-2019,09:16:51,-16.4232,145.7144,140,1181,5157,270,23,,,10,0,16,,,,,,,,,,,,,,,,,,,,,,,,,,,,,
5171,176409,3,NK,A,122,12-Mar-2019,09:15:38,-16.4104,145.7188,,401677468,-125,6,0,12-Mar-2019,09:14:31,-16.4104,145.7188,140,243,1349,43,79,,,66,132,5,,,,,,,,,,,,,,,,,,,,,,,,,,,,,
5171,176409,3,NK,A,122,12-Mar-2019,09:15:38,-16.4104,145.7188,,401677468,-125,6,0,12-Mar-2019,09:15:32,-16.4104,145.7188,140,243,1349,43,79,,,99,141,0,,,,,,,,,,,,,,,,,,,,,,,,,,,,,
5171,176409,3,NK,A,122,12-Mar-2019,09:15:38,-16.4104,145.7188,,401677468,-125,6,0,12-Mar-2019,09:16:51,-16.4104,145.7188,140,243,1349,43,79,,,10,0,16,,,,,,,,,,,,,,,,,,,,,,,,,,,,,
5171,176409,3,NK, ,123,14-Mar-2019,08:24:54,,,,401650000,-133,,0,14-Mar-2019,08:24:54,,,,,,,,,,89,224,65,,,,,,,,,,,,,,,,,,,,,,,,,,,,,
5171,176409,31,SR,A,124,15-Mar-2019,07:44:51,-16.4042,145.6987,,401677451,-129,,0,15-Mar-2019,07:43:17,-16.4042,145.6987,103,921,13590,62,81,,,32,205,160,0,0,0,0,0,0,0,0,0,0,255,130,126,205,160,0,0,0,0,0,0,0,0,0,0,255,109,3,
5171,176409,3,SR,A,124,15-Mar-2019,07:44:51,-16.4042,145.6987,,401677451,-129,,0,15-Mar-2019,07:44:44,-16.4042,145.6987,103,921,13590,62,81,,,84,249,65,,,,,,,,,,,,,,,,,,,,,,,,,,,,,
5171,176409,3,SR,A,124,15-Mar-2019,07:44:51,-16.4042,145.6987,,401677451,-129,,0,15-Mar-2019,07:45:00,-16.4042,145.6987,103,921,13590,62,81,,,105,143,0,,,,,,,,,,,,,,,,,,,,,,,,,,,,,
5171,176409,3,SR,B,125,16-Mar-2019,07:11:53,-16.4444,145.7245,,401677451,-136,,0,16-Mar-2019,07:11:54,-16.4444,145.7245,,4355,11471,1653,98,,,105,143,0,,,,,,,,,,,,,,,,,,,,,,,,,,,,,
5171,176409,31,MC,B,126,16-Mar-2019,12:27:16,-16.4315,145.7302,,401677468,-123,8,0,16-Mar-2019,12:27:17,-16.4315,145.7302,,4563,12742,1633,105,,,32,205,224,0,0,1,0,8,0,26,34,8,0,255,118,68,205,68,22,69,167,148,193,111,221,235,127,255,112,0,57,
5171,176409,3,SR,B,127,16-Mar-2019,19:38:10,-16.4224,145.7239,,401677470,-131,8,0,16-Mar-2019,19:38:11,-16.4224,145.7239,,3627,8736,1506,70,,,10,0,16,,,,,,,,,,,,,,,,,,,,,,,,,,,,,
5171,176409,3,NP,B,128,17-Mar-2019,05:51:59,-16.4340,145.7317,,401677465,-137,8,0,17-Mar-2019,05:51:59,-16.4340,145.7317,,4674,8152,2679,78,,,108,142,0,,,,,,,,,,,,,,,,,,,,,,,,,,,,,
5171,176409,3,SR,B,129,17-Mar-2019,06:45:26,-16.4211,145.7400,,401677457,-138,8,0,17-Mar-2019,06:45:26,-16.4211,145.7400,,3790,10094,1423,102,,,10,0,16,,,,,,,,,,,,,,,,,,,,,,,,,,,,,
5171,176409,3,SR,B,130,17-Mar-2019,08:23:26,-16.4160,145.7548,,401677459,-132,8,0,17-Mar-2019,08:23:27,-16.4160,145.7548,,2748,3785,1995,92,,,108,142,0,,,,,,,,,,,,,,,,,,,,,,,,,,,,,
5171,176409,3,SR,B,131,17-Mar-2019,20:44:13,-16.3717,145.7064,,401677474,-127,,0,17-Mar-2019,20:44:13,-16.3717,145.7064,,3543,9515,1319,56,,,92,110,66,,,,,,,,,,,,,,,,,,,,,,,,,,,,,
5171,176409,31,MA,B,132,18-Mar-2019,00:15:05,-16.3678,145.7263,,401677480,-124,8,0,18-Mar-2019,00:15:05,-16.3678,145.7263,,4422,17306,1130,70,,,32,206,41,84,0,117,230,194,119,30,48,188,123,209,166,150,229,200,223,126,143,157,205,211,17,214,96,28,47,90,14,
5171,176409,3,NN,B,133,18-Mar-2019,22:33:26,-16.3257,145.8030,,401677490,-130,,0,18-Mar-2019,22:33:26,-16.3257,145.8030,,6662,10463,4241,72,,,22,75,24,,,,,,,,,,,,,,,,,,,,,,,,,,,,,
5171,176409,3,NP,B,134,21-Mar-2019,06:46:08,-16.3812,145.7299,,401677479,-130,,0,21-Mar-2019,06:44:49,-16.3812,145.7299,160,1531,23271,100,178,,,75,39,5,,,,,,,,,,,,,,,,,,,,,,,,,,,,,
5171,176409,3,NP,B,134,21-Mar-2019,06:46:08,-16.3812,145.7299,,401677479,-130,,0,21-Mar-2019,06:47:29,-16.3812,145.7299,160,1531,23271,100,178,,,95,207,66,,,,,,,,,,,,,,,,,,,,,,,,,,,,,
5171,176409,3,NK,B,135,21-Mar-2019,10:32:50,-16.3629,145.7371,,401677469,-135,8,0,21-Mar-2019,10:32:50,-16.3629,145.7371,,2699,4093,1780,2,,,10,0,16,,,,,,,,,,,,,,,,,,,,,,,,,,,,,
5171,176409,23,MA,B,136,22-Mar-2019,12:59:49,-16.3237,145.8150,,401677465,-128,,0,22-Mar-2019,12:59:41,-16.3237,145.8150,17,3099,5148,1865,98,,,86,240,223,189,132,224,126,249,217,239,55,176,73,167,207,33,195,243,215,65,25,130,12,,,,,,,,,
5171,176409,3,MA,B,136,22-Mar-2019,12:59:49,-16.3237,145.8150,,401677465,-128,,0,22-Mar-2019,12:59:58,-16.3237,145.8150,17,3099,5148,1865,98,,,106,188,30,,,,,,,,,,,,,,,,,,,,,,,,,,,,,
5171,176409,3,SR,B,137,23-Mar-2019,08:34:06,-16.4076,145.8394,,401677483,-123,,0,23-Mar-2019,08:34:07,-16.4076,145.8394,,4233,13941,1285,79,,,108,142,0,,,,,,,,,,,,,,,,,,,,,,,,,,,,,
5171,176409,3,NK,B,138,23-Mar-2019,20:47:49,-16.4428,145.7937,,401677474,-127,,0,23-Mar-2019,20:47:00,-16.4428,145.7937,100,3466,79813,150,120,,,108,142,0,,,,,,,,,,,,,,,,,,,,,,,,,,,,,
5171,176409,3,NK,B,138,23-Mar-2019,20:47:49,-16.4428,145.7937,,401677474,-127,,0,23-Mar-2019,20:48:40,-16.4428,145.7937,100,3466,79813,150,120,,,10,0,16,,,,,,,,,,,,,,,,,,,,,,,,,,,,,
5171,176409,3,NP,B,139,24-Mar-2019,06:10:01,-16.4636,145.8112,,401677474,-138,8,0,24-Mar-2019,06:10:01,-16.4636,145.8112,,4136,11154,1533,106,,,80,15,36,,,,,,,,,,,,,,,,,,,,,,,,,,,,,
5171,176409,3,SR,B,140,24-Mar-2019,08:05:06,-16.4505,145.8047,,401677461,-131,8,0,24-Mar-2019,08:05:06,-16.4505,145.8047,,4104,12459,1351,101,,,22,75,24,,,,,,,,,,,,,,,,,,,,,,,,,,,,,
5171,176409,3,NK,B,141,24-Mar-2019,09:17:58,-16.4475,145.8026,,401677463,-129,8,0,24-Mar-2019,09:17:58,-16.4475,145.8026,,4195,11310,1556,100,,,72,119,5,,,,,,,,,,,,,,,,,,,,,,,,,,,,,
5171,176409,3,NK,A,142,25-Mar-2019,21:35:58,-16.4263,145.7312,,401677471,-128,,0,25-Mar-2019,21:34:38,-16.4263,145.7312,154,451,2931,69,117,,,108,142,0,,,,,,,,,,,,,,,,,,,,,,,,,,,,,
5171,176409,3,NK,A,142,25-Mar-2019,21:35:58,-16.4263,145.7312,,401677471,-128,,0,25-Mar-2019,21:36:07,-16.4263,145.7312,154,451,2931,69,117,,,22,75,24,,,,,,,,,,,,,,,,,,,,,,,,,,,,,
5171,176409,3,NK,A,142,25-Mar-2019,21:35:58,-16.4263,145.7312,,401677471,-128,,0,25-Mar-2019,21:37:12,-16.4263,145.7312,154,451,2931,69,117,,,65,90,5,,,,,,,,,,,,,,,,,,,,,,,,,,,,,
5171,176409,3,SR,B,143,25-Mar-2019,21:37:11,-16.4266,145.7318,,401677467,-137,6,0,25-Mar-2019,21:37:12,-16.4266,145.7318,,462,1613,132,117,,,65,122,5,,,,,,,,,,,,,,,,,,,,,,,,,,,,,
5171,176409,3,MC, ,144,26-Mar-2019,21:47:03,,,,401650000,-132,,0,26-Mar-2019,21:47:03,,,,,,,,,,105,143,0,,,,,,,,,,,,,,,,,,,,,,,,,,,,,
5171,176409,3,NP,B,145,28-Mar-2019,08:42:54,-16.3918,145.7964,,401677455,-136,,0,28-Mar-2019,08:42:45,-16.3918,145.7964,19,3651,7135,1867,85,,,108,142,0,,,,,,,,,,,,,,,,,,,,,,,,,,,,,
5171,176409,3,NP,B,145,28-Mar-2019,08:42:54,-16.3918,145.7964,,401677455,-136,,0,28-Mar-2019,08:43:04,-16.3918,145.7964,19,3651,7135,1867,85,,,10,0,16,,,,,,,,,,,,,,,,,,,,,,,,,,,,,
5171,176409,3,MC, ,146,30-Mar-2019,12:32:02,,,,401650000,-124,,0,30-Mar-2019,12:32:02,,,,,,,,,,10,0,16,,,,,,,,,,,,,,,,,,,,,,,,,,,,,
5171,176409,31,MC, ,147,30-Mar-2019,22:00:51,,,,401650000,-134,,0,30-Mar-2019,22:00:51,,,,,,,,,,77,144,131,28,40,1,109,224,94,247,3,155,168,40,184,121,99,80,132,180,101,204,199,131,3,221,17,42,189,233,56,
5171,176409,3,NP,B,148,01-Apr-2019,07:55:43,-16.4165,145.8292,,401677463,-135,,0,01-Apr-2019,07:55:13,-16.4165,145.8292,60,6253,112913,346,60,,,10,0,16,,,,,,,,,,,,,,,,,,,,,,,,,,,,,
5171,176409,3,NP,B,148,01-Apr-2019,07:55:43,-16.4165,145.8292,,401677463,-135,,0,01-Apr-2019,07:56:13,-16.4165,145.8292,60,6253,112913,346,60,,,22,75,24,,,,,,,,,,,,,,,,,,,,,,,,,,,,,
5171,176409,3,SR,B,149,01-Apr-2019,08:49:12,-16.4567,145.7585,,401677458,-131,8,0,01-Apr-2019,08:49:12,-16.4567,145.7585,342,1842,22099,153,9,,,83,136,84,,,,,,,,,,,,,,,,,,,,,,,,,,,,,
5171,176409,3,SR,B,149,01-Apr-2019,08:49:12,-16.4567,145.7585,,401677458,-131,8,0,01-Apr-2019,08:54:54,-16.4567,145.7585,342,1842,22099,153,9,,,79,92,5,,,,,,,,,,,,,,,,,,,,,,,,,,,,,
5171,176409,3,NP,B,150,02-Apr-2019,07:49:24,-16.4605,145.3628,,401677506,-125,,0,02-Apr-2019,07:49:25,-16.4605,145.3628,,7685,18306,3226,90,,,10,0,16,,,,,,,,,,,,,,,,,,,,,,,,,,,,,
5171,176409,3,SR,A,151,02-Apr-2019,08:23:08,-16.4592,145.7824,,401677460,-128,60,0,02-Apr-2019,08:20:43,-14.6461,137.4036,227,193,980,38,102,,,22,75,24,,,,,,,,,,,,,,,,,,,,,,,,,,,,,
5171,176409,3,SR,A,151,02-Apr-2019,08:23:08,-16.4592,145.7824,,401677460,-128,60,0,02-Apr-2019,08:24:12,-14.6461,137.4036,227,193,980,38,102,,,66,85,5,,,,,,,,,,,,,,,,,,,,,,,,,,,,,
5171,176409,3,SR,A,151,02-Apr-2019,08:23:08,-16.4592,145.7824,,401677460,-128,60,0,02-Apr-2019,08:24:30,-14.6461,137.4036,227,193,980,38,102,,,81,196,69,,,,,,,,,,,,,,,,,,,,,,,,,,,,,
5171,176409,23,NP,A,152,06-Apr-2019,07:01:16,-16.4585,145.7289,,401677525,-122,,0,06-Apr-2019,07:00:55,-16.4585,145.7289,47,617,1447,263,178,,,82,208,131,220,168,40,123,34,99,27,150,26,146,149,15,22,1,138,117,212,209,232,128,,,,,,,,,
5171,176409,3,NP,A,152,06-Apr-2019,07:01:16,-16.4585,145.7289,,401677525,-122,,0,06-Apr-2019,07:01:11,-16.4585,145.7289,47,617,1447,263,178,,,109,186,166,,,,,,,,,,,,,,,,,,,,,,,,,,,,,
5171,176409,3,NP,A,152,06-Apr-2019,07:01:16,-16.4585,145.7289,,401677525,-122,,0,06-Apr-2019,07:01:42,-16.4585,145.7289,47,617,1447,263,178,,,22,75,24,,,,,,,,,,,,,,,,,,,,,,,,,,,,,
5171,176409,3,NP,B,153,07-Apr-2019,06:45:46,-16.4652,145.6867,,401677489,-134,,0,07-Apr-2019,06:45:38,-16.4652,145.6867,17,6791,19635,2348,104,,,65,74,5,,,,,,,,,,,,,,,,,,,,,,,,,,,,,
5171,176409,3,NP,B,153,07-Apr-2019,06:45:46,-16.4652,145.6867,,401677489,-134,,0,07-Apr-2019,06:45:55,-16.4652,145.6867,17,6791,19635,2348,104,,,64,46,120,,,,,,,,,,,,,,,,,,,,,,,,,,,,,
5171,176409,3,SR,B,154,07-Apr-2019,07:29:27,-16.4443,145.7937,,401677484,-136,8,0,07-Apr-2019,07:27:57,-16.4443,145.7937,180,4535,101265,203,124,,,22,75,24,,,,,,,,,,,,,,,,,,,,,,,,,,,,,
5171,176409,3,SR,B,154,07-Apr-2019,07:29:27,-16.4443,145.7937,,401677484,-136,8,0,07-Apr-2019,07:30:57,-16.4443,145.7937,180,4535,101265,203,124,,,92,232,74,,,,,,,,,,,,,,,,,,,,,,,,,,,,,
5171,176409,3,NP,B,155,08-Apr-2019,06:35:37,-16.3270,146.3354,,401677334,-132,,0,08-Apr-2019,06:35:20,-16.3270,146.3354,34,7133,64158,793,85,,,84,14,75,,,,,,,,,,,,,,,,,,,,,,,,,,,,,
5171,176409,3,NP,B,155,08-Apr-2019,06:35:37,-16.3270,146.3354,,401677334,-132,,0,08-Apr-2019,06:35:54,-16.3270,146.3354,34,7133,64158,793,85,,,108,142,0,,,,,,,,,,,,,,,,,,,,,,,,,,,,,
5171,176409,3,NP,B,156,09-Apr-2019,06:23:14,-16.3268,146.3724,,401677350,-135,,0,09-Apr-2019,06:21:50,-16.3268,146.3724,169,8533,341221,213,84,,,75,88,5,,,,,,,,,,,,,,,,,,,,,,,,,,,,,
5171,176409,3,NP,B,156,09-Apr-2019,06:23:14,-16.3268,146.3724,,401677350,-135,,0,09-Apr-2019,06:24:39,-16.3268,146.3724,169,8533,341221,213,84,,,25,88,107,,,,,,,,,,,,,,,,,,,,,,,,,,,,,
5171,176409,3,SR,B,157,09-Apr-2019,07:57:50,-16.3662,145.9102,,401677471,-133,5,0,09-Apr-2019,07:57:50,-16.3662,145.9102,298,8368,41085,1704,85,,,80,132,75,,,,,,,,,,,,,,,,,,,,,,,,,,,,,
5171,176409,3,SR,B,157,09-Apr-2019,07:57:50,-16.3662,145.9102,,401677471,-133,5,0,09-Apr-2019,08:02:48,-16.3662,145.9102,298,8368,41085,1704,85,,,108,142,0,,,,,,,,,,,,,,,,,,,,,,,,,,,,,
5171,176409,3,NP,Z,158,09-Apr-2019,08:02:48,-16.3740,145.7282,,401677471,-132,5,0,09-Apr-2019,08:02:49,-16.3740,145.7282,,5031,12837,1971,80,,,108,142,0,,,,,,,,,,,,,,,,,,,,,,,,,,,,,
5171,176409,3,NP, ,159,10-Apr-2019,07:55:47,,,,401650000,-129,,0,10-Apr-2019,07:55:47,,,,,,,,,,90,201,75,,,,,,,,,,,,,,,,,,,,,,,,,,,,,
5171,176409,31,MC, ,160,13-Apr-2019,00:19:43,,,,401650000,-132,,0,13-Apr-2019,00:19:43,,,,,,,,,,32,209,128,0,0,0,0,0,0,3,130,144,255,100,27,197,252,70,184,230,126,10,63,246,253,94,121,86,228,56,84,
5171,176409,3,NP, ,161,13-Apr-2019,07:20:32,,,,401650000,-126,,0,13-Apr-2019,07:20:32,,,,,,,,,,73,66,5,,,,,,,,,,,,,,,,,,,,,,,,,,,,,
5171,176409,3,MA, ,162,13-Apr-2019,12:03:56,,,,401650000,-122,,0,13-Apr-2019,12:03:56,,,,,,,,,,22,75,24,,,,,,,,,,,,,,,,,,,,,,,,,,,,,
5171,176409,3,MC,B,163,13-Apr-2019,12:43:01,-16.4035,145.7908,,401677471,-121,,0,13-Apr-2019,12:41:46,-16.4035,145.7908,151,2672,87381,81,99,,,69,42,173,,,,,,,,,,,,,,,,,,,,,,,,,,,,,
5171,176409,31,MC,B,163,13-Apr-2019,12:43:01,-16.4035,145.7908,,401677471,-121,,0,13-Apr-2019,12:44:17,-16.4035,145.7908,151,2672,87381,81,99,,,32,209,128,0,0,0,0,0,0,0,0,0,255,70,0,4,209,96,0,0,0,0,0,0,7,161,10,111,240,254,249,
5171,176409,3,NP, ,164,17-Apr-2019,08:12:05,,,,401650000,-132,,0,17-Apr-2019,08:12:05,,,,,,,,,,91,46,78,,,,,,,,,,,,,,,,,,,,,,,,,,,,,
5171,176409,3,SR, ,165,17-Apr-2019,08:50:52,,,,401650000,-130,,0,17-Apr-2019,08:50:52,,,,,,,,,,2,0,48,,,,,,,,,,,,,,,,,,,,,,,,,,,,,
5171,176409,3,NP, ,166,18-Apr-2019,07:59:24,,,,401650000,-137,,0,18-Apr-2019,07:59:24,,,,,,,,,,85,204,152,,,,,,,,,,,,,,,,,,,,,,,,,,,,,
5171,176409,3,SR,B,167,18-Apr-2019,08:19:00,-16.4330,145.7656,,401677471,-127,,0,18-Apr-2019,08:16:51,-16.4330,145.7656,130,8186,453090,147,123,,,66,58,5,,,,,,,,,,,,,,,,,,,,,,,,,,,,,
5171,176409,3,SR,B,167,18-Apr-2019,08:19:00,-16.4330,145.7656,,401677471,-127,,0,18-Apr-2019,08:19:01,-16.4330,145.7656,130,8186,453090,147,123,,,90,100,78,,,,,,,,,,,,,,,,,,,,,,,,,,,,,
5171,176409,3,NN,B,168,18-Apr-2019,10:16:35,-16.3824,145.7329,,401677468,-133,8,0,18-Apr-2019,10:16:36,-16.3824,145.7329,,2495,6605,942,109,,,108,142,0,,,,,,,,,,,,,,,,,,,,,,,,,,,,,
5171,176409,3,SR,B,169,18-Apr-2019,20:47:11,-16.3722,145.8421,,401677463,-129,8,0,18-Apr-2019,20:47:12,-16.3722,145.8421,,3486,9264,1311,87,,,105,143,0,,,,,,,,,,,,,,,,,,,,,,,,,,,,,
5171,176409,3,NP, ,170,22-Apr-2019,07:16:56,,,,401650000,-134,,0,22-Apr-2019,07:16:56,,,,,,,,,,22,75,24,,,,,,,,,,,,,,,,,,,,,,,,,,,,,
5171,176409,31,NN,A,171,23-Apr-2019,22:15:41,-16.5141,145.8356,,401677473,-135,,0,23-Apr-2019,22:14:59,-16.5141,145.8356,75,28146,665193,1190,131,,,32,210,192,6,22,216,137,76,10,6,139,179,1,208,254,128,82,162,2,0,218,113,244,208,170,74,155,53,93,37,26,
5171,176409,3,NN,A,171,23-Apr-2019,22:15:41,-16.5141,145.8356,,401677473,-135,,0,23-Apr-2019,22:15:52,-16.5141,145.8356,75,28146,665193,1190,131,,,108,174,0,,,,,,,,,,,,,,,,,,,,,,,,,,,,,
5171,176409,3,NN,A,171,23-Apr-2019,22:15:41,-16.5141,145.8356,,401677473,-135,,0,23-Apr-2019,22:16:14,-16.5141,145.8356,75,28146,665193,1190,131,,,10,0,16,,,,,,,,,,,,,,,,,,,,,,,,,,,,,
5171,176409,3,NP, ,172,25-Apr-2019,08:25:25,,,,401650000,-135,,0,25-Apr-2019,08:25:25,,,,,,,,,,10,0,16,,,,,,,,,,,,,,,,,,,,,,,,,,,,,
5171,176409,3,NK, ,173,25-Apr-2019,09:10:33,,,,401650000,-131,,0,25-Apr-2019,09:10:33,,,,,,,,,,99,141,0,,,,,,,,,,,,,,,,,,,,,,,,,,,,,
5171,176409,3,NP, ,174,27-Apr-2019,06:21:21,,,,401650000,-137,,0,27-Apr-2019,06:21:21,,,,,,,,,,10,18,107,,,,,,,,,,,,,,,,,,,,,,,,,,,,,
5171,176409,3,NK,B,175,27-Apr-2019,10:00:50,-16.3826,145.8008,,401677414,-125,,0,27-Apr-2019,10:00:43,-16.3826,145.8008,15,3523,10948,1133,52,,,22,75,24,,,,,,,,,,,,,,,,,,,,,,,,,,,,,
5171,176409,3,NK,B,175,27-Apr-2019,10:00:50,-16.3826,145.8008,,401677414,-125,,0,27-Apr-2019,10:00:58,-16.3826,145.8008,15,3523,10948,1133,52,,,77,57,5,,,,,,,,,,,,,,,,,,,,,,,,,,,,,
5171,176409,31,NP,B,176,27-Apr-2019,19:08:28,-16.4415,145.7835,,401677471,-131,8,0,27-Apr-2019,19:08:29,-16.4415,145.7835,,6279,7645,5157,127,,,32,211,64,0,0,0,0,0,0,0,0,0,240,255,99,88,211,32,12,2,1,52,173,125,251,42,109,147,75,144,145,
5171,176409,3,SR, ,177,01-May-2019,08:14:32,,,,401650000,-127,,0,01-May-2019,08:14:32,,,,,,,,,,77,57,1,,,,,,,,,,,,,,,,,,,,,,,,,,,,,
5171,176409,3,NN, ,178,02-May-2019,22:04:22,,,,401650000,-133,,0,02-May-2019,22:04:22,,,,,,,,,,64,48,149,,,,,,,,,,,,,,,,,,,,,,,,,,,,,
5171,176409,3,NP,A,179,03-May-2019,06:53:22,-16.4783,145.7546,,401677470,-132,,0,03-May-2019,06:53:15,-16.4783,145.7546,62,9398,158870,555,48,,,70,65,5,,,,,,,,,,,,,,,,,,,,,,,,,,,,,
5171,176409,3,NP,A,179,03-May-2019,06:53:22,-16.4783,145.7546,,401677470,-132,,0,03-May-2019,06:53:30,-16.4783,145.7546,62,9398,158870,555,48,,,81,60,32,,,,,,,,,,,,,,,,,,,,,,,,,,,,,
5171,176409,3,NP,A,179,03-May-2019,06:53:22,-16.4783,145.7546,,401677470,-132,,0,03-May-2019,06:54:17,-16.4783,145.7546,62,9398,158870,555,48,,,22,75,24,,,,,,,,,,,,,,,,,,,,,,,,,,,,,
5171,176409,3,SR, ,180,04-May-2019,20:48:07,,,,401650000,-131,,0,04-May-2019,20:48:07,,,,,,,,,,10,0,16,,,,,,,,,,,,,,,,,,,,,,,,,,,,,
5171,176409,3,NP, ,181,06-May-2019,06:16:53,,,,401650000,-137,,0,06-May-2019,06:16:53,,,,,,,,,,10,0,16,,,,,,,,,,,,,,,,,,,,,,,,,,,,,
5171,176409,3,SR, ,182,06-May-2019,19:44:00,,,,401650000,-136,,0,06-May-2019,19:44:00,,,,,,,,,,22,75,24,,,,,,,,,,,,,,,,,,,,,,,,,,,,,
5171,176409,3,SR, ,183,07-May-2019,08:26:28,,,,401650000,-137,,0,07-May-2019,08:26:28,,,,,,,,,,3,155,167,,,,,,,,,,,,,,,,,,,,,,,,,,,,,
5171,176409,3,NP,B,184,08-May-2019,07:31:40,-16.4086,145.7001,,401677469,-129,,0,08-May-2019,07:29:00,-16.4086,145.7001,320,3100,57043,168,178,,,99,141,0,,,,,,,,,,,,,,,,,,,,,,,,,,,,,
5171,176409,3,NP,B,184,08-May-2019,07:31:40,-16.4086,145.7001,,401677469,-129,,0,08-May-2019,07:34:20,-16.4086,145.7001,320,3100,57043,168,178,,,10,0,16,,,,,,,,,,,,,,,,,,,,,,,,,,,,,
5171,176409,31,MC, ,185,09-May-2019,23:10:40,,,,401650000,-132,,0,09-May-2019,23:10:40,,,,,,,,,,32,213,0,0,0,0,0,1,141,51,28,235,195,28,207,59,92,97,159,30,17,134,113,206,103,158,255,176,0,0,30,
5171,176409,3,SR, ,186,10-May-2019,20:57:24,,,,401650000,-133,,0,10-May-2019,20:57:24,,,,,,,,,,22,75,24,,,,,,,,,,,,,,,,,,,,,,,,,,,,,
5171,176409,3,SR,A,187,11-May-2019,08:03:57,-16.4537,145.7939,,401677461,-129,,0,11-May-2019,08:02:53,-16.4537,145.7939,240,14220,,,,,,10,0,16,,,,,,,,,,,,,,,,,,,,,,,,,,,,,
5171,176409,3,SR,A,187,11-May-2019,08:03:57,-16.4537,145.7939,,401677461,-129,,0,11-May-2019,08:05:03,-16.4537,145.7939,240,14220,,,,,,22,75,24,,,,,,,,,,,,,,,,,,,,,,,,,,,,,
5171,176409,3,SR,A,187,11-May-2019,08:03:57,-16.4537,145.7939,,401677461,-129,,0,11-May-2019,08:06:53,-16.4537,145.7939,240,14220,,,,,,79,19,69,,,,,,,,,,,,,,,,,,,,,,,,,,,,,
5171,176409,3,SR, ,188,18-May-2019,09:28:01,,,,401650000,-136,,0,18-May-2019,09:28:01,,,,,,,,,,108,142,0,,,,,,,,,,,,,,,,,,,,,,,,,,,,,
5171,176409,3,NK, ,189,18-May-2019,09:28:01,,,,401650000,-137,,0,18-May-2019,09:28:01,,,,,,,,,,108,140,0,,,,,,,,,,,,,,,,,,,,,,,,,,,,,
5171,176409,3,SR,1,190,19-May-2019,07:13:58,-16.4363,145.8221,,401677464,-135,50,0,19-May-2019,07:12:30,-16.4363,145.8221,303,759,4545,126,41,,,72,40,69,,,,,,,,,,,,,,,,,,,,,,,,,,,,,
5171,176409,3,SR,1,190,19-May-2019,07:13:58,-16.4363,145.8221,,401677464,-135,50,0,19-May-2019,07:12:47,-16.4363,145.8221,303,759,4545,126,41,,,85,112,87,,,,,,,,,,,,,,,,,,,,,,,,,,,,,
5171,176409,3,SR,1,190,19-May-2019,07:13:58,-16.4363,145.8221,,401677464,-135,50,0,19-May-2019,07:13:03,-16.4363,145.8221,303,759,4545,126,41,,,76,195,128,,,,,,,,,,,,,,,,,,,,,,,,,,,,,
5171,176409,3,SR,1,190,19-May-2019,07:13:58,-16.4363,145.8221,,401677464,-135,50,0,19-May-2019,07:17:33,-16.4363,145.8221,303,759,4545,126,41,,,10,0,16,,,,,,,,,,,,,,,,,,,,,,,,,,,,,
5171,176409,3,SR,B,191,20-May-2019,06:44:37,-16.4386,145.8209,,401677465,-136,,0,20-May-2019,06:44:37,-16.4386,145.8209,,9248,18733,4565,116,,,108,142,0,,,,,,,,,,,,,,,,,,,,,,,,,,,,,
5171,176409,3,NP,B,192,20-May-2019,06:53:07,-16.3926,145.7282,,401677475,-132,6,0,20-May-2019,06:52:59,-16.3926,145.7282,17,2472,8560,713,111,,,94,150,87,,,,,,,,,,,,,,,,,,,,,,,,,,,,,
5171,176409,3,NP,B,192,20-May-2019,06:53:07,-16.3926,145.7282,,401677475,-132,6,0,20-May-2019,06:53:16,-16.3926,145.7282,17,2472,8560,713,111,,,108,142,0,,,,,,,,,,,,,,,,,,,,,,,,,,,,,
5171,176409,3,SR,B,193,20-May-2019,20:49:44,-16.4180,145.7168,,401677466,-128,,0,20-May-2019,20:49:44,,,,3572,6787,1879,111,,,22,75,24,,,,,,,,,,,,,,,,,,,,,,,,,,,,,
5171,176409,3,SR,B,194,21-May-2019,07:54:33,-16.4203,145.7445,,401677462,-132,8,0,21-May-2019,07:54:34,-16.4203,145.7445,,4619,9236,2309,113,,,108,142,0,,,,,,,,,,,,,,,,,,,,,,,,,,,,,
5171,176409,3,NK,B,195,21-May-2019,08:20:36,-16.3941,145.7162,,401677468,-135,6,0,21-May-2019,08:20:37,-16.3941,145.7162,,3687,8482,1602,93,,,22,75,24,,,,,,,,,,,,,,,,,,,,,,,,,,,,,
5171,176409,3,NP,B,196,22-May-2019,08:12:07,-16.4067,145.7470,,401677467,-128,,0,22-May-2019,08:12:08,-16.4067,145.7470,,5267,11213,2474,114,,,72,24,5,,,,,,,,,,,,,,,,,,,,,,,,,,,,,
5171,176409,3,NK,B,197,22-May-2019,22:18:11,-16.4106,145.7311,,401677470,-133,,0,22-May-2019,22:18:12,-16.4106,145.7311,,5794,19658,1707,101,,,95,134,88,,,,,,,,,,,,,,,,,,,,,,,,,,,,,
5171,176409,3,MA, ,198,23-May-2019,22:46:54,,,,401650000,-130,,0,23-May-2019,22:46:54,,,,,,,,,,22,75,24,,,,,,,,,,,,,,,,,,,,,,,,,,,,,
5171,176409,3,NN, ,199,23-May-2019,23:04:16,,,,401650000,-130,,0,23-May-2019,23:04:16,,,,,,,,,,89,184,89,,,,,,,,,,,,,,,,,,,,,,,,,,,,,
5171,176409,3,NP, ,200,27-May-2019,20:03:32,,,,401650000,-132,,0,27-May-2019,20:03:32,,,,,,,,,,22,75,24,,,,,,,,,,,,,,,,,,,,,,,,,,,,,
5171,176409,3,NK, ,201,27-May-2019,20:13:15,,,,401650000,-133,,0,27-May-2019,20:13:15,,,,,,,,,,91,173,89,,,,,,,,,,,,,,,,,,,,,,,,,,,,,
5171,176409,31,MA, ,202,02-Jun-2019,00:36:57,,,,401650000,-129,,0,02-Jun-2019,00:36:57,,,,,,,,,,32,216,32,0,0,2,0,26,240,115,56,30,96,64,8,196,99,221,73,255,125,92,57,60,134,81,177,220,54,90,234,
5171,176409,31,MA, ,203,02-Jun-2019,11:24:06,,,,401650000,-130,,0,02-Jun-2019,11:24:06,,,,,,,,,,32,216,32,0,0,0,32,140,185,250,175,253,184,173,206,173,166,146,159,236,30,235,228,6,40,144,119,100,175,58,36,
5171,176409,31,NK, ,204,04-Jun-2019,09:05:30,,,,401650000,-127,,0,04-Jun-2019,09:05:30,,,,,,,,,,32,152,194,187,39,148,228,113,91,146,224,248,78,174,159,61,67,134,156,137,105,232,153,94,3,3,40,249,246,52,108,
5171,176409,3,NK,0,205,05-Jun-2019,08:43:21,-16.4044,145.6848,,401677470,-133,50,0,05-Jun-2019,08:43:10,-16.4044,145.6848,56,1909,21646,168,87,,,108,142,16,,,,,,,,,,,,,,,,,,,,,,,,,,,,,
5171,176409,3,NK,0,205,05-Jun-2019,08:43:21,-16.4044,145.6848,,401677470,-133,50,0,05-Jun-2019,08:43:34,-16.4044,145.6848,56,1909,21646,168,87,,,10,0,16,,,,,,,,,,,,,,,,,,,,,,,,,,,,,
5171,176409,3,NK,0,205,05-Jun-2019,08:43:21,-16.4044,145.6848,,401677470,-133,50,0,05-Jun-2019,08:44:06,-16.4044,145.6848,56,1909,21646,168,87,,,69,255,4,,,,,,,,,,,,,,,,,,,,,,,,,,,,,
5171,176409,3,SR,B,206,05-Jun-2019,20:46:47,-16.4078,145.6960,,401677471,-127,,0,05-Jun-2019,20:46:47,-16.4078,145.6960,,4715,8892,2499,55,,,22,75,24,,,,,,,,,,,,,,,,,,,,,,,,,,,,,
5171,176409,3,NK,A,207,14-Jun-2019,09:51:54,-16.4069,145.7254,,401677464,-129,,0,14-Jun-2019,09:50:19,-16.4069,145.7254,251,716,19971,25,81,,,10,0,16,,,,,,,,,,,,,,,,,,,,,,,,,,,,,
5171,176409,3,NK,A,207,14-Jun-2019,09:51:54,-16.4069,145.7254,,401677464,-129,,0,14-Jun-2019,09:50:55,-16.4069,145.7254,251,716,19971,25,81,,,22,75,24,,,,,,,,,,,,,,,,,,,,,,,,,,,,,
5171,176409,3,NK,A,207,14-Jun-2019,09:51:54,-16.4069,145.7254,,401677464,-129,,0,14-Jun-2019,09:54:30,-16.4069,145.7254,251,716,19971,25,81,,,78,248,4,,,,,,,,,,,,,,,,,,,,,,,,,,,,,
5171,176409,31,SR, ,208,17-Jun-2019,07:07:10,,,,401650000,-136,,0,17-Jun-2019,07:07:10,,,,,,,,,,32,217,224,0,0,0,0,0,0,0,255,85,6,0,0,196,217,192,0,0,0,0,16,0,1,255,150,26,0,2,219,
5171,176409,31,MA, ,209,28-Jun-2019,23:43:56,,,,401650000,-126,,0,28-Jun-2019,23:43:56,,,,,,,,,,32,219,32,0,0,0,4,152,60,46,255,32,151,37,136,132,164,215,194,196,254,28,255,41,80,165,1,56,111,188,60,
5171,176409,31,NN, ,210,11-Jul-2019,10:35:16,,,,401650000,-130,,0,11-Jul-2019,10:35:16,,,,,,,,,,128,75,86,228,164,167,87,28,25,42,202,59,33,56,194,180,127,196,114,33,236,186,210,27,172,132,129,130,212,175,202,
5171,176409,31,MA, ,211,20-Jul-2019,22:42:29,,,,401650000,-132,,0,20-Jul-2019,22:42:29,,,,,,,,,,32,220,96,0,0,0,0,0,28,166,255,0,16,65,73,105,218,189,241,205,200,23,89,4,139,81,228,193,58,134,203,
5171,176409,31,MA, ,212,23-Jul-2019,23:23:50,,,,401650000,-120,,0,23-Jul-2019,23:23:50,,,,,,,,,,32,222,32,0,0,0,0,0,16,156,56,148,189,151,133,117,18,90,35,107,51,56,179,19,10,98,232,149,215,3,199,
5171,176409,31,NP, ,213,05-Aug-2019,07:03:29,,,,401650000,-126,,0,05-Aug-2019,07:03:29,,,,,,,,,,32,232,33,88,17,249,0,0,0,58,255,0,0,33,9,90,225,1,135,119,247,105,225,154,75,254,192,6,212,131,242,
5171,176409,31,SR, ,214,09-Aug-2019,07:58:32,,,,401650000,-125,,0,09-Aug-2019,07:58:32,,,,,,,,,,32,224,192,0,0,0,0,0,0,84,255,0,0,0,0,239,224,160,0,0,0,0,0,0,131,255,0,0,0,0,49,
5171,176409,31,MA, ,215,10-Aug-2019,00:10:57,,,,401650000,-129,,0,10-Aug-2019,00:10:57,,,,,,,,,,34,57,100,151,200,54,26,78,55,204,236,195,177,110,13,12,71,213,103,43,196,31,136,1,8,131,127,216,3,190,32,
5171,176409,31,NN, ,216,11-Aug-2019,11:19:28,,,,401650000,-133,,0,11-Aug-2019,11:19:28,,,,,,,,,,32,225,64,0,0,0,0,0,0,0,253,155,100,76,135,134,212,53,49,112,116,11,158,40,39,194,23,85,170,167,65,
5171,176409,31,SR, ,217,18-Aug-2019,08:14:18,,,,401650000,-136,,0,18-Aug-2019,08:14:18,,,,,,,,,,32,226,0,0,0,0,0,0,0,11,255,57,0,48,9,31,161,228,64,0,0,0,136,2,251,234,9,5,31,37,180,
5171,176409,31,MA, ,218,25-Aug-2019,23:34:15,,,,401650000,-130,,0,25-Aug-2019,23:34:15,,,,,,,,,,32,227,0,3,4,112,67,190,198,57,254,7,98,8,68,159,13,31,111,102,57,209,136,42,156,9,206,76,155,206,58,
5171,176409,31,MA, ,219,10-Sep-2019,23:13:04,,,,401650000,-128,,0,10-Sep-2019,23:13:04,,,,,,,,,,32,229,32,0,0,0,17,129,31,252,69,16,61,216,24,110,129,174,153,94,19,155,30,186,149,80,230,127,142,140,20,
5171,176409,31,NK, ,220,18-Sep-2019,22:32:25,,,,401650000,-135,,0,18-Sep-2019,22:32:25,,,,,,,,,,32,230,32,0,0,0,0,0,0,23,255,75,69,0,0,151,230,0,0,0,1,0,8,0,0,255,58,0,0,0,204,
5171,176409,31,NP, ,221,22-Sep-2019,07:42:54,,,,401650000,-129,,0,22-Sep-2019,07:42:54,,,,,,,,,,32,230,96,135,41,209,71,227,132,18,22,121,131,128,81,48,51,117,6,248,211,93,248,43,147,151,79,63,185,125,165,
5171,176409,31,NP, ,222,22-Sep-2019,20:39:31,,,,401650000,-136,,0,22-Sep-2019,20:39:31,,,,,,,,,,32,230,96,0,0,234,207,48,123,255,59,240,240,124,213,187,35,24,135,70,59,194,34,179,161,230,15,207,239,238,88,
5171,176409,3,NP, ,223,25-Sep-2019,07:13:40,,,,401650000,-132,,0,25-Sep-2019,07:13:40,,,,,,,,,,22,75,24,,,,,,,,,,,,,,,,,,,,,,,,,,,,,
5171,176409,3,MA, ,224,25-Sep-2019,22:59:08,,,,401650000,-124,,0,25-Sep-2019,22:59:08,,,,,,,,,,95,220,103,,,,,,,,,,,,,,,,,,,,,,,,,,,,,
5171,176409,3,SR, ,225,29-Sep-2019,20:34:07,,,,401650000,-131,,0,29-Sep-2019,20:34:07,,,,,,,,,,65,5,5,,,,,,,,,,,,,,,,,,,,,,,,,,,,,
5171,176409,31,NK, ,226,02-Oct-2019,08:50:36,,,,401650000,-135,,0,02-Oct-2019,08:50:36,,,,,,,,,,192,191,104,122,56,77,81,194,147,236,219,100,171,246,161,114,171,244,145,154,190,127,196,146,52,176,128,120,181,139,197,
5171,176409,31,MC, ,227,06-Oct-2019,23:08:29,,,,401650000,-131,,0,06-Oct-2019,23:08:29,,,,,,,,,,32,232,96,0,0,0,2,32,131,107,217,143,116,137,66,6,250,30,71,128,40,58,62,175,102,122,210,121,91,72,117,
5171,176409,3,SR, ,228,17-Oct-2019,21:09:45,,,,401650000,-129,,0,17-Oct-2019,21:09:45,,,,,,,,,,22,74,24,,,,,,,,,,,,,,,,,,,,,,,,,,,,,
5171,176409,3,SR, ,229,22-Oct-2019,07:49:49,,,,401650000,-129,,0,22-Oct-2019,07:49:49,,,,,,,,,,94,236,104,,,,,,,,,,,,,,,,,,,,,,,,,,,,,
5171,176409,31,SR, ,230,26-Oct-2019,09:03:48,,,,401650000,-128,,0,26-Oct-2019,09:03:48,,,,,,,,,,32,234,224,0,0,0,0,0,0,0,8,255,131,0,0,234,234,79,166,144,16,193,240,122,199,238,250,31,23,229,219,
5171,176409,31,NK, ,231,28-Oct-2019,20:44:13,,,,401650000,-129,,0,28-Oct-2019,20:44:13,,,,,,,,,,32,235,96,1,24,54,232,156,101,143,239,145,113,33,201,102,209,102,31,170,7,128,242,218,172,245,88,49,253,123,36,
5171,176409,31,MC, ,232,29-Oct-2019,00:00:05,,,,401650000,-127,,0,29-Oct-2019,00:00:05,,,,,,,,,,32,235,96,0,0,0,0,0,0,0,0,255,113,15,1,181,232,64,66,226,33,252,124,75,219,195,107,6,6,190,139,
5171,176409,3,NP, ,233,29-Oct-2019,20:12:30,,,,401650000,-137,,0,29-Oct-2019,20:12:30,,,48,,,,,,,108,142,0,,,,,,,,,,,,,,,,,,,,,,,,,,,,,
5171,176409,3,NP, ,233,29-Oct-2019,20:12:30,,,,401650000,-137,,0,29-Oct-2019,20:13:18,,,48,,,,,,,5,33,17,,,,,,,,,,,,,,,,,,,,,,,,,,,,,
5171,176409,31,MA, ,234,30-Oct-2019,22:35:29,,,,401650000,-129,,0,30-Oct-2019,22:35:29,,,,,,,,,,32,235,160,0,0,0,30,3,55,207,75,140,73,115,92,75,220,2,78,115,4,98,156,123,95,156,223,110,142,41,73,
5171,176409,31,SR, ,235,15-Nov-2019,19:29:12,,,,401650000,-133,,0,15-Nov-2019,19:29:12,,,,,,,,,,32,237,128,0,0,0,0,0,0,0,0,13,255,64,10,233,223,216,122,48,240,224,166,20,119,223,77,227,64,98,240,
5171,176409,3,SR, ,236,01-Dec-2019,07:02:53,,,,401650000,-132,,0,01-Dec-2019,07:02:53,,,,,,,,,,76,83,5,,,,,,,,,,,,,,,,,,,,,,,,,,,,,
5171,176409,3,SR, ,237,27-Dec-2019,20:49:56,,,,401650000,-131,,0,27-Dec-2019,20:49:56,,,,,,,,,,22,75,24,,,,,,,,,,,,,,,,,,,,,,,,,,,,,
5171,176409,3,NK,3,238,11-Jan-2020,20:59:32,-16.4491,145.7634,,401677341,-129,60,0,11-Jan-2020,20:57:20,-16.4491,145.7634,292,213,588,77,108,,,86,103,111,,,,,,,,,,,,,,,,,,,,,,,,,,,,,
5171,176409,3,NK,3,238,11-Jan-2020,20:59:32,-16.4491,145.7634,,401677341,-129,60,0,11-Jan-2020,20:58:39,-16.4491,145.7634,292,213,588,77,108,,,81,109,200,,,,,,,,,,,,,,,,,,,,,,,,,,,,,
5171,176409,3,NK,3,238,11-Jan-2020,20:59:32,-16.4491,145.7634,,401677341,-129,60,0,11-Jan-2020,20:59:12,-16.4491,145.7634,292,213,588,77,108,,,10,0,16,,,,,,,,,,,,,,,,,,,,,,,,,,,,,
5171,176409,3,NK,3,238,11-Jan-2020,20:59:32,-16.4491,145.7634,,401677341,-129,60,0,11-Jan-2020,20:59:27,-16.4491,145.7634,292,213,588,77,108,,,22,75,24,,,,,,,,,,,,,,,,,,,,,,,,,,,,,
5171,176409,3,NK,3,238,11-Jan-2020,20:59:32,-16.4491,145.7634,,401677341,-129,60,0,11-Jan-2020,20:59:57,-16.4491,145.7634,292,213,588,77,108,,,64,95,5,,,,,,,,,,,,,,,,,,,,,,,,,,,,,
5171,176409,23,NK,3,238,11-Jan-2020,20:59:32,-16.4491,145.7634,,401677341,-129,60,0,11-Jan-2020,21:00:13,-16.4491,145.7634,292,213,588,77,108,,,84,176,131,220,168,40,123,34,101,211,46,83,212,222,227,28,5,115,80,213,241,228,64,,,,,,,,,
5171,176409,3,NK,3,238,11-Jan-2020,20:59:32,-16.4491,145.7634,,401677341,-129,60,0,11-Jan-2020,21:00:44,-16.4491,145.7634,292,213,588,77,108,,,108,142,0,,,,,,,,,,,,,,,,,,,,,,,,,,,,,
5171,176409,3,NK,3,238,11-Jan-2020,20:59:32,-16.4491,145.7634,,401677341,-129,60,2,11-Jan-2020,21:02:12,-16.4491,145.7634,292,213,588,77,108,,,22,75,24,,,,,,,,,,,,,,,,,,,,,,,,,,,,,
5171,176409,31,MC, ,239,03-Feb-2020,01:16:08,,,,401650000,-133,,0,03-Feb-2020,01:16:08,,,,,,,,,,32,7,96,0,0,0,0,0,0,2,35,118,255,155,0,95,135,64,1,2,65,33,249,245,71,180,158,153,70,252,173,
5171,176409,31,SR, ,240,07-Feb-2020,20:46:10,,,,401650000,-126,,0,07-Feb-2020,20:46:10,,,,,,,,,,32,8,68,2,240,31,105,179,221,124,120,67,28,87,91,170,108,252,85,174,13,195,174,170,235,242,105,121,16,204,168,
5171,176409,31,NP, ,241,10-Feb-2020,18:25:34,,,,401650000,-137,,0,10-Feb-2020,18:25:34,,,,,,,,,,32,8,128,0,0,0,4,0,0,0,0,0,11,255,166,222,8,96,0,0,64,0,0,0,0,0,0,36,255,68,205,
5171,176409,3,NP,A,242,10-Feb-2020,19:59:51,-16.4512,145.8409,,401677335,-129,,0,10-Feb-2020,19:59:36,-16.4512,145.8409,30,4879,65218,365,98,,,105,143,0,,,,,,,,,,,,,,,,,,,,,,,,,,,,,
5171,176409,3,NP,A,242,10-Feb-2020,19:59:51,-16.4512,145.8409,,401677335,-129,,0,10-Feb-2020,19:59:51,-16.4512,145.8409,30,4879,65218,365,98,,,10,0,16,,,,,,,,,,,,,,,,,,,,,,,,,,,,,
5171,176409,3,NP,A,242,10-Feb-2020,19:59:51,-16.4512,145.8409,,401677335,-129,,0,10-Feb-2020,20:00:06,-16.4512,145.8409,30,4879,65218,365,98,,,22,75,24,,,,,,,,,,,,,,,,,,,,,,,,,,,,,
5171,176409,23,NK,B,243,10-Feb-2020,20:07:25,-16.4509,145.8392,,401677333,-133,6,0,10-Feb-2020,20:07:25,-16.4509,145.8392,,5269,46323,599,97,,,95,240,131,248,171,45,100,33,42,92,145,96,110,238,136,126,138,55,86,4,169,178,77,,,,,,,,,
5171,176409,31,SR, ,244,24-Feb-2020,20:12:03,,,,401650000,-131,,0,24-Feb-2020,20:12:03,,,,,,,,,,34,1,137,0,0,0,0,0,0,0,0,0,42,37,255,163,9,96,0,0,0,0,0,0,0,0,0,2,44,255,248,
5171,176409,23,SR, ,245,26-Feb-2020,20:49:33,,,,401650000,-132,,0,26-Feb-2020,20:49:33,,,,,,,,,,90,208,131,220,168,40,123,34,109,82,115,25,148,225,159,28,19,96,83,215,17,216,128,,,,,,,,,
5171,176409,31,SR, ,246,27-Feb-2020,07:57:28,,,,401650000,-135,,0,27-Feb-2020,07:57:28,,,,,,,,,,33,117,28,135,245,95,117,135,176,98,180,46,212,157,199,83,245,2,172,133,247,241,159,224,121,190,216,205,17,251,252,
5171,176409,31,SR, ,247,13-Mar-2020,20:47:02,,,,401650000,-136,,0,13-Mar-2020,20:47:02,,,,,,,,,,32,12,32,0,0,0,0,0,0,176,65,1,22,117,227,230,14,228,128,172,44,22,189,130,114,0,120,16,154,6,177,
5171,176409,3,NP, ,248,25-Mar-2020,06:57:58,,,,401650000,-135,,0,25-Mar-2020,06:57:58,,,,,,,,,,70,97,41,,,,,,,,,,,,,,,,,,,,,,,,,,,,,
5171,176409,3,MA, ,249,25-Mar-2020,10:46:23,,,,401650000,-127,,0,25-Mar-2020,10:46:23,,,,,,,,,,71,205,1,,,,,,,,,,,,,,,,,,,,,,,,,,,,,
5171,176409,23,NK, ,250,25-Mar-2020,21:41:39,,,,401650000,-133,,0,25-Mar-2020,21:41:39,,,,,,,,,,94,176,131,220,168,40,122,34,236,209,233,90,224,88,245,177,123,213,50,185,253,52,213,,,,,,,,,
5171,176409,31,MC, ,251,03-Apr-2020,13:07:10,,,,401650000,-128,,0,03-Apr-2020,13:07:10,,,,,,,,,,32,16,64,0,0,0,0,0,0,0,0,0,255,42,20,184,16,32,2,12,10,43,128,146,55,175,26,132,202,44,163,
5171,176409,31,SR, ,252,12-Apr-2020,07:55:27,,,,401650000,-133,,0,12-Apr-2020,07:55:27,,,,,,,,,,32,17,64,0,0,159,208,5,241,130,12,35,63,71,252,216,255,50,29,34,115,10,109,51,12,237,1,25,153,206,191,
5171,176409,31,MC, ,253,30-Apr-2020,23:16:04,,,,401650000,-126,,0,30-Apr-2020,23:16:04,,,,,,,,,,36,204,177,117,138,9,241,110,235,190,255,251,33,255,255,21,19,96,0,0,0,64,0,0,18,76,89,191,195,255,64,
5171,176409,3,SR, ,254,12-May-2020,07:15:01,,,,401650000,-135,,0,12-May-2020,07:15:01,,,,,,,,,,84,222,120,,,,,,,,,,,,,,,,,,,,,,,,,,,,,
5171,176409,3,NP,A,255,17-May-2020,08:20:58,-16.3673,145.8308,,401677322,-131,,0,17-May-2020,08:18:35,-16.8257,143.8673,307,,,,,,,39,39,119,,,,,,,,,,,,,,,,,,,,,,,,,,,,,
5171,176409,3,NP,A,255,17-May-2020,08:20:58,-16.3673,145.8308,,401677322,-131,,0,17-May-2020,08:20:40,-16.8257,143.8673,307,,,,,,,124,252,224,,,,,,,,,,,,,,,,,,,,,,,,,,,,,
5171,176409,23,NP,A,255,17-May-2020,08:20:58,-16.3673,145.8308,,401677322,-131,,0,17-May-2020,08:23:42,-16.8257,143.8673,307,,,,,,,69,208,131,220,168,40,123,34,104,160,184,119,182,233,86,139,126,9,143,121,2,48,136,,,,,,,,,
5171,176409,31,NK, ,256,19-May-2020,21:56:42,,,,401650000,-129,,0,19-May-2020,21:56:42,,,,,,,,,,32,22,64,0,0,0,193,58,119,95,179,0,154,251,253,91,154,110,201,212,89,45,80,211,211,93,15,94,39,142,101,
5171,176409,3,SR, ,257,24-May-2020,20:07:18,,,,401650000,-135,,0,24-May-2020,20:07:18,,,,,,,,,,81,174,122,,,,,,,,,,,,,,,,,,,,,,,,,,,,,
5171,176409,3,MC, ,258,25-Jun-2020,23:56:15,,,,401650000,-126,,0,25-Jun-2020,23:56:15,,,,,,,,,,10,0,16,,,,,,,,,,,,,,,,,,,,,,,,,,,,,
5171,176409,3,SR, ,259,07-Jul-2020,08:08:44,,,,401650000,-131,,0,07-Jul-2020,08:08:44,,,,,,,,,,22,75,128,,,,,,,,,,,,,,,,,,,,,,,,,,,,,
5171,176409,31,SR, ,260,10-Oct-2020,19:28:04,,,,401650000,-134,,0,10-Oct-2020,19:28:04,,,,,,,,,,32,33,64,0,0,0,0,0,0,18,31,253,32,2,15,86,85,97,96,49,103,49,15,3,220,240,57,142,207,193,241,
5171,176409,31,A1, ,261,27-Feb-2021,07:42:09,,,,401650000,-133,,0,27-Feb-2021,07:42:09,,,,,,,,,,32,74,0,8,79,190,128,205,2,3,242,228,167,141,142,143,95,35,29,15,95,242,128,139,50,195,194,221,225,82,95,
5171,176409,3,SR, ,262,22-Jun-2021,07:39:05,,,,401650000,-132,,0,22-Jun-2021,07:39:05,,,,,,,,,,99,141,0,,,,,,,,,,,,,,,,,,,,,,,,,,,,,
5171,176409,3,A1, ,263,22-Jun-2021,07:39:05,,,,401650000,-135,,0,22-Jun-2021,07:39:05,,,,,,,,,,99,141,0,,,,,,,,,,,,,,,,,,,,,,,,,,,,,
,,,,,,,,,,,,,,,,,,,,,,,,,,,,,,,,,,,,,,,,,,,,,,,,,,,,,,,,,
,,,,,,,,,,,,,,,,,,,,,,,,,,,,,,,,,,,,,,,,,,,,,,,,,,,,,,,,,
PTT,Diags,Passes,Msgs,,,,,,,,,,,,,,,,,,,,,,,,,,,,,,,,,,,,,,,,,,,,,,,,,,,,,,
176409,0,261,604,,,,,,,,,,,,,,,,,,,,,,,,,,,,,,,,,,,,,,,,,,,,,,,,,,,,,,
