DeployID,Ptt,DepthSensor,Instr,SW,RTC,Received,Time Offset,LocationQuality,Latitude,Longitude,Type,HauledOut,BrokenThermistor,BrokenLink,Transmits,BattVoltage,TransmitVoltage,TransmitCurrent,Temperature,Depth,MaxDepth,ZeroDepthOffset,LightLevel,NoDawnDusk,ReleaseType,ReleaseTime,InitiallyBroken,BurnMinutes,ReleaseDepth,FastGPSPower,TWICPower,PowerLimit,WetDry,MinWetDry,MaxWetDry,WetDryThreshold,StatusWord,TransmitPower,Resets,PreReleaseTilt,PreReleaseTiltSd,PreReleaseTiltCount,XmitQueue,FastGPSLocNumber,FastGPSFailures,BattDiscon,Tilt
141148,141148,,SPOT,,,08:35:41 28-Feb-2015,,,,,,,,,384,3.424,,0.208,28.24,,,,,,,,,,,,,,,,,,,,,,,,,,,,
141148,141148,,SPOT,,,22:33:24 28-Feb-2015,,,,,,,,,384,3.440,,0.196,29.22,,,,,,,,,,,,,,,,,,,,,,,,,,,,
141148,141148,,SPOT,,,07:05:45 03-Mar-2015,,,,,,,,,640,3.440,,0.212,29.11,,,,,,,,,,,,,,,,,,,,,,,,,,,,
141148,141148,,SPOT,,,08:21:59 03-Mar-2015,,,,,,,,,640,3.440,,0.204,29.00,,,,,,,,,,,,,,,,,,,,,,,,,,,,
141148,141148,,SPOT,,,08:39:43 03-Mar-2015,,,,,,,,,640,3.424,,0.216,29.11,,,,,,,,,,,,,,,,,,,,,,,,,,,,
141148,141148,,SPOT,,,20:19:31 03-Mar-2015,,,,,,,,,640,3.328,,0.412,28.35,,,,,,,,,,,,,,,,,,,,,,,,,,,,
141148,141148,,SPOT,,,12:59:18 05-Mar-2015,,,,,,,,,640,3.440,,0.216,29.44,,,,,,,,,,,,,,,,,,,,,,,,,,,,
141148,141148,,SPOT,,,17:27:48 05-Mar-2015,,,,,,,,,640,3.424,,0.224,29.11,,,,,,,,,,,,,,,,,,,,,,,,,,,,
141148,141148,,SPOT,,,08:02:18 06-Mar-2015,,,,,,,,,640,3.440,,0.204,29.77,,,,,,,,,,,,,,,,,,,,,,,,,,,,
141148,141148,,SPOT,,,05:46:21 09-Mar-2015,,,,,,,,,640,3.424,,0.188,4.01,,,,,,,,,,,,,,,,,,,,,,,,,,,,
141148,141148,,SPOT,,,08:19:56 09-Mar-2015,,,,,,,,,640,3.440,,0.196,30.11,,,,,,,,,,,,,,,,,,,,,,,,,,,,
141148,141148,,SPOT,,,08:48:25 09-Mar-2015,,,,,,,,,640,3.424,,0.196,30.11,,,,,,,,,,,,,,,,,,,,,,,,,,,,
141148,141148,,SPOT,,,08:51:48 09-Mar-2015,,,,,,,,,640,3.408,,0.220,30.00,,,,,,,,,,,,,,,,,,,,,,,,,,,,
141148,141148,,SPOT,,,06:39:22 10-Mar-2015,,,,,,,,,640,3.424,,0.196,28.56,,,,,,,,,,,,,,,,,,,,,,,,,,,,
141148,141148,,SPOT,,,07:57:16 10-Mar-2015,,,,,,,,,640,3.440,,0.188,29.33,,,,,,,,,,,,,,,,,,,,,,,,,,,,
141148,141148,,SPOT,,,07:48:33 11-Mar-2015,,,,,,,,,896,3.392,,0.252,28.89,,,,,,,,,,,,,,,,,,,,,,,,,,,,
141148,141148,,SPOT,,,07:10:12 12-Mar-2015,,,,,,,,,8064,3.216,,0.852,-17.74,,,,,,,,,,,,,,,,,,,,,,,,,,,,
141148,141148,,SPOT,,,08:21:56 12-Mar-2015,,,,,,,,,896,3.424,,0.192,29.00,,,,,,,,,,,,,,,,,,,,,,,,,,,,
141148,141148,,SPOT,,,08:23:42 12-Mar-2015,,,,,,,,,896,3.408,,0.196,29.00,,,,,,,,,,,,,,,,,,,,,,,,,,,,
141148,141148,,SPOT,,,06:43:04 13-Mar-2015,,,,,,,,,896,3.424,,0.184,28.56,,,,,,,,,,,,,,,,,,,,,,,,,,,,
141148,141148,,SPOT,,,08:22:31 13-Mar-2015,,,,,,,,,896,3.440,,0.644,-3.39,,,,,,,,,,,,,,,,,,,,,,,,,,,,
141148,141148,,SPOT,,,08:26:57 13-Mar-2015,,,,,,,,,896,3.360,,0.304,28.67,,,,,,,,,,,,,,,,,,,,,,,,,,,,
141148,141148,,SPOT,,,09:39:17 14-Mar-2015,,,,,,,,,896,3.424,,0.188,28.67,,,,,,,,,,,,,,,,,,,,,,,,,,,,
141148,141148,,SPOT,,,19:09:33 14-Mar-2015,,,,,,,,,1152,3.408,,0.208,28.46,,,,,,,,,,,,,,,,,,,,,,,,,,,,
141148,141148,,SPOT,,,17:18:27 15-Mar-2015,,,,,,,,,1152,3.424,,0.200,28.46,,,,,,,,,,,,,,,,,,,,,,,,,,,,
141148,141148,,SPOT,,,15:38:55 16-Mar-2015,,A,-16.3056,145.9264,,,,,1152,3.424,,0.196,28.56,,,,,,,,,,,,,,,,,,,,,,,,,,,,
141148,141148,,SPOT,,,15:43:08 16-Mar-2015,,A,-16.3056,145.9264,,,,,1152,3.344,,0.340,28.56,,,,,,,,,,,,,,,,,,,,,,,,,,,,
141148,141148,,SPOT,,,15:44:04 16-Mar-2015,,A,-16.3056,145.9264,,,,,1152,3.408,,0.208,28.56,,,,,,,,,,,,,,,,,,,,,,,,,,,,
141148,141148,,SPOT,,,07:17:02 17-Mar-2015,,B,-16.3086,145.9289,,,,,1152,3.424,,0.188,28.67,,,,,,,,,,,,,,,,,,,,,,,,,,,,
141148,141148,,SPOT,,,10:33:03 17-Mar-2015,,B,-16.2758,145.9340,,,,,1152,3.424,,0.188,28.56,,,,,,,,,,,,,,,,,,,,,,,,,,,,
141148,141148,,SPOT,,,09:05:09 18-Mar-2015,,B,-16.4245,145.8755,,,,,1152,3.424,,0.188,28.35,,,,,,,,,,,,,,,,,,,,,,,,,,,,
141148,141148,,SPOT,,,09:06:03 18-Mar-2015,,B,-16.4245,145.8755,,,,,1152,3.424,,0.184,28.35,,,,,,,,,,,,,,,,,,,,,,,,,,,,
141148,141148,,SPOT,,,06:55:23 19-Mar-2015,,B,-16.4393,145.8120,,,,,1408,3.424,,0.184,28.78,,,,,,,,,,,,,,,,,,,,,,,,,,,,
141148,141148,,SPOT,,,07:32:08 19-Mar-2015,,B,-16.3704,145.7642,,,,,1408,3.392,,0.452,20.98,,,,,,,,,,,,,,,,,,,,,,,,,,,,
141148,141148,,SPOT,,,20:20:29 19-Mar-2015,,B,-16.2357,145.7151,,,,,1408,3.392,,0.236,28.35,,,,,,,,,,,,,,,,,,,,,,,,,,,,
141148,141148,,SPOT,,,06:47:36 21-Mar-2015,,,,,,,,,1408,3.408,,0.192,28.46,,,,,,,,,,,,,,,,,,,,,,,,,,,,
141148,141148,,SPOT,,,07:36:30 21-Mar-2015,,,,,,,,,1408,3.408,,0.216,8.67,,,,,,,,,,,,,,,,,,,,,,,,,,,,
141148,141148,,SPOT,,,09:10:30 21-Mar-2015,,B,-16.1509,145.6645,,,,,1408,3.424,,0.192,28.56,,,,,,,,,,,,,,,,,,,,,,,,,,,,
141148,141148,,SPOT,,,09:15:52 21-Mar-2015,,B,-16.1509,145.6645,,,,,5504,2.544,,0.476,-18.08,,,,,,,,,,,,,,,,,,,,,,,,,,,,
141148,141148,,SPOT,,,06:28:47 22-Mar-2015,,B,-16.2298,145.6918,,,,,1408,3.408,,0.232,29.11,,,,,,,,,,,,,,,,,,,,,,,,,,,,
141148,141148,,SPOT,,,07:00:05 22-Mar-2015,,0,-16.3941,145.7932,,,,,1408,3.376,,0.268,28.78,,,,,,,,,,,,,,,,,,,,,,,,,,,,
141148,141148,,SPOT,,,07:04:30 22-Mar-2015,,0,-16.3941,145.7932,,,,,1408,3.392,,0.284,28.78,,,,,,,,,,,,,,,,,,,,,,,,,,,,
141148,141148,,SPOT,,,07:06:27 22-Mar-2015,,0,-16.3941,145.7932,,,,,1408,3.424,,0.188,28.78,,,,,,,,,,,,,,,,,,,,,,,,,,,,
141148,141148,,SPOT,,,07:07:18 22-Mar-2015,,0,-16.3941,145.7932,,,,,1408,3.424,,0.204,28.78,,,,,,,,,,,,,,,,,,,,,,,,,,,,
141148,141148,,SPOT,,,07:08:19 22-Mar-2015,,0,-16.3941,145.7932,,,,,1408,3.424,,0.188,28.89,,,,,,,,,,,,,,,,,,,,,,,,,,,,
141148,141148,,SPOT,,,07:55:47 22-Mar-2015,,1,-16.3885,145.8088,,,,,1408,3.424,,0.192,28.78,,,,,,,,,,,,,,,,,,,,,,,,,,,,
141148,141148,,SPOT,,,07:59:18 22-Mar-2015,,1,-16.3885,145.8088,,,,,1408,3.424,,0.204,28.78,,,,,,,,,,,,,,,,,,,,,,,,,,,,
141148,141148,,SPOT,,,08:00:40 22-Mar-2015,,1,-16.3885,145.8088,,,,,1408,3.440,,0.184,28.78,,,,,,,,,,,,,,,,,,,,,,,,,,,,
141148,141148,,SPOT,,,08:01:24 22-Mar-2015,,1,-16.3885,145.8088,,,,,1408,3.440,,0.188,28.78,,,,,,,,,,,,,,,,,,,,,,,,,,,,
141148,141148,,SPOT,,,08:02:42 22-Mar-2015,,1,-16.3885,145.8088,,,,,1408,3.440,,0.188,28.67,,,,,,,,,,,,,,,,,,,,,,,,,,,,
141148,141148,,SPOT,,,08:04:10 22-Mar-2015,,1,-16.3884,145.8080,,,,,1408,3.424,,0.204,38.89,,,,,,,,,,,,,,,,,,,,,,,,,,,,
141148,141148,,SPOT,,,08:07:01 22-Mar-2015,,1,-16.3885,145.8088,,,,,1408,3.408,,0.216,28.67,,,,,,,,,,,,,,,,,,,,,,,,,,,,
141148,141148,,SPOT,,,17:22:37 23-Mar-2015,,,,,,,,,1408,3.440,,0.212,27.92,,,,,,,,,,,,,,,,,,,,,,,,,,,,
141148,141148,,SPOT,,,09:21:59 24-Mar-2015,,,,,,,,,1664,3.344,,0.316,28.89,,,,,,,,,,,,,,,,,,,,,,,,,,,,
141148,141148,,SPOT,,,18:52:00 24-Mar-2015,,B,-16.4268,145.7996,,,,,1664,3.408,,0.192,28.46,,,,,,,,,,,,,,,,,,,,,,,,,,,,
141148,141148,,SPOT,,,19:00:25 24-Mar-2015,,B,-16.4268,145.7996,,,,,1664,3.408,,0.196,28.35,,,,,,,,,,,,,,,,,,,,,,,,,,,,
141148,141148,,SPOT,,,21:42:42 24-Mar-2015,,B,-16.4361,145.8414,,,,,1664,3.424,,0.200,28.35,,,,,,,,,,,,,,,,,,,,,,,,,,,,
141148,141148,,SPOT,,,07:33:35 25-Mar-2015,,B,-16.4681,145.8401,,,,,1664,3.392,,0.216,29.77,,,,,,,,,,,,,,,,,,,,,,,,,,,,
141148,141148,,SPOT,,,19:38:58 25-Mar-2015,,B,-16.3119,145.7556,,,,,1664,3.408,,0.208,28.46,,,,,,,,,,,,,,,,,,,,,,,,,,,,
141148,141148,,SPOT,,,20:13:39 27-Mar-2015,,A,-16.7646,146.0009,,,,,1664,3.440,,0.188,28.56,,,,,,,,,,,,,,,,,,,,,,,,,,,,
141148,141148,,SPOT,,,20:18:46 27-Mar-2015,,A,-16.7646,146.0009,,,,,1664,3.440,,0.184,28.67,,,,,,,,,,,,,,,,,,,,,,,,,,,,
141148,141148,,SPOT,,,20:22:19 27-Mar-2015,,B,-16.7567,146.0025,,,,,1664,3.344,,0.356,28.67,,,,,,,,,,,,,,,,,,,,,,,,,,,,
141148,141148,,SPOT,,,23:18:43 27-Mar-2015,,B,-16.8705,146.0561,,,,,1664,3.376,,0.280,28.78,,,,,,,,,,,,,,,,,,,,,,,,,,,,
141148,141148,,SPOT,,,16:53:19 28-Mar-2015,,B,-16.5331,145.8894,,,,,1920,3.408,,0.216,28.67,,,,,,,,,,,,,,,,,,,,,,,,,,,,
141148,141148,,SPOT,,,16:57:08 28-Mar-2015,,B,-16.5331,145.8894,,,,,1920,3.376,,0.260,28.56,,,,,,,,,,,,,,,,,,,,,,,,,,,,
141148,141148,,SPOT,,,19:38:23 28-Mar-2015,,A,-16.4818,145.9001,,,,,1920,3.344,,0.888,18.79,,,,,,,,,,,,,,,,,,,,,,,,,,,,
141148,141148,,SPOT,,,19:41:09 28-Mar-2015,,A,-16.4818,145.9001,,,,,1920,3.424,,0.192,28.46,,,,,,,,,,,,,,,,,,,,,,,,,,,,
141148,141148,,SPOT,,,11:21:01 29-Mar-2015,,A,-16.3047,145.8702,,,,,1920,3.424,,0.192,28.46,,,,,,,,,,,,,,,,,,,,,,,,,,,,
141148,141148,,SPOT,,,11:31:58 29-Mar-2015,,A,-16.3047,145.8702,,,,,1920,3.360,,0.816,28.46,,,,,,,,,,,,,,,,,,,,,,,,,,,,
141148,141148,,SPOT,,,11:06:10 30-Mar-2015,,B,-16.2638,145.8516,,,,,1920,3.408,,0.188,28.46,,,,,,,,,,,,,,,,,,,,,,,,,,,,
141148,141148,,SPOT,,,12:20:23 31-Mar-2015,,,,,,,,,1920,3.424,,0.188,12.02,,,,,,,,,,,,,,,,,,,,,,,,,,,,
141148,141148,,SPOT,,,16:12:33 31-Mar-2015,,,,,,,,,1920,3.408,,0.204,28.35,,,,,,,,,,,,,,,,,,,,,,,,,,,,
141148,141148,,SPOT,,,20:23:02 31-Mar-2015,,,,,,,,,1920,3.424,,0.188,27.92,,,,,,,,,,,,,,,,,,,,,,,,,,,,
141148,141148,,SPOT,,,04:52:10 01-Apr-2015,,2,-16.3063,145.7061,,,,,1920,3.424,,0.192,28.56,,,,,,,,,,,,,,,,,,,,,,,,,,,,
141148,141148,,SPOT,,,04:53:25 01-Apr-2015,,2,-16.3063,145.7061,,,,,1920,3.408,,0.220,28.67,,,,,,,,,,,,,,,,,,,,,,,,,,,,
141148,141148,,SPOT,,,04:57:56 01-Apr-2015,,2,-16.3063,145.7061,,,,,1920,3.424,,0.192,28.78,,,,,,,,,,,,,,,,,,,,,,,,,,,,
141148,141148,,SPOT,,,16:00:05 02-Apr-2015,,,,,,,,,1920,3.344,,0.224,28.35,,,,,,,,,,,,,,,,,,,,,,,,,,,,
141148,141148,,SPOT,,,18:43:16 03-Apr-2015,,B,-16.4362,145.7322,,,,,1920,3.424,,0.200,28.35,,,,,,,,,,,,,,,,,,,,,,,,,,,,
141148,141148,,SPOT,,,18:45:53 03-Apr-2015,,B,-16.4362,145.7322,,,,,2176,3.424,,0.200,28.24,,,,,,,,,,,,,,,,,,,,,,,,,,,,
141148,141148,,SPOT,,,19:07:26 03-Apr-2015,,2,-16.4526,145.7604,,,,,2176,3.424,,0.196,28.46,,,,,,,,,,,,,,,,,,,,,,,,,,,,
141148,141148,,SPOT,,,19:08:12 03-Apr-2015,,2,-16.4526,145.7604,,,,,2176,3.424,,0.196,28.46,,,,,,,,,,,,,,,,,,,,,,,,,,,,
141148,141148,,SPOT,,,19:11:25 03-Apr-2015,,2,-16.4526,145.7604,,,,,2176,3.424,,0.200,28.46,,,,,,,,,,,,,,,,,,,,,,,,,,,,
141148,141148,,SPOT,,,19:12:10 03-Apr-2015,,2,-16.4526,145.7604,,,,,2176,3.424,,0.204,28.46,,,,,,,,,,,,,,,,,,,,,,,,,,,,
141148,141148,,SPOT,,,19:14:28 03-Apr-2015,,2,-16.4526,145.7604,,,,,2176,3.424,,0.204,28.46,,,,,,,,,,,,,,,,,,,,,,,,,,,,
141148,141148,,SPOT,,,19:17:05 03-Apr-2015,,2,-16.4526,145.7604,,,,,2176,3.424,,0.196,28.46,,,,,,,,,,,,,,,,,,,,,,,,,,,,
141148,141148,,SPOT,,,08:30:19 04-Apr-2015,,B,-16.3538,145.7792,,,,,2176,3.392,,0.196,28.89,,,,,,,,,,,,,,,,,,,,,,,,,,,,
141148,141148,,SPOT,,,11:04:45 04-Apr-2015,,B,-16.3583,145.7990,,,,,2176,3.360,,0.252,28.89,,,,,,,,,,,,,,,,,,,,,,,,,,,,
141148,141148,,SPOT,,,04:06:33 05-Apr-2015,,B,-16.3920,145.8166,,,,,2176,3.392,,0.204,29.22,,,,,,,,,,,,,,,,,,,,,,,,,,,,
141148,141148,,SPOT,,,08:04:11 05-Apr-2015,,B,-16.4804,145.8102,,,,,2176,3.392,,0.188,28.78,,,,,,,,,,,,,,,,,,,,,,,,,,,,
141148,141148,,SPOT,,,07:33:22 06-Apr-2015,,B,-16.4122,145.8313,,,,,2176,3.424,,0.216,31.25,,,,,,,,,,,,,,,,,,,,,,,,,,,,
141148,141148,,SPOT,,,19:39:08 06-Apr-2015,,0,-16.3763,145.7979,,,,,2176,3.408,,0.204,28.35,,,,,,,,,,,,,,,,,,,,,,,,,,,,
141148,141148,,SPOT,,,19:41:13 06-Apr-2015,,0,-16.3763,145.7979,,,,,2176,3.408,,0.192,28.46,,,,,,,,,,,,,,,,,,,,,,,,,,,,
141148,141148,,SPOT,,,19:41:57 06-Apr-2015,,0,-16.3763,145.7979,,,,,2176,3.424,,0.188,28.46,,,,,,,,,,,,,,,,,,,,,,,,,,,,
141148,141148,,SPOT,,,19:42:41 06-Apr-2015,,0,-16.3763,145.7979,,,,,2176,3.424,,0.196,28.46,,,,,,,,,,,,,,,,,,,,,,,,,,,,
141148,141148,,SPOT,,,19:43:25 06-Apr-2015,,1,-16.3439,145.8981,,,,,2176,3.408,,0.208,28.24,,,,,,,,,,,,,,,,,,,,,,,,,,,,
141148,141148,,SPOT,,,19:52:42 06-Apr-2015,,1,-16.3439,145.8981,,,,,2176,3.376,,0.292,28.46,,,,,,,,,,,,,,,,,,,,,,,,,,,,
141148,141148,,SPOT,,,19:53:26 06-Apr-2015,,1,-16.3439,145.8981,,,,,2176,3.424,,0.188,28.46,,,,,,,,,,,,,,,,,,,,,,,,,,,,
141148,141148,,SPOT,,,19:54:57 06-Apr-2015,,A,-16.3600,145.9092,,,,,2176,3.408,,0.216,28.46,,,,,,,,,,,,,,,,,,,,,,,,,,,,
141148,141148,,SPOT,,,20:04:12 06-Apr-2015,,A,-16.3600,145.9092,,,,,2176,3.408,,0.204,28.46,,,,,,,,,,,,,,,,,,,,,,,,,,,,
141148,141148,,SPOT,,,05:29:40 07-Apr-2015,,B,-16.3656,145.9397,,,,,6272,3.376,,0.212,29.66,,,,,,,,,,,,,,,,,,,,,,,,,,,,
141148,141148,,SPOT,,,05:10:27 08-Apr-2015,,B,-16.3624,145.8499,,,,,2176,3.408,,0.188,29.11,,,,,,,,,,,,,,,,,,,,,,,,,,,,
141148,141148,,SPOT,,,19:29:34 08-Apr-2015,,B,-16.3232,145.7954,,,,,2176,3.408,,0.212,28.78,,,,,,,,,,,,,,,,,,,,,,,,,,,,
141148,141148,,SPOT,,,20:29:44 08-Apr-2015,,A,-16.4407,145.6690,,,,,2176,3.424,,0.208,28.89,,,,,,,,,,,,,,,,,,,,,,,,,,,,
141148,141148,,SPOT,,,20:30:29 08-Apr-2015,,A,-16.4407,145.6690,,,,,2176,3.424,,0.196,28.78,,,,,,,,,,,,,,,,,,,,,,,,,,,,
141148,141148,,SPOT,,,20:31:58 08-Apr-2015,,A,-16.4407,145.6690,,,,,2176,3.424,,0.188,28.56,,,,,,,,,,,,,,,,,,,,,,,,,,,,
141148,141148,,SPOT,,,20:32:42 08-Apr-2015,,0,-16.4760,145.7664,,,,,2176,3.392,,0.228,28.35,,,,,,,,,,,,,,,,,,,,,,,,,,,,
141148,141148,,SPOT,,,20:33:27 08-Apr-2015,,0,-16.4760,145.7664,,,,,2176,3.408,,0.208,28.46,,,,,,,,,,,,,,,,,,,,,,,,,,,,
141148,141148,,SPOT,,,20:34:13 08-Apr-2015,,0,-16.4760,145.7664,,,,,2176,3.392,,0.228,-11.42,,,,,,,,,,,,,,,,,,,,,,,,,,,,
141148,141148,,SPOT,,,05:10:21 09-Apr-2015,,B,-16.7201,145.4716,,,,,2176,3.392,,0.200,28.13,,,,,,,,,,,,,,,,,,,,,,,,,,,,
141148,141148,,SPOT,,,19:29:13 10-Apr-2015,,B,-16.5479,145.9787,,,,,2432,3.424,,0.188,28.03,,,,,,,,,,,,,,,,,,,,,,,,,,,,
141148,141148,,SPOT,,,19:36:03 10-Apr-2015,,B,-16.5479,145.9787,,,,,2432,3.408,,0.204,28.03,,,,,,,,,,,,,,,,,,,,,,,,,,,,
141148,141148,,SPOT,,,08:00:56 11-Apr-2015,,A,-16.6489,146.0053,,,,,2432,3.392,,0.196,32.18,,,,,,,,,,,,,,,,,,,,,,,,,,,,
141148,141148,,SPOT,,,08:09:54 11-Apr-2015,,A,-16.6489,146.0053,,,,,2432,3.408,,0.192,28.46,,,,,,,,,,,,,,,,,,,,,,,,,,,,
141148,141148,,SPOT,,,08:13:03 11-Apr-2015,,0,-16.6412,145.9716,,,,,2432,3.408,,0.184,28.46,,,,,,,,,,,,,,,,,,,,,,,,,,,,
141148,141148,,SPOT,,,08:19:14 11-Apr-2015,,0,-16.6412,145.9716,,,,,2432,3.408,,0.188,28.46,,,,,,,,,,,,,,,,,,,,,,,,,,,,
141148,141148,,SPOT,,,13:35:56 11-Apr-2015,,B,-16.5990,146.0013,,,,,2432,3.408,,0.788,32.06,,,,,,,,,,,,,,,,,,,,,,,,,,,,
141148,141148,,SPOT,,,05:45:44 12-Apr-2015,,B,-16.4044,146.0594,,,,,2432,3.376,,0.208,28.46,,,,,,,,,,,,,,,,,,,,,,,,,,,,
141148,141148,,SPOT,,,00:27:24 13-Apr-2015,,B,-16.2280,146.0471,,,,,2688,3.408,,0.204,28.24,,,,,,,,,,,,,,,,,,,,,,,,,,,,
141148,141148,,SPOT,,,11:12:04 13-Apr-2015,,B,-16.2718,145.9383,,,,,2688,3.120,,0.648,35.25,,,,,,,,,,,,,,,,,,,,,,,,,,,,
141148,141148,,SPOT,,,08:26:29 14-Apr-2015,,B,-16.2691,145.8615,,,,,2688,3.312,,0.312,28.13,,,,,,,,,,,,,,,,,,,,,,,,,,,,
141148,141148,,SPOT,,,10:54:53 14-Apr-2015,,B,-16.3055,145.8857,,,,,2688,3.376,,0.244,28.24,,,,,,,,,,,,,,,,,,,,,,,,,,,,
141148,141148,,SPOT,,,15:19:39 14-Apr-2015,,B,-16.3253,145.8814,,,,,2688,3.200,,0.420,34.12,,,,,,,,,,,,,,,,,,,,,,,,,,,,
141148,141148,,SPOT,,,08:16:28 16-Apr-2015,,B,-16.2782,145.7576,,,,,2688,3.360,,0.212,27.92,,,,,,,,,,,,,,,,,,,,,,,,,,,,
141148,141148,,SPOT,,,08:17:35 16-Apr-2015,,B,-16.2782,145.7576,,,,,2688,3.376,,0.192,27.81,,,,,,,,,,,,,,,,,,,,,,,,,,,,
141148,141148,,SPOT,,,20:03:43 17-Apr-2015,,B,-16.4022,145.7732,,,,,2944,3.344,,0.220,-0.34,,,,,,,,,,,,,,,,,,,,,,,,,,,,
141148,141148,,SPOT,,,06:48:41 18-Apr-2015,,A,-16.2425,145.7854,,,,,2944,3.376,,0.204,27.92,,,,,,,,,,,,,,,,,,,,,,,,,,,,
141148,141148,,SPOT,,,06:50:33 18-Apr-2015,,A,-16.2425,145.7854,,,,,2944,3.360,,0.208,27.92,,,,,,,,,,,,,,,,,,,,,,,,,,,,
141148,141148,,SPOT,,,06:51:21 18-Apr-2015,,A,-16.2425,145.7854,,,,,2944,3.360,,0.204,27.92,,,,,,,,,,,,,,,,,,,,,,,,,,,,
141148,141148,,SPOT,,,08:28:55 18-Apr-2015,,B,-16.3998,145.7420,,,,,2944,3.360,,0.204,27.81,,,,,,,,,,,,,,,,,,,,,,,,,,,,
141148,141148,,SPOT,,,07:20:00 19-Apr-2015,,0,-16.2117,145.9862,,,,,2944,3.360,,0.192,27.81,,,,,,,,,,,,,,,,,,,,,,,,,,,,
141148,141148,,SPOT,,,07:20:48 19-Apr-2015,,0,-16.2117,145.9862,,,,,2944,3.360,,0.192,27.81,,,,,,,,,,,,,,,,,,,,,,,,,,,,
141148,141148,,SPOT,,,07:23:05 19-Apr-2015,,0,-16.2117,145.9862,,,,,2944,3.360,,0.188,27.81,,,,,,,,,,,,,,,,,,,,,,,,,,,,
141148,141148,,SPOT,,,07:23:54 19-Apr-2015,,0,-16.2117,145.9862,,,,,2944,3.344,,0.224,27.81,,,,,,,,,,,,,,,,,,,,,,,,,,,,
141148,141148,,SPOT,,,08:02:31 19-Apr-2015,,A,-16.1953,145.9803,,,,,2944,3.360,,0.208,27.81,,,,,,,,,,,,,,,,,,,,,,,,,,,,
141148,141148,,SPOT,,,08:05:59 19-Apr-2015,,A,-16.1953,145.9803,,,,,2944,3.328,,0.256,-6.02,,,,,,,,,,,,,,,,,,,,,,,,,,,,
141148,141148,,SPOT,,,07:35:34 20-Apr-2015,,A,-16.1949,145.8028,,,,,2944,3.344,,0.212,27.92,,,,,,,,,,,,,,,,,,,,,,,,,,,,
141148,141148,,SPOT,,,07:43:40 20-Apr-2015,,B,-16.1939,145.8022,,,,,2944,3.376,,0.196,27.92,,,,,,,,,,,,,,,,,,,,,,,,,,,,
141148,141148,,SPOT,,,00:08:09 21-Apr-2015,,B,-16.1036,145.7233,,,,,3200,3.376,,0.200,27.81,,,,,,,,,,,,,,,,,,,,,,,,,,,,
141148,141148,,SPOT,,,06:12:11 21-Apr-2015,,B,-16.1043,145.7233,,,,,3200,3.360,,0.212,27.92,,,,,,,,,,,,,,,,,,,,,,,,,,,,
141148,141148,,SPOT,,,08:31:39 22-Apr-2015,,,,,,,,,3200,3.344,,0.236,27.60,,,,,,,,,,,,,,,,,,,,,,,,,,,,
141148,141148,,SPOT,,,09:06:39 22-Apr-2015,,,,,,,,,3200,3.328,,0.236,27.60,,,,,,,,,,,,,,,,,,,,,,,,,,,,
141148,141148,,SPOT,,,21:03:27 23-Apr-2015,,,,,,,,,3200,3.344,,0.204,27.28,,,,,,,,,,,,,,,,,,,,,,,,,,,,
141148,141148,,SPOT,,,00:00:00 24-Apr-2015,,,,,,,,,3200,3.376,,0.196,27.28,,,,,,,,,,,,,,,,,,,,,,,,,,,,
141148,141148,,SPOT,,,07:43:57 24-Apr-2015,,,,,,,,,3200,3.360,,0.188,28.03,,,,,,,,,,,,,,,,,,,,,,,,,,,,
141148,141148,,SPOT,,,08:00:22 24-Apr-2015,,,,,,,,,3200,3.360,,0.200,29.33,,,,,,,,,,,,,,,,,,,,,,,,,,,,
141148,141148,,SPOT,,,08:26:11 24-Apr-2015,,,,,,,,,3200,3.360,,0.196,27.81,,,,,,,,,,,,,,,,,,,,,,,,,,,,
141148,141148,,SPOT,,,19:01:07 27-Apr-2015,,A,-16.2025,145.6027,,,,,3456,3.360,,0.184,27.49,,,,,,,,,,,,,,,,,,,,,,,,,,,,
141148,141148,,SPOT,,,19:04:11 27-Apr-2015,,A,-16.2025,145.6027,,,,,3456,3.328,,0.212,27.49,,,,,,,,,,,,,,,,,,,,,,,,,,,,
141148,141148,,SPOT,,,15:40:04 30-Apr-2015,,B,-16.3768,145.7318,,,,,3712,3.344,,0.188,26.86,,,,,,,,,,,,,,,,,,,,,,,,,,,,
141148,141148,,SPOT,,,15:44:33 30-Apr-2015,,B,-16.3768,145.7318,,,,,3712,3.312,,0.236,26.86,,,,,,,,,,,,,,,,,,,,,,,,,,,,
141148,141148,,SPOT,,,19:10:56 01-May-2015,,,,,,,,,3712,3.360,,0.196,27.07,,,,,,,,,,,,,,,,,,,,,,,,,,,,
141148,141148,,SPOT,,,20:10:50 01-May-2015,,,,,,,,,3712,3.280,,0.264,27.07,,,,,,,,,,,,,,,,,,,,,,,,,,,,
141148,141148,,SPOT,,,07:22:36 03-May-2015,,B,-16.2473,145.7005,,,,,3712,3.296,,0.244,-6.10,,,,,,,,,,,,,,,,,,,,,,,,,,,,
141148,141148,,SPOT,,,12:20:53 04-May-2015,,,,,,,,,3968,3.344,,0.200,27.28,,,,,,,,,,,,,,,,,,,,,,,,,,,,
141148,141148,,SPOT,,,08:15:20 05-May-2015,,,,,,,,,3968,3.344,,0.188,2.57,,,,,,,,,,,,,,,,,,,,,,,,,,,,
141148,141148,,SPOT,,,07:51:08 06-May-2015,,B,-16.0550,145.7928,,,,,3968,3.616,,0.788,17.63,,,,,,,,,,,,,,,,,,,,,,,,,,,,
141148,141148,,SPOT,,,07:54:12 06-May-2015,,B,-16.0550,145.7928,,,,,3968,3.328,,0.196,27.18,,,,,,,,,,,,,,,,,,,,,,,,,,,,
141148,141148,,SPOT,,,06:02:38 07-May-2015,,B,-16.1096,145.9138,,,,,3968,3.328,,0.200,27.39,,,,,,,,,,,,,,,,,,,,,,,,,,,,
141148,141148,,SPOT,,,07:15:52 07-May-2015,,B,-16.1748,145.9885,,,,,3968,3.296,,0.224,27.28,,,,,,,,,,,,,,,,,,,,,,,,,,,,
141148,141148,,SPOT,,,07:23:34 07-May-2015,,B,-16.1748,145.9885,,,,,3968,3.312,,0.180,20.88,,,,,,,,,,,,,,,,,,,,,,,,,,,,
141148,141148,,SPOT,,,07:37:14 07-May-2015,,2,-16.2259,145.9766,,,,,3968,3.328,,0.204,27.28,,,,,,,,,,,,,,,,,,,,,,,,,,,,
141148,141148,,SPOT,,,07:38:46 07-May-2015,,2,-16.2259,145.9766,,,,,3968,3.328,,0.196,27.28,,,,,,,,,,,,,,,,,,,,,,,,,,,,
141148,141148,,SPOT,,,07:42:04 07-May-2015,,2,-16.2259,145.9766,,,,,3968,3.296,,0.228,27.28,,,,,,,,,,,,,,,,,,,,,,,,,,,,
141148,141148,,SPOT,,,07:42:48 07-May-2015,,2,-16.2259,145.9766,,,,,3968,3.296,,0.228,27.28,,,,,,,,,,,,,,,,,,,,,,,,,,,,
141148,141148,,SPOT,,,07:27:17 08-May-2015,,B,-16.4068,146.1678,,,,,3968,3.344,,0.192,27.07,,,,,,,,,,,,,,,,,,,,,,,,,,,,
141148,141148,,SPOT,,,08:33:15 08-May-2015,,B,-16.5333,146.0446,,,,,4224,3.296,,0.232,27.07,,,,,,,,,,,,,,,,,,,,,,,,,,,,
141148,141148,,SPOT,,,08:35:48 08-May-2015,,B,-16.5333,146.0446,,,,,4224,3.328,,0.196,27.07,,,,,,,,,,,,,,,,,,,,,,,,,,,,
141148,141148,,SPOT,,,07:20:15 09-May-2015,,B,-16.5555,146.3977,,,,,4224,3.344,,0.180,27.07,,,,,,,,,,,,,,,,,,,,,,,,,,,,
141148,141148,,SPOT,,,07:42:45 10-May-2015,,B,-16.5025,145.9235,,,,,4224,3.312,,0.084,35.51,,,,,,,,,,,,,,,,,,,,,,,,,,,,
141148,141148,,SPOT,,,07:49:17 10-May-2015,,B,-16.5025,145.9235,,,,,4224,3.328,,0.188,26.97,,,,,,,,,,,,,,,,,,,,,,,,,,,,
141148,141148,,SPOT,,,08:04:24 10-May-2015,,B,-16.4956,145.9290,,,,,4224,3.312,,0.216,-18.30,,,,,,,,,,,,,,,,,,,,,,,,,,,,
141148,141148,,SPOT,,,06:52:07 11-May-2015,,B,-16.3993,145.9779,,,,,4224,3.344,,0.192,26.86,,,,,,,,,,,,,,,,,,,,,,,,,,,,
141148,141148,,SPOT,,,07:28:28 11-May-2015,,B,-16.2542,145.7819,,,,,4224,3.280,,0.208,-18.76,,,,,,,,,,,,,,,,,,,,,,,,,,,,
141148,141148,,SPOT,,,07:29:23 11-May-2015,,A,-16.2430,145.7393,,,,,4224,3.792,,0.372,15.04,,,,,,,,,,,,,,,,,,,,,,,,,,,,
141148,141148,,SPOT,,,07:34:19 11-May-2015,,A,-16.2430,145.7393,,,,,4224,3.312,,0.204,26.97,,,,,,,,,,,,,,,,,,,,,,,,,,,,
141148,141148,,SPOT,,,08:13:42 13-May-2015,,,,,,,,,4480,3.328,,0.208,26.76,,,,,,,,,,,,,,,,,,,,,,,,,,,,
141148,141148,,SPOT,,,07:38:51 14-May-2015,,B,-16.3933,145.7846,,,,,4480,3.280,,0.208,26.45,,,,,,,,,,,,,,,,,,,,,,,,,,,,
141148,141148,,SPOT,,,07:40:30 14-May-2015,,B,-16.3933,145.7846,,,,,4480,3.312,,0.188,26.55,,,,,,,,,,,,,,,,,,,,,,,,,,,,
141148,141148,,SPOT,,,07:44:55 14-May-2015,,B,-16.3906,145.8106,,,,,4480,3.312,,0.192,26.66,,,,,,,,,,,,,,,,,,,,,,,,,,,,
141148,141148,,SPOT,,,07:55:56 14-May-2015,,B,-16.3911,145.7966,,,,,4480,3.296,,0.204,26.66,,,,,,,,,,,,,,,,,,,,,,,,,,,,
141148,141148,,SPOT,,,09:28:50 14-May-2015,,B,-16.3859,145.8064,,,,,4480,3.264,,0.240,26.66,,,,,,,,,,,,,,,,,,,,,,,,,,,,
141148,141148,,SPOT,,,01:03:00 15-May-2015,,B,-16.3670,145.8621,,,,,4480,3.312,,0.204,26.24,,,,,,,,,,,,,,,,,,,,,,,,,,,,
141148,141148,,SPOT,,,07:42:41 17-May-2015,,,,,,,,,4736,3.312,,0.196,25.43,,,,,,,,,,,,,,,,,,,,,,,,,,,,
141148,141148,,SPOT,,,07:08:42 18-May-2015,,,,,,,,,4736,3.248,,0.244,26.14,,,,,,,,,,,,,,,,,,,,,,,,,,,,
141148,141148,,SPOT,,,19:53:34 19-May-2015,,A,-16.4718,145.8363,,,,,4736,3.296,,0.192,26.14,,,,,,,,,,,,,,,,,,,,,,,,,,,,
141148,141148,,SPOT,,,20:00:21 19-May-2015,,A,-16.4718,145.8363,,,,,4736,3.280,,0.204,26.14,,,,,,,,,,,,,,,,,,,,,,,,,,,,
141148,141148,,SPOT,,,20:02:02 19-May-2015,,A,-16.4718,145.8363,,,,,4736,3.280,,0.196,26.14,,,,,,,,,,,,,,,,,,,,,,,,,,,,
141148,141148,,SPOT,,,20:12:06 19-May-2015,,B,-16.4639,145.8367,,,,,4736,3.312,,0.188,26.14,,,,,,,,,,,,,,,,,,,,,,,,,,,,
141148,141148,,SPOT,,,20:14:24 19-May-2015,,B,-16.4639,145.8367,,,,,4736,3.280,,0.196,26.14,,,,,,,,,,,,,,,,,,,,,,,,,,,,
141148,141148,,SPOT,,,20:44:17 19-May-2015,,B,-16.4586,145.8196,,,,,4736,3.280,,0.192,26.14,,,,,,,,,,,,,,,,,,,,,,,,,,,,
141148,141148,,SPOT,,,20:48:51 19-May-2015,,B,-16.4586,145.8196,,,,,4736,3.296,,0.192,26.14,,,,,,,,,,,,,,,,,,,,,,,,,,,,
141148,141148,,SPOT,,,16:11:33 24-May-2015,,,,,,,,,4992,3.296,,0.196,25.73,,,,,,,,,,,,,,,,,,,,,,,,,,,,
141148,141148,,SPOT,,,07:05:51 27-May-2015,,,,,,,,,4992,3.280,,0.192,25.43,,,,,,,,,,,,,,,,,,,,,,,,,,,,
141148,141148,,SPOT,,,07:04:31 28-May-2015,,,,,,,,,4992,3.296,,0.192,28.35,,,,,,,,,,,,,,,,,,,,,,,,,,,,
141148,141148,,SPOT,,,19:24:05 29-May-2015,,,,,,,,,5248,3.264,,0.212,25.33,,,,,,,,,,,,,,,,,,,,,,,,,,,,
141148,141148,,SPOT,,,07:45:09 30-May-2015,,,,,,,,,5248,3.280,,0.172,25.53,,,,,,,,,,,,,,,,,,,,,,,,,,,,
141148,141148,,SPOT,,,19:35:57 30-May-2015,,,,,,,,,5248,3.200,,0.252,13.60,,,,,,,,,,,,,,,,,,,,,,,,,,,,
141148,141148,,SPOT,,,20:33:18 30-May-2015,,,,,,,,,5248,3.264,,0.184,25.63,,,,,,,,,,,,,,,,,,,,,,,,,,,,
141148,141148,,SPOT,,,07:22:50 31-May-2015,,,,,,,,,5248,3.216,,0.240,25.63,,,,,,,,,,,,,,,,,,,,,,,,,,,,
141148,141148,,SPOT,,,08:12:58 02-Jun-2015,,,,,,,,,5504,3.280,,0.176,33.75,,,,,,,,,,,,,,,,,,,,,,,,,,,,
141148,141148,,SPOT,,,00:18:36 03-Jun-2015,,,,,,,,,5504,3.264,,0.180,25.73,,,,,,,,,,,,,,,,,,,,,,,,,,,,
141148,141148,,SPOT,,,07:27:29 03-Jun-2015,,B,-16.3428,145.8027,,,,,5504,3.312,,0.180,25.73,,,,,,,,,,,,,,,,,,,,,,,,,,,,
141148,141148,,SPOT,,,07:31:32 03-Jun-2015,,B,-16.3428,145.8027,,,,,5504,3.280,,0.180,25.73,,,,,,,,,,,,,,,,,,,,,,,,,,,,
141148,141148,,SPOT,,,07:50:19 03-Jun-2015,,B,-16.2895,145.9812,,,,,5504,3.296,,0.176,25.63,,,,,,,,,,,,,,,,,,,,,,,,,,,,
141148,141148,,SPOT,,,07:52:37 03-Jun-2015,,B,-16.2895,145.9812,,,,,5504,3.264,,0.192,25.73,,,,,,,,,,,,,,,,,,,,,,,,,,,,
141148,141148,,SPOT,,,11:54:16 06-Jun-2015,,,,,,,,,5504,3.280,,0.192,25.23,,,,,,,,,,,,,,,,,,,,,,,,,,,,
141148,141148,,SPOT,,,17:15:25 06-Jun-2015,,,,,,,,,5760,3.280,,0.184,25.23,,,,,,,,,,,,,,,,,,,,,,,,,,,,
141148,141148,,SPOT,,,07:46:38 07-Jun-2015,,,,,,,,,18048,2.592,,0.196,19.60,,,,,,,,,,,,,,,,,,,,,,,,,,,,
141148,141148,,SPOT,,,20:36:22 07-Jun-2015,,B,-16.1958,145.7463,,,,,5248,3.264,,0.760,-1.90,,,,,,,,,,,,,,,,,,,,,,,,,,,,
141148,141148,,SPOT,,,20:19:25 08-Jun-2015,,B,-16.3305,145.6695,,,,,5760,3.264,,0.184,25.43,,,,,,,,,,,,,,,,,,,,,,,,,,,,
141148,141148,,SPOT,,,08:05:30 09-Jun-2015,,B,-16.2720,145.7929,,,,,5760,3.264,,0.188,25.53,,,,,,,,,,,,,,,,,,,,,,,,,,,,
141148,141148,,SPOT,,,06:52:00 10-Jun-2015,,B,-16.2878,145.8773,,,,,5760,3.248,,0.204,25.43,,,,,,,,,,,,,,,,,,,,,,,,,,,,
141148,141148,,SPOT,,,08:34:31 10-Jun-2015,,B,-16.2866,145.9104,,,,,6016,3.248,,0.192,25.43,,,,,,,,,,,,,,,,,,,,,,,,,,,,
141148,141148,,SPOT,,,05:05:32 11-Jun-2015,,B,-16.3737,146.0363,,,,,6016,3.264,,0.180,25.43,,,,,,,,,,,,,,,,,,,,,,,,,,,,
141148,141148,,SPOT,,,05:07:18 11-Jun-2015,,B,-16.3737,146.0363,,,,,6016,3.264,,0.176,25.43,,,,,,,,,,,,,,,,,,,,,,,,,,,,
141148,141148,,SPOT,,,16:00:47 12-Jun-2015,,A,-16.4582,145.8683,,,,,6016,3.248,,0.180,24.73,,,,,,,,,,,,,,,,,,,,,,,,,,,,
141148,141148,,SPOT,,,16:02:25 12-Jun-2015,,A,-16.4582,145.8683,,,,,6016,3.216,,0.204,24.73,,,,,,,,,,,,,,,,,,,,,,,,,,,,
141148,141148,,SPOT,,,16:09:17 12-Jun-2015,,A,-16.4582,145.8683,,,,,6016,3.232,,,15.72,,,,,,,,,,,,,,,,,,,,,,,,,,,,
141148,141148,,SPOT,,,18:42:20 12-Jun-2015,,B,-16.4903,145.8715,,,,,6016,3.168,,0.272,24.63,,,,,,,,,,,,,,,,,,,,,,,,,,,,
141148,141148,,SPOT,,,18:47:16 12-Jun-2015,,B,-16.4903,145.8715,,,,,6016,3.248,,0.168,22.39,,,,,,,,,,,,,,,,,,,,,,,,,,,,
141148,141148,,SPOT,,,20:08:24 12-Jun-2015,,B,-16.4978,145.8668,,,,,6016,3.248,,0.180,24.63,,,,,,,,,,,,,,,,,,,,,,,,,,,,
141148,141148,,SPOT,,,20:09:08 12-Jun-2015,,B,-16.4978,145.8668,,,,,6016,3.232,,0.188,24.53,,,,,,,,,,,,,,,,,,,,,,,,,,,,
141148,141148,,SPOT,,,20:58:02 13-Jun-2015,,,,,,,,,6016,3.232,,0.204,24.92,,,,,,,,,,,,,,,,,,,,,,,,,,,,
141148,141148,,SPOT,,,08:42:56 14-Jun-2015,,,,,,,,,6272,3.248,,0.188,24.43,,,,,,,,,,,,,,,,,,,,,,,,,,,,
141148,141148,,SPOT,,,04:21:30 15-Jun-2015,,,,,,,,,6272,3.264,,0.188,-4.14,,,,,,,,,,,,,,,,,,,,,,,,,,,,
141148,141148,,SPOT,,,06:49:18 15-Jun-2015,,2,-16.4666,145.7745,,,,,6272,3.248,,0.180,25.03,,,,,,,,,,,,,,,,,,,,,,,,,,,,
141148,141148,,SPOT,,,06:50:41 15-Jun-2015,,2,-16.4666,145.7745,,,,,6272,3.136,,0.272,25.03,,,,,,,,,,,,,,,,,,,,,,,,,,,,
141148,141148,,SPOT,,,06:53:39 15-Jun-2015,,2,-16.4666,145.7745,,,,,6272,3.280,,0.172,0.07,,,,,,,,,,,,,,,,,,,,,,,,,,,,
141148,141148,,SPOT,,,06:56:49 15-Jun-2015,,2,-16.4666,145.7745,,,,,6272,3.248,,0.180,24.92,,,,,,,,,,,,,,,,,,,,,,,,,,,,
141148,141148,,SPOT,,,07:00:05 15-Jun-2015,,2,-16.4666,145.7745,,,,,6272,3.232,,0.184,25.03,,,,,,,,,,,,,,,,,,,,,,,,,,,,
141148,141148,,SPOT,,,07:30:35 15-Jun-2015,,3,-16.4549,145.7653,,,,,6272,3.248,,0.188,24.53,,,,,,,,,,,,,,,,,,,,,,,,,,,,
141148,141148,,SPOT,,,07:33:27 15-Jun-2015,,3,-16.4549,145.7653,,,,,6272,3.232,,0.188,24.53,,,,,,,,,,,,,,,,,,,,,,,,,,,,
141148,141148,,SPOT,,,07:34:11 15-Jun-2015,,3,-16.4549,145.7653,,,,,6272,3.248,,0.176,24.53,,,,,,,,,,,,,,,,,,,,,,,,,,,,
141148,141148,,SPOT,,,07:34:57 15-Jun-2015,,3,-16.4549,145.7653,,,,,6272,3.232,,0.184,24.53,,,,,,,,,,,,,,,,,,,,,,,,,,,,
141148,141148,,SPOT,,,07:35:41 15-Jun-2015,,3,-16.4549,145.7653,,,,,6272,3.232,,0.180,24.53,,,,,,,,,,,,,,,,,,,,,,,,,,,,
141148,141148,,SPOT,,,07:36:26 15-Jun-2015,,3,-16.4549,145.7653,,,,,6272,3.232,,0.180,24.43,,,,,,,,,,,,,,,,,,,,,,,,,,,,
141148,141148,,SPOT,,,23:36:29 16-Jun-2015,,,,,,,,,6272,3.264,,0.192,25.43,,,,,,,,,,,,,,,,,,,,,,,,,,,,
141148,141148,,SPOT,,,20:05:06 18-Jun-2015,,,,,,,,,6272,3.248,,0.188,24.23,,,,,,,,,,,,,,,,,,,,,,,,,,,,
141148,141148,,SPOT,,,12:24:35 21-Jun-2015,,B,-16.4263,145.9697,,,,,6272,3.200,,0.224,25.03,,,,,,,,,,,,,,,,,,,,,,,,,,,,
141148,141148,,SPOT,,,12:26:28 21-Jun-2015,,B,-16.4263,145.9697,,,,,6272,3.232,,0.188,25.13,,,,,,,,,,,,,,,,,,,,,,,,,,,,
141148,141148,,SPOT,,,16:02:42 21-Jun-2015,,B,-16.3923,145.9234,,,,,6272,3.232,,0.204,25.03,,,,,,,,,,,,,,,,,,,,,,,,,,,,
141148,141148,,SPOT,,,21:48:08 21-Jun-2015,,B,-16.3333,145.8883,,,,,6272,3.152,,0.468,24.43,,,,,,,,,,,,,,,,,,,,,,,,,,,,
141148,141148,,SPOT,,,11:42:33 23-Jun-2015,,B,-16.3841,145.9537,,,,,6272,3.232,,0.196,24.43,,,,,,,,,,,,,,,,,,,,,,,,,,,,
141148,141148,,SPOT,,,20:51:29 23-Jun-2015,,B,-16.3458,145.8963,,,,,6272,3.216,,0.184,24.43,,,,,,,,,,,,,,,,,,,,,,,,,,,,
141148,141148,,SPOT,,,08:55:23 25-Jun-2015,,,,,,,,,6528,3.248,,0.188,24.92,,,,,,,,,,,,,,,,,,,,,,,,,,,,
141148,141148,,SPOT,,,00:30:15 27-Jun-2015,,,,,,,,,14720,3.216,,0.200,24.43,,,,,,,,,,,,,,,,,,,,,,,,,,,,
141148,141148,,SPOT,,,16:03:46 30-Jun-2015,,,,,,,,,6528,3.248,,0.172,24.03,,,,,,,,,,,,,,,,,,,,,,,,,,,,
141148,141148,,SPOT,,,07:54:06 01-Jul-2015,,B,-16.5674,145.9817,,,,,6528,3.184,,0.188,24.23,,,,,,,,,,,,,,,,,,,,,,,,,,,,
141148,141148,,SPOT,,,07:59:54 01-Jul-2015,,B,-16.5674,145.9817,,,,,6528,3.248,,0.144,24.23,,,,,,,,,,,,,,,,,,,,,,,,,,,,
141148,141148,,SPOT,,,09:07:28 01-Jul-2015,,B,-16.5508,146.0249,,,,,6528,3.216,,0.176,24.13,,,,,,,,,,,,,,,,,,,,,,,,,,,,
141148,141148,,SPOT,,,19:39:20 03-Jul-2015,,,,,,,,,6784,3.200,,0.176,22.96,,,,,,,,,,,,,,,,,,,,,,,,,,,,
141148,141148,,SPOT,,,19:25:07 04-Jul-2015,,,,,,,,,6784,3.216,,0.180,23.74,,,,,,,,,,,,,,,,,,,,,,,,,,,,
141148,141148,,SPOT,,,22:25:55 04-Jul-2015,,,,,,,,,6784,3.216,,0.176,24.03,,,,,,,,,,,,,,,,,,,,,,,,,,,,
141148,141148,,SPOT,,,06:22:11 05-Jul-2015,,B,-16.1937,146.3129,,,,,6784,3.216,,0.184,24.23,,,,,,,,,,,,,,,,,,,,,,,,,,,,
141148,141148,,SPOT,,,06:24:48 05-Jul-2015,,B,-16.1937,146.3129,,,,,6784,3.216,,0.916,20.61,,,,,,,,,,,,,,,,,,,,,,,,,,,,
141148,141148,,SPOT,,,07:58:16 05-Jul-2015,,A,-16.3927,145.8034,,,,,6784,3.216,,0.168,22.48,,,,,,,,,,,,,,,,,,,,,,,,,,,,
141148,141148,,SPOT,,,08:00:21 05-Jul-2015,,A,-16.3927,145.8034,,,,,6784,3.184,,0.188,22.58,,,,,,,,,,,,,,,,,,,,,,,,,,,,
141148,141148,,SPOT,,,08:01:05 05-Jul-2015,,A,-16.3302,145.8550,,,,,6784,3.200,,0.180,22.67,,,,,,,,,,,,,,,,,,,,,,,,,,,,
141148,141148,,SPOT,,,08:02:09 05-Jul-2015,,A,-16.3302,145.8550,,,,,6784,3.200,,0.172,22.67,,,,,,,,,,,,,,,,,,,,,,,,,,,,
141148,141148,,SPOT,,,08:44:37 05-Jul-2015,,B,-16.3130,146.0752,,,,,6784,3.232,,0.168,22.58,,,,,,,,,,,,,,,,,,,,,,,,,,,,
141148,141148,,SPOT,,,07:54:59 06-Jul-2015,,B,-16.6489,145.1055,,,,,6784,3.248,,0.164,23.84,,,,,,,,,,,,,,,,,,,,,,,,,,,,
141148,141148,,SPOT,,,20:18:27 06-Jul-2015,,B,-16.3757,145.5171,,,,,6784,3.200,,0.180,24.23,,,,,,,,,,,,,,,,,,,,,,,,,,,,
141148,141148,,SPOT,,,20:36:39 06-Jul-2015,,B,-16.4201,145.5908,,,,,6784,3.216,,0.172,24.23,,,,,,,,,,,,,,,,,,,,,,,,,,,,
141148,141148,,SPOT,,,21:17:04 08-Jul-2015,,,,,,,,,7040,3.232,,0.164,24.23,,,,,,,,,,,,,,,,,,,,,,,,,,,,
141148,141148,,SPOT,,,08:41:17 11-Jul-2015,,,,,,,,,7040,3.200,,0.200,24.23,,,,,,,,,,,,,,,,,,,,,,,,,,,,
141148,141148,,SPOT,,,21:22:02 11-Jul-2015,,,,,,,,,7040,3.184,,0.204,24.23,,,,,,,,,,,,,,,,,,,,,,,,,,,,
141148,141148,,SPOT,,,04:18:39 12-Jul-2015,,A,-16.3234,145.6882,,,,,7040,3.248,,0.160,24.63,,,,,,,,,,,,,,,,,,,,,,,,,,,,
141148,141148,,SPOT,,,04:19:31 12-Jul-2015,,A,-16.3234,145.6882,,,,,7040,3.200,,0.188,24.63,,,,,,,,,,,,,,,,,,,,,,,,,,,,
141148,141148,,SPOT,,,04:20:15 12-Jul-2015,,A,-16.3234,145.6882,,,,,7040,3.200,,0.180,24.73,,,,,,,,,,,,,,,,,,,,,,,,,,,,
141148,141148,,SPOT,,,20:42:49 17-Jul-2015,,,,,,,,,7296,3.200,,0.164,23.06,,,,,,,,,,,,,,,,,,,,,,,,,,,,
141148,141148,,SPOT,,,08:20:38 21-Jul-2015,,,,,,,,,7296,3.232,,0.160,24.43,,,,,,,,,,,,,,,,,,,,,,,,,,,,
141148,141148,,SPOT,,,20:43:42 21-Jul-2015,,,,,,,,,7296,3.232,,0.152,24.73,,,,,,,,,,,,,,,,,,,,,,,,,,,,
141148,141148,,SPOT,,,07:36:20 22-Jul-2015,,,,,,,,,7296,3.248,,0.212,17.11,,,,,,,,,,,,,,,,,,,,,,,,,,,,
141148,141148,,SPOT,,,08:08:57 22-Jul-2015,,B,-16.2553,145.9880,,,,,7296,3.216,,0.164,24.23,,,,,,,,,,,,,,,,,,,,,,,,,,,,
141148,141148,,SPOT,,,08:11:25 22-Jul-2015,,B,-16.2553,145.9880,,,,,7296,3.232,,0.152,25.13,,,,,,,,,,,,,,,,,,,,,,,,,,,,
141148,141148,,SPOT,,,08:14:54 22-Jul-2015,,A,-16.2573,145.9876,,,,,7296,3.504,,0.080,18.79,,,,,,,,,,,,,,,,,,,,,,,,,,,,
141148,141148,,SPOT,,,20:36:39 22-Jul-2015,,B,-16.0281,145.9429,,,,,7552,3.216,,0.160,24.73,,,,,,,,,,,,,,,,,,,,,,,,,,,,
141148,141148,,SPOT,,,20:37:24 22-Jul-2015,,B,-16.0281,145.9429,,,,,7552,3.216,,0.160,21.73,,,,,,,,,,,,,,,,,,,,,,,,,,,,
141148,141148,,SPOT,,,07:08:34 23-Jul-2015,,B,-16.0032,145.7754,,,,,7552,3.200,,0.164,24.73,,,,,,,,,,,,,,,,,,,,,,,,,,,,
141148,141148,,SPOT,,,20:19:39 29-Jul-2015,,,,,,,,,7552,3.200,,0.168,24.63,,,,,,,,,,,,,,,,,,,,,,,,,,,,
141148,141148,,SPOT,,,08:28:16 31-Jul-2015,,,,,,,,,7552,3.152,,0.204,21.44,,,,,,,,,,,,,,,,,,,,,,,,,,,,
141148,141148,,SPOT,,,08:06:31 06-Aug-2015,,B,-16.3320,145.8905,,,,,7808,3.184,,0.156,24.13,,,,,,,,,,,,,,,,,,,,,,,,,,,,
141148,141148,,SPOT,,,08:08:18 06-Aug-2015,,B,-16.3320,145.8905,,,,,7808,3.152,,0.180,24.23,,,,,,,,,,,,,,,,,,,,,,,,,,,,
141148,141148,,SPOT,,,07:03:52 09-Aug-2015,,,,,,,,,7808,3.216,,0.156,24.43,,,,,,,,,,,,,,,,,,,,,,,,,,,,
141148,141148,,SPOT,,,05:51:35 12-Aug-2015,,,,,,,,,7808,3.152,,0.188,25.13,,,,,,,,,,,,,,,,,,,,,,,,,,,,
141148,141148,,SPOT,,,21:39:39 27-Aug-2015,,,,,,,,,8064,3.088,,0.196,24.23,,,,,,,,,,,,,,,,,,,,,,,,,,,,
141148,141148,,SPOT,,,18:34:51 30-Aug-2015,,,,,,,,,8064,3.120,,0.176,25.03,,,,,,,,,,,,,,,,,,,,,,,,,,,,
141148,141148,,SPOT,,,19:26:52 04-Sep-2015,,,,,,,,,8064,3.104,,0.180,25.23,,,,,,,,,,,,,,,,,,,,,,,,,,,,
141148,141148,,SPOT,,,08:53:55 09-Sep-2015,,,,,,,,,7552,3.120,,0.248,-12.09,,,,,,,,,,,,,,,,,,,,,,,,,,,,
141148,141148,,SPOT,,,08:57:29 09-Sep-2015,,,,,,,,,8064,3.120,,0.164,25.33,,,,,,,,,,,,,,,,,,,,,,,,,,,,
141148,141148,,SPOT,,,08:33:32 10-Sep-2015,,,,,,,,,8064,3.120,,0.164,25.13,,,,,,,,,,,,,,,,,,,,,,,,,,,,
141148,141148,,SPOT,,,21:06:57 10-Sep-2015,,,,,,,,,8064,3.232,,0.172,34.12,,,,,,,,,,,,,,,,,,,,,,,,,,,,
141148,141148,,SPOT,,,08:03:10 22-Sep-2015,,,,,,,,,8320,3.136,,0.156,-14.06,,,,,,,,,,,,,,,,,,,,,,,,,,,,
141148,141148,,SPOT,,,08:27:26 23-Sep-2015,,,,,,,,,8320,3.120,,0.156,25.13,,,,,,,,,,,,,,,,,,,,,,,,,,,,
141148,141148,,SPOT,,,20:59:51 23-Sep-2015,,,,,,,,,8576,3.360,,0.156,11.52,,,,,,,,,,,,,,,,,,,,,,,,,,,,
141148,141148,,SPOT,,,19:45:04 26-Sep-2015,,,,,,,,,8576,3.120,,0.156,24.43,,,,,,,,,,,,,,,,,,,,,,,,,,,,
141148,141148,,SPOT,,,20:09:22 26-Sep-2015,,,,,,,,,8576,3.104,,0.164,25.03,,,,,,,,,,,,,,,,,,,,,,,,,,,,
141148,141148,,SPOT,,,09:02:45 29-Sep-2015,,,,,,,,,8576,3.056,,0.192,25.33,,,,,,,,,,,,,,,,,,,,,,,,,,,,
141148,141148,,SPOT,,,04:53:28 06-Oct-2015,,,,,,,,,8576,3.104,,0.148,25.03,,,,,,,,,,,,,,,,,,,,,,,,,,,,
141148,141148,,SPOT,,,20:40:30 06-Oct-2015,,,,,,,,,8576,3.088,,0.156,27.07,,,,,,,,,,,,,,,,,,,,,,,,,,,,
141148,141148,,SPOT,,,07:55:05 07-Oct-2015,,,,,,,,,384,3.584,,0.436,-12.09,,,,,,,,,,,,,,,,,,,,,,,,,,,,
141148,141148,,SPOT,,,07:53:49 30-Oct-2015,,,,,,,,,8832,3.088,,0.144,26.04,,,,,,,,,,,,,,,,,,,,,,,,,,,,
141148,141148,,SPOT,,,20:09:07 31-Oct-2015,,,,,,,,,9088,3.088,,0.144,25.83,,,,,,,,,,,,,,,,,,,,,,,,,,,,
141148,141148,,SPOT,,,20:58:26 31-Oct-2015,,,,,,,,,9088,3.056,,0.156,25.83,,,,,,,,,,,,,,,,,,,,,,,,,,,,
141148,141148,,SPOT,,,07:43:15 06-Nov-2015,,,,,,,,,9088,3.024,,0.172,26.24,,,,,,,,,,,,,,,,,,,,,,,,,,,,
141148,141148,,SPOT,,,00:18:32 07-Nov-2015,,,,,,,,,9088,3.072,,0.152,27.07,,,,,,,,,,,,,,,,,,,,,,,,,,,,
141148,141148,,SPOT,,,05:40:40 16-Nov-2015,,,,,,,,,9088,3.040,,0.160,26.24,,,,,,,,,,,,,,,,,,,,,,,,,,,,
141148,141148,,SPOT,,,07:53:25 17-Nov-2015,,,,,,,,,9088,3.024,,0.164,26.55,,,,,,,,,,,,,,,,,,,,,,,,,,,,
141148,141148,,SPOT,,,19:49:54 17-Nov-2015,,,,,,,,,9088,3.024,,0.168,26.86,,,,,,,,,,,,,,,,,,,,,,,,,,,,
141148,141148,,SPOT,,,05:13:16 18-Nov-2015,,,,,,,,,9088,3.024,,0.172,28.13,,,,,,,,,,,,,,,,,,,,,,,,,,,,
141148,141148,,SPOT,,,19:24:59 19-Nov-2015,,,,,,,,,9344,3.056,,0.152,27.28,,,,,,,,,,,,,,,,,,,,,,,,,,,,
141148,141148,,SPOT,,,08:06:36 23-Nov-2015,,,,,,,,,9344,2.992,,0.168,26.55,,,,,,,,,,,,,,,,,,,,,,,,,,,,
141148,141148,,SPOT,,,11:54:09 24-Nov-2015,,,,,,,,,9344,3.024,,0.168,27.92,,,,,,,,,,,,,,,,,,,,,,,,,,,,
141148,141148,,SPOT,,,20:06:08 26-Nov-2015,,,,,,,,,9344,3.024,,0.160,26.66,,,,,,,,,,,,,,,,,,,,,,,,,,,,
141148,141148,,SPOT,,,07:04:57 27-Nov-2015,,,,,,,,,9344,2.976,,0.176,26.55,,,,,,,,,,,,,,,,,,,,,,,,,,,,
141148,141148,,SPOT,,,07:41:23 27-Nov-2015,,,,,,,,,9344,2.976,,0.180,27.39,,,,,,,,,,,,,,,,,,,,,,,,,,,,
141148,141148,,SPOT,,,07:48:17 27-Nov-2015,,,,,,,,,1152,2.880,,0.160,25.03,,,,,,,,,,,,,,,,,,,,,,,,,,,,
141148,141148,,SPOT,,,08:42:59 27-Nov-2015,,,,,,,,,9344,2.992,,0.176,26.97,,,,,,,,,,,,,,,,,,,,,,,,,,,,
141148,141148,,SPOT,,,08:50:20 27-Nov-2015,,,,,,,,,9344,2.976,,0.180,26.86,,,,,,,,,,,,,,,,,,,,,,,,,,,,
141148,141148,,SPOT,,,05:01:54 28-Nov-2015,,,,,,,,,9344,3.024,,0.036,27.39,,,,,,,,,,,,,,,,,,,,,,,,,,,,
141148,141148,,SPOT,,,07:12:53 28-Nov-2015,,,,,,,,,9344,3.024,,0.168,28.35,,,,,,,,,,,,,,,,,,,,,,,,,,,,
141148,141148,,SPOT,,,08:21:09 08-Dec-2015,,,,,,,,,9344,3.024,,0.160,27.92,,,,,,,,,,,,,,,,,,,,,,,,,,,,
141148,141148,,SPOT,,,19:21:48 09-Dec-2015,,,,,,,,,9344,3.040,,0.148,27.92,,,,,,,,,,,,,,,,,,,,,,,,,,,,
141148,141148,,SPOT,,,20:34:13 09-Dec-2015,,,,,,,,,9600,3.088,,0.384,33.02,,,,,,,,,,,,,,,,,,,,,,,,,,,,
141148,141148,,SPOT,,,20:37:04 09-Dec-2015,,,,,,,,,9344,3.008,,0.164,27.92,,,,,,,,,,,,,,,,,,,,,,,,,,,,
141148,141148,,SPOT,,,16:28:28 14-Dec-2015,,,,,,,,,9600,3.008,,0.156,30.56,,,,,,,,,,,,,,,,,,,,,,,,,,,,
141148,141148,,SPOT,,,23:02:35 16-Dec-2015,,,,,,,,,9600,2.960,,0.176,26.76,,,,,,,,,,,,,,,,,,,,,,,,,,,,
141148,141148,,SPOT,,,07:55:01 17-Dec-2015,,,,,,,,,9600,3.056,,0.140,28.03,,,,,,,,,,,,,,,,,,,,,,,,,,,,
141148,141148,,SPOT,,,19:41:42 17-Dec-2015,,,,,,,,,9600,3.040,,0.148,27.81,,,,,,,,,,,,,,,,,,,,,,,,,,,,
141148,141148,,SPOT,,,06:45:18 18-Dec-2015,,,,,,,,,9600,2.992,,0.156,27.92,,,,,,,,,,,,,,,,,,,,,,,,,,,,
141148,141148,,SPOT,,,19:24:06 18-Dec-2015,,,,,,,,,9600,2.992,,0.164,27.60,,,,,,,,,,,,,,,,,,,,,,,,,,,,
141148,141148,,SPOT,,,04:24:32 19-Dec-2015,,,,,,,,,9600,3.008,,0.160,28.03,,,,,,,,,,,,,,,,,,,,,,,,,,,,
141148,141148,,SPOT,,,07:52:32 19-Dec-2015,,,,,,,,,9600,3.008,,0.164,27.92,,,,,,,,,,,,,,,,,,,,,,,,,,,,
141148,141148,,SPOT,,,08:43:02 19-Dec-2015,,,,,,,,,9600,3.024,,0.156,22.10,,,,,,,,,,,,,,,,,,,,,,,,,,,,
141148,141148,,SPOT,,,08:46:22 19-Dec-2015,,,,,,,,,9600,2.992,,0.160,27.92,,,,,,,,,,,,,,,,,,,,,,,,,,,,
141148,141148,,SPOT,,,13:21:49 19-Dec-2015,,,,,,,,,9600,3.024,,0.152,27.71,,,,,,,,,,,,,,,,,,,,,,,,,,,,
141148,141148,,SPOT,,,00:34:53 20-Dec-2015,,,,,,,,,9600,2.992,,0.164,-17.52,,,,,,,,,,,,,,,,,,,,,,,,,,,,
141148,141148,,SPOT,,,00:00:12 26-Dec-2015,,,,,,,,,9856,2.976,,0.168,27.39,,,,,,,,,,,,,,,,,,,,,,,,,,,,
141148,141148,,SPOT,,,19:52:24 02-Jan-2016,,,,,,,,,10112,2.992,,0.160,28.78,,,,,,,,,,,,,,,,,,,,,,,,,,,,
141148,141148,,SPOT,,,08:18:21 03-Jan-2016,,,,,,,,,10112,3.024,,0.148,28.67,,,,,,,,,,,,,,,,,,,,,,,,,,,,
141148,141148,,SPOT,,,19:23:04 04-Jan-2016,,,,,,,,,9856,3.024,,0.128,17.90,,,,,,,,,,,,,,,,,,,,,,,,,,,,
141148,141148,,SPOT,,,19:56:49 04-Jan-2016,,,,,,,,,10112,2.992,,0.160,27.92,,,,,,,,,,,,,,,,,,,,,,,,,,,,
141148,141148,,SPOT,,,20:10:38 04-Jan-2016,,,,,,,,,10112,3.008,,0.148,-17.97,,,,,,,,,,,,,,,,,,,,,,,,,,,,
141148,141148,,SPOT,,,20:11:31 04-Jan-2016,,,,,,,,,10112,3.024,,0.208,21.54,,,,,,,,,,,,,,,,,,,,,,,,,,,,
141148,141148,,SPOT,,,20:12:24 04-Jan-2016,,,,,,,,,10112,2.928,,0.160,27.92,,,,,,,,,,,,,,,,,,,,,,,,,,,,
141148,141148,,SPOT,,,07:57:22 06-Jan-2016,,,,,,,,,10368,3.008,,0.156,28.46,,,,,,,,,,,,,,,,,,,,,,,,,,,,
141148,141148,,SPOT,,,07:26:51 07-Jan-2016,,A,-17.1229,152.3689,,,,,10368,2.992,,0.156,28.67,,,,,,,,,,,,,,,,,,,,,,,,,,,,
141148,141148,,SPOT,,,07:31:01 07-Jan-2016,,A,-17.1229,152.3689,,,,,10368,2.960,,0.172,28.56,,,,,,,,,,,,,,,,,,,,,,,,,,,,
141148,141148,,SPOT,,,07:33:35 07-Jan-2016,,A,-17.1229,152.3689,,,,,10368,2.992,,0.160,28.56,,,,,,,,,,,,,,,,,,,,,,,,,,,,
141148,141148,,SPOT,,,07:39:20 07-Jan-2016,,A,-17.1255,152.3695,,,,,10368,2.992,,0.156,28.56,,,,,,,,,,,,,,,,,,,,,,,,,,,,
141148,141148,,SPOT,,,07:53:54 07-Jan-2016,,B,-17.1201,152.3633,,,,,10368,3.024,,0.148,28.56,,,,,,,,,,,,,,,,,,,,,,,,,,,,
141148,141148,,SPOT,,,07:59:09 07-Jan-2016,,B,-17.1201,152.3633,,,,,10368,3.040,,0.144,28.56,,,,,,,,,,,,,,,,,,,,,,,,,,,,
141148,141148,,SPOT,,,07:20:41 08-Jan-2016,,B,-16.8748,152.4511,,,,,10368,3.008,,0.156,28.89,,,,,,,,,,,,,,,,,,,,,,,,,,,,
141148,141148,,SPOT,,,16:38:17 09-Jan-2016,,B,-15.8886,153.9303,,,,,10368,3.024,,0.144,28.46,,,,,,,,,,,,,,,,,,,,,,,,,,,,
141148,141148,,SPOT,,,16:42:23 09-Jan-2016,,B,-15.8886,153.9303,,,,,14464,2.784,,0.840,2.65,,,,,,,,,,,,,,,,,,,,,,,,,,,,
141148,141148,,SPOT,,,18:19:33 09-Jan-2016,,B,-15.8888,153.9305,,,,,10368,2.736,,0.152,28.56,,,,,,,,,,,,,,,,,,,,,,,,,,,,
141148,141148,,SPOT,,,19:00:09 10-Jan-2016,,B,-15.5405,153.9800,,,,,10624,2.928,,0.176,28.35,,,,,,,,,,,,,,,,,,,,,,,,,,,,
141148,141148,,SPOT,,,19:01:25 10-Jan-2016,,B,-15.5405,153.9800,,,,,10624,3.008,,0.148,28.35,,,,,,,,,,,,,,,,,,,,,,,,,,,,
141148,141148,,SPOT,,,06:48:31 11-Jan-2016,,B,-15.3034,154.7245,,,,,27008,2.976,,0.032,16.06,,,,,,,,,,,,,,,,,,,,,,,,,,,,
141148,141148,,SPOT,,,06:53:04 11-Jan-2016,,B,-15.3034,154.7245,,,,,10624,3.008,,0.148,29.00,,,,,,,,,,,,,,,,,,,,,,,,,,,,
141148,141148,,SPOT,,,07:08:42 15-Jan-2016,,,,,,,,,10624,2.944,,0.176,29.33,,,,,,,,,,,,,,,,,,,,,,,,,,,,
141148,141148,,SPOT,,,19:32:09 15-Jan-2016,,,,,,,,,10624,2.960,,0.168,29.44,,,,,,,,,,,,,,,,,,,,,,,,,,,,
141148,141148,,SPOT,,,03:53:21 17-Jan-2016,,,,,,,,,10624,2.976,,0.164,29.88,,,,,,,,,,,,,,,,,,,,,,,,,,,,
141148,141148,,SPOT,,,20:10:02 17-Jan-2016,,,,,,,,,10624,2.976,,0.156,29.44,,,,,,,,,,,,,,,,,,,,,,,,,,,,
141148,141148,,SPOT,,,18:36:46 19-Jan-2016,,,,,,,,,10624,2.928,,0.180,30.11,,,,,,,,,,,,,,,,,,,,,,,,,,,,
141148,141148,,SPOT,,,10:58:37 24-Jan-2016,,B,-10.8365,155.7251,,,,,10880,3.008,,0.152,30.79,,,,,,,,,,,,,,,,,,,,,,,,,,,,
141148,141148,,SPOT,,,08:24:09 25-Jan-2016,,B,-10.8417,155.7284,,,,,10880,3.008,,0.144,30.11,,,,,,,,,,,,,,,,,,,,,,,,,,,,
141148,141148,,SPOT,,,03:28:37 29-Jan-2016,,,,,,,,,10880,2.960,,0.160,30.67,,,,,,,,,,,,,,,,,,,,,,,,,,,,
141148,141148,,SPOT,,,04:58:14 29-Jan-2016,,B,-11.7162,155.8543,,,,,10880,2.960,,0.160,30.45,,,,,,,,,,,,,,,,,,,,,,,,,,,,
141148,141148,,SPOT,,,05:04:32 29-Jan-2016,,B,-11.7162,155.8543,,,,,10880,2.928,,0.172,30.33,,,,,,,,,,,,,,,,,,,,,,,,,,,,
141148,141148,,SPOT,,,19:02:37 30-Jan-2016,,,,,,,,,10880,2.720,,0.140,29.00,,,,,,,,,,,,,,,,,,,,,,,,,,,,
141148,141148,,SPOT,,,19:27:50 31-Jan-2016,,,,,,,,,10880,2.976,,0.144,29.55,,,,,,,,,,,,,,,,,,,,,,,,,,,,
141148,141148,,SPOT,,,08:01:31 03-Feb-2016,,,,,,,,,11136,2.976,,0.144,28.67,,,,,,,,,,,,,,,,,,,,,,,,,,,,
141148,141148,,SPOT,,,10:45:26 03-Feb-2016,,,,,,,,,11136,2.960,,0.148,29.44,,,,,,,,,,,,,,,,,,,,,,,,,,,,
141148,141148,,SPOT,,,14:43:34 06-Feb-2016,,,,,,,,,11136,2.896,,0.172,29.55,,,,,,,,,,,,,,,,,,,,,,,,,,,,
141148,141148,,SPOT,,,20:58:33 10-Feb-2016,,,,,,,,,11136,2.880,,0.160,27.39,,,,,,,,,,,,,,,,,,,,,,,,,,,,
141148,141148,,SPOT,,,08:38:16 13-Feb-2016,,,,,,,,,11392,2.944,,0.164,11.77,,,,,,,,,,,,,,,,,,,,,,,,,,,,
141148,141148,,SPOT,,,20:07:36 13-Feb-2016,,,,,,,,,11392,2.944,,0.156,29.44,,,,,,,,,,,,,,,,,,,,,,,,,,,,
141148,141148,,SPOT,,,20:24:02 14-Feb-2016,,,,,,,,,11392,2.912,,0.164,29.44,,,,,,,,,,,,,,,,,,,,,,,,,,,,
141148,141148,,SPOT,,,19:37:04 18-Feb-2016,,Z,-18.2682,152.9299,,,,,11392,2.912,,0.148,-7.32,,,,,,,,,,,,,,,,,,,,,,,,,,,,
141148,141148,,SPOT,,,20:38:03 19-Feb-2016,,,,,,,,,11392,2.880,,0.164,29.11,,,,,,,,,,,,,,,,,,,,,,,,,,,,
141148,141148,,SPOT,,,07:38:56 20-Feb-2016,,B,-15.1267,155.7487,,,,,11392,2.960,,0.140,28.46,,,,,,,,,,,,,,,,,,,,,,,,,,,,
141148,141148,,SPOT,,,07:43:25 20-Feb-2016,,B,-15.1267,155.7487,,,,,11392,2.896,,0.160,29.88,,,,,,,,,,,,,,,,,,,,,,,,,,,,
141148,141148,,SPOT,,,20:36:54 20-Feb-2016,,Z,-14.7055,153.7676,,,,,11392,2.848,,0.164,-1.16,,,,,,,,,,,,,,,,,,,,,,,,,,,,
141148,141148,,SPOT,,,12:54:26 21-Feb-2016,,,,,,,,,11392,2.944,,0.148,29.11,,,,,,,,,,,,,,,,,,,,,,,,,,,,
141148,141148,,SPOT,,,20:16:10 21-Feb-2016,,,,,,,,,11392,2.960,,0.148,29.33,,,,,,,,,,,,,,,,,,,,,,,,,,,,
141148,141148,,SPOT,,,07:10:36 22-Feb-2016,,,,,,,,,11648,2.960,,0.400,13.68,,,,,,,,,,,,,,,,,,,,,,,,,,,,
141148,141148,,SPOT,,,08:48:31 22-Feb-2016,,,,,,,,,11648,2.944,,0.156,30.11,,,,,,,,,,,,,,,,,,,,,,,,,,,,
141148,141148,,SPOT,,,10:52:17 22-Feb-2016,,,,,,,,,11648,2.928,,0.156,30.11,,,,,,,,,,,,,,,,,,,,,,,,,,,,
141148,141148,,SPOT,,,12:35:43 22-Feb-2016,,,,,,,,,11648,2.896,,0.168,23.25,,,,,,,,,,,,,,,,,,,,,,,,,,,,
141148,141148,,SPOT,,,08:21:53 23-Feb-2016,,A,-15.1860,139.0701,,,,,11648,2.912,,0.164,17.63,,,,,,,,,,,,,,,,,,,,,,,,,,,,
141148,141148,,SPOT,,,08:22:54 23-Feb-2016,,A,-15.1860,139.0701,,,,,11648,2.944,,0.152,30.22,,,,,,,,,,,,,,,,,,,,,,,,,,,,
141148,141148,,SPOT,,,09:39:37 23-Feb-2016,,B,-16.9384,147.0906,,,,,11648,2.896,,0.168,29.88,,,,,,,,,,,,,,,,,,,,,,,,,,,,
141148,141148,,SPOT,,,10:35:47 23-Feb-2016,,B,-16.9484,147.0944,,,,,11648,2.896,,0.172,29.88,,,,,,,,,,,,,,,,,,,,,,,,,,,,
141148,141148,,SPOT,,,16:28:39 24-Feb-2016,,,,,,,,,11648,2.928,,0.152,29.22,,,,,,,,,,,,,,,,,,,,,,,,,,,,
141148,141148,,SPOT,,,15:41:25 28-Feb-2016,,,,,,,,,11648,2.928,,0.156,29.66,,,,,,,,,,,,,,,,,,,,,,,,,,,,
141148,141148,,SPOT,,,05:40:21 01-Mar-2016,,,,,,,,,11648,2.880,,0.176,30.79,,,,,,,,,,,,,,,,,,,,,,,,,,,,
141148,141148,,SPOT,,,19:57:45 02-Mar-2016,,,,,,,,,11648,2.800,,0.196,30.00,,,,,,,,,,,,,,,,,,,,,,,,,,,,
141148,141148,,SPOT,,,23:59:44 02-Mar-2016,,,,,,,,,11904,3.696,,0.116,-3.31,,,,,,,,,,,,,,,,,,,,,,,,,,,,
141148,141148,,SPOT,,,20:22:22 03-Mar-2016,,,,,,,,,11904,2.912,,0.156,29.55,,,,,,,,,,,,,,,,,,,,,,,,,,,,
141148,141148,,SPOT,,,05:09:34 04-Mar-2016,,,,,,,,,11904,2.912,,0.164,17.46,,,,,,,,,,,,,,,,,,,,,,,,,,,,
141148,141148,,SPOT,,,20:29:12 04-Mar-2016,,B,-16.1454,146.7652,,,,,11904,2.896,,0.168,29.55,,,,,,,,,,,,,,,,,,,,,,,,,,,,
141148,141148,,SPOT,,,19:16:26 05-Mar-2016,,B,-16.0688,146.6127,,,,,11904,2.896,,0.164,29.55,,,,,,,,,,,,,,,,,,,,,,,,,,,,
141148,141148,,SPOT,,,19:17:10 05-Mar-2016,,B,-16.0688,146.6127,,,,,11904,2.928,,0.156,29.44,,,,,,,,,,,,,,,,,,,,,,,,,,,,
141148,141148,,SPOT,,,19:01:42 07-Mar-2016,,,,,,,,,11904,2.880,,0.164,29.77,,,,,,,,,,,,,,,,,,,,,,,,,,,,
141148,141148,,SPOT,,,20:36:40 07-Mar-2016,,,,,,,,,11904,2.896,,0.160,29.55,,,,,,,,,,,,,,,,,,,,,,,,,,,,
141148,141148,,SPOT,,,20:39:34 07-Mar-2016,,B,-15.8938,146.3214,,,,,11904,2.896,,0.160,29.55,,,,,,,,,,,,,,,,,,,,,,,,,,,,
141148,141148,,SPOT,,,08:28:48 16-Mar-2016,,,,,,,,,12160,2.896,,0.156,29.66,,,,,,,,,,,,,,,,,,,,,,,,,,,,
141148,141148,,SPOT,,,22:28:16 21-Mar-2016,,,,,,,,,12160,2.912,,0.152,29.55,,,,,,,,,,,,,,,,,,,,,,,,,,,,
141148,141148,,SPOT,,,04:57:24 23-Mar-2016,,,,,,,,,12160,2.944,,0.144,29.77,,,,,,,,,,,,,,,,,,,,,,,,,,,,
141148,141148,,SPOT,,,18:49:51 23-Mar-2016,,,,,,,,,19840,2.912,,0.596,-17.52,,,,,,,,,,,,,,,,,,,,,,,,,,,,
141148,141148,,SPOT,,,20:06:09 28-Mar-2016,,,,,,,,,12416,2.864,,0.164,29.44,,,,,,,,,,,,,,,,,,,,,,,,,,,,
141148,141148,,SPOT,,,05:19:06 30-Mar-2016,,,,,,,,,12416,2.848,,0.164,29.44,,,,,,,,,,,,,,,,,,,,,,,,,,,,
141148,141148,,SPOT,,,00:06:59 03-Apr-2016,,,,,,,,,12416,2.800,,0.176,29.00,,,,,,,,,,,,,,,,,,,,,,,,,,,,
141148,141148,,SPOT,,,07:25:46 03-Apr-2016,,,,,,,,,12416,2.848,,0.164,29.00,,,,,,,,,,,,,,,,,,,,,,,,,,,,
141148,141148,,SPOT,,,07:59:31 05-Apr-2016,,,,,,,,,12416,2.832,,0.156,28.78,,,,,,,,,,,,,,,,,,,,,,,,,,,,
141148,141148,,SPOT,,,22:53:56 08-Apr-2016,,,,,,,,,896,2.608,,0.948,7.46,,,,,,,,,,,,,,,,,,,,,,,,,,,,
141148,141148,,SPOT,,,04:58:33 09-Apr-2016,,,,,,,,,12416,2.768,,0.164,28.13,,,,,,,,,,,,,,,,,,,,,,,,,,,,
