DeployID,Ptt,Instr,Date,Duplicates,Satellite,LocationQuality,Latitude,Longitude,Reason,Possible Timestamp,Possible Type,Byte 0,Byte 1,Byte 2,Byte 3,Byte 4,Byte 5,Byte 6,Byte 7,Byte 8,Byte 9,Byte 10,Byte 11,Byte 12,Byte 13,Byte 14,Byte 15,Byte 16,Byte 17,Byte 18,Byte 19,Byte 20,Byte 21,Byte 22,Byte 23,Byte 24,Byte 25,Byte 26,Byte 27,Byte 28,Byte 29,Byte 30,Byte 31
227998,227998,UT,09:06:19 15-Feb-2022,,,A,-29.0438,167.9511,CRC 4.14,09:06:19 15-Feb-2022,Status,68,200,4,,,,,,,,,,,,,,,,,,,,,,,,,,,,,
227998,227998,UT,21:42:30 26-Feb-2022,,,,,,CRC 7.1,21:42:30 26-Feb-2022,Status,71,27,7,,,,,,,,,,,,,,,,,,,,,,,,,,,,,
227998,227998,UT,21:42:30 26-Feb-2022,,,,,,CRC 7.1,21:42:30 26-Feb-2022,Status,71,27,7,,,,,,,,,,,,,,,,,,,,,,,,,,,,,
227998,227998,UT,18:37:30 02-Mar-2022,,,3,-28.8901,167.8722,CRC (both failed),,,42,140,32,14,14,238,238,238,238,238,238,238,111,150,66,164,66,26,22,26,22,196,3,175,5,251,12,204,177,239,208,
227998,227998,UT,07:11:00 03-Mar-2022,,,A,-28.9500,167.8902,CRC 14.6,07:11:00 03-Mar-2022,Status,30,142,20,,,,,,,,,,,,,,,,,,,,,,,,,,,,,
227998,227998,UT,10:20:50 03-Mar-2022,,,2,-29.0142,167.7609,CRC 194.73,10:22:09 03-Mar-2022,Status,88,80,165,245,104,201,88,176,33,169,98,86,20,22,111,142,200,193,134,50,152,210,133,,,,,,,,,
227998,227998,UT,10:21:48 03-Mar-2022,,,2,-29.0142,167.7609,CRC 3.5,,,99,241,166,,,,,,,,,,,,,,,,,,,,,,,,,,,,,
227998,227998,UT,05:02:27 04-Mar-2022,,,B,-29.2047,167.6868,CRC (both failed),,,42,140,96,224,224,224,249,78,25,131,194,143,255,35,38,190,66,13,163,87,251,125,221,43,93,0,57,16,212,103,48,
227998,227998,UT,07:37:23 04-Mar-2022,,,A,-29.1350,167.7851,CRC 8.1,07:37:23 04-Mar-2022,Status,72,10,4,,,,,,,,,,,,,,,,,,,,,,,,,,,,,
227998,227998,UT,18:49:22 04-Mar-2022,,,0,-29.0522,167.7280,CRC 14.6,18:49:22 04-Mar-2022,Status,30,142,20,,,,,,,,,,,,,,,,,,,,,,,,,,,,,
227998,227998,UT,18:54:13 04-Mar-2022,,,1,-29.0539,167.7395,CRC 11.79,18:55:34 04-Mar-2022,Status,65,112,165,245,104,201,88,176,34,75,120,145,212,61,76,191,203,132,223,98,138,167,118,,,,,,,,,
227998,227998,UT,19:37:31 04-Mar-2022,,,B,-29.0654,167.7421,CRC 5.10,19:37:31 04-Mar-2022,Status,5,153,152,,,,,,,,,,,,,,,,,,,,,,,,,,,,,
227998,227998,UT,06:12:54 05-Mar-2022,,,2,-29.0236,167.4895,CRC 1.11,06:12:54 05-Mar-2022,Status,97,133,0,,,,,,,,,,,,,,,,,,,,,,,,,,,,,
227998,227998,UT,06:12:54 05-Mar-2022,,,1,-29.0245,167.4891,CRC 5.8,,,101,151,7,,,,,,,,,,,,,,,,,,,,,,,,,,,,,
227998,227998,UT,09:43:02 05-Mar-2022,,,B,-29.0143,167.4361,CRC 131.41,09:43:02 05-Mar-2022,Status,80,112,165,245,104,201,88,144,34,253,127,71,106,36,89,4,0,255,142,232,32,127,192,,,,,,,,,
227998,227998,UT,19:30:21 05-Mar-2022,,,B,-28.8681,167.2368,CRC 15.1,19:30:21 05-Mar-2022,Status,31,12,220,,,,,,,,,,,,,,,,,,,,,,,,,,,,,
227998,227998,UT,05:32:53 06-Mar-2022,,,3,-28.6813,167.0013,CRC 14.6,05:32:53 06-Mar-2022,Status,30,142,116,,,,,,,,,,,,,,,,,,,,,,,,,,,,,
227998,227998,UT,19:08:48 06-Mar-2022,,,2,-28.5571,166.6545,CRC 14.2,19:08:48 06-Mar-2022,Status,78,22,224,,,,,,,,,,,,,,,,,,,,,,,,,,,,,
227998,227998,UT,19:09:09 06-Mar-2022,,,2,-28.5571,166.6545,CRC 13.7,19:09:09 06-Mar-2022,Status,29,216,80,,,,,,,,,,,,,,,,,,,,,,,,,,,,,
227998,227998,UT,05:46:48 07-Mar-2022,,,2,-28.2211,166.5085,CRC 15.14,05:46:48 07-Mar-2022,Status,15,76,89,,,,,,,,,,,,,,,,,,,,,,,,,,,,,
227998,227998,UT,06:48:40 07-Mar-2022,,,0,-28.1630,166.4925,CRC 10.1,06:48:40 07-Mar-2022,Status,74,211,141,,,,,,,,,,,,,,,,,,,,,,,,,,,,,
227998,227998,UT,11:58:42 07-Mar-2022,,,B,-27.9374,166.1510,CRC 14.15,11:58:42 07-Mar-2022,Status,30,156,148,,,,,,,,,,,,,,,,,,,,,,,,,,,,,
227998,227998,UT,05:14:18 09-Mar-2022,,,1,-28.4668,166.2496,CRC 6.1,05:14:18 09-Mar-2022,Status,22,14,250,,,,,,,,,,,,,,,,,,,,,,,,,,,,,
227998,227998,UT,05:44:26 09-Mar-2022,,,B,-28.4650,166.2500,CRC 15.5,05:44:26 09-Mar-2022,Status,79,6,237,,,,,,,,,,,,,,,,,,,,,,,,,,,,,
227998,227998,UT,06:44:29 09-Mar-2022,,,A,-28.4489,166.2870,CRC 4.0,06:44:29 09-Mar-2022,Status,52,142,150,,,,,,,,,,,,,,,,,,,,,,,,,,,,,
227998,227998,UT,19:07:26 09-Mar-2022,,,0,-28.4196,166.6158,CRC 190.87,19:07:26 09-Mar-2022,Status,87,208,176,70,142,65,89,238,127,242,167,129,26,224,110,54,31,248,42,148,225,199,243,,,,,,,,,
227998,227998,UT,19:13:31 09-Mar-2022,,,0,-28.4196,166.6158,CRC 10.12,,,122,143,3,,,,,,,,,,,,,,,,,,,,,,,,,,,,,
227998,227998,UT,05:07:54 10-Mar-2022,,,1,-28.1888,166.6390,CRC 7.12,,,7,2,4,,,,,,,,,,,,,,,,,,,,,,,,,,,,,
227998,227998,UT,06:55:01 10-Mar-2022,,,0,-28.1897,166.6896,CRC 6.11,06:55:01 10-Mar-2022,Status,86,239,94,,,,,,,,,,,,,,,,,,,,,,,,,,,,,
227998,227998,UT,09:56:48 10-Mar-2022,,,B,-28.1496,166.7519,CRC 10.0,,,106,164,10,,,,,,,,,,,,,,,,,,,,,,,,,,,,,
227998,227998,UT,18:53:21 11-Mar-2022,,,B,-28.1409,166.7056,CRC 11.2,18:53:21 11-Mar-2022,Status,91,232,0,,,,,,,,,,,,,,,,,,,,,,,,,,,,,
227998,227998,UT,20:23:13 11-Mar-2022,,,B,-28.1274,166.7849,CRC 6.0,20:23:13 11-Mar-2022,Status,70,158,5,,,,,,,,,,,,,,,,,,,,,,,,,,,,,
227998,227998,UT,22:50:25 11-Mar-2022,,,B,-28.1318,166.7542,CRC 14.11,22:50:25 11-Mar-2022,Status,30,143,28,,,,,,,,,,,,,,,,,,,,,,,,,,,,,
227998,227998,UT,07:16:45 13-Mar-2022,,,B,-27.4265,167.1254,CRC 6.1,07:16:45 13-Mar-2022,Status,86,97,24,,,,,,,,,,,,,,,,,,,,,,,,,,,,,
227998,227998,UT,18:58:10 13-Mar-2022,,,1,-27.2207,166.8665,CRC 11.4,18:58:10 13-Mar-2022,Status,75,16,184,,,,,,,,,,,,,,,,,,,,,,,,,,,,,
227998,227998,UT,21:43:57 13-Mar-2022,,,B,-27.1631,166.8747,CRC 14.6,21:43:57 13-Mar-2022,Status,30,139,107,,,,,,,,,,,,,,,,,,,,,,,,,,,,,
227998,227998,UT,18:43:42 20-Mar-2022,,,1,-24.0096,164.6384,Short Msg Type 12?,,,201,140,51,,,,,,,,,,,,,,,,,,,,,,,,,,,,,
227998,227998,UT,18:40:01 20-Mar-2022,,,3,-24.0086,164.6301,CRC 248.41,18:57:51 20-Mar-2022,Status,95,16,165,245,104,201,88,176,42,75,156,217,84,19,241,12,1,111,28,211,16,255,128,,,,,,,,,
227998,227998,UT,18:42:28 20-Mar-2022,,,3,-24.0086,164.6301,CRC 10.14,18:42:28 20-Mar-2022,Status,26,129,29,,,,,,,,,,,,,,,,,,,,,,,,,,,,,
227998,227998,UT,18:43:42 20-Mar-2022,,,3,-24.0086,164.6301,CRC 15.3,18:43:42 20-Mar-2022,Status,15,133,26,,,,,,,,,,,,,,,,,,,,,,,,,,,,,
227998,227998,UT,18:46:08 20-Mar-2022,,,3,-24.0086,164.6301,CRC 10.1,18:46:08 20-Mar-2022,Status,90,2,60,,,,,,,,,,,,,,,,,,,,,,,,,,,,,
227998,227998,UT,18:46:29 20-Mar-2022,,,3,-24.0086,164.6301,CRC 2.9,,,98,136,121,,,,,,,,,,,,,,,,,,,,,,,,,,,,,
227998,227998,UT,18:48:14 20-Mar-2022,,,3,-24.0086,164.6301,CRC 245.243,18:50:04 20-Mar-2022,Status,94,176,165,245,104,201,88,176,42,75,33,25,22,19,163,18,7,57,148,15,223,23,184,,,,,,,,,
227998,227998,UT,18:52:08 20-Mar-2022,,,2,-24.0075,164.6462,CRC 2.6,18:52:08 20-Mar-2022,Status,82,195,240,,,,,,,,,,,,,,,,,,,,,,,,,,,,,
227998,227998,UT,20:19:04 20-Mar-2022,,,0,-24.0119,164.6532,CRC 0.13,,,112,174,206,,,,,,,,,,,,,,,,,,,,,,,,,,,,,
227998,227998,UT,20:19:04 20-Mar-2022,,,0,-24.0109,164.6464,CRC 3.5,,,99,156,128,,,,,,,,,,,,,,,,,,,,,,,,,,,,,
227998,227998,UT,06:09:09 21-Mar-2022,,,A,-23.9350,164.8555,CRC 179.237,06:11:00 21-Mar-2022,Status,86,112,165,245,104,201,88,176,42,152,176,21,248,141,237,36,27,75,87,242,81,86,91,,,,,,,,,
227998,227998,UT,06:09:42 21-Mar-2022,,,A,-23.9350,164.8555,CRC 1.9,,,97,129,131,,,,,,,,,,,,,,,,,,,,,,,,,,,,,
227998,227998,UT,06:11:17 21-Mar-2022,,,A,-23.9350,164.8555,CRC 15.11,06:11:17 21-Mar-2022,Status,15,1,44,,,,,,,,,,,,,,,,,,,,,,,,,,,,,
227998,227998,UT,09:59:35 21-Mar-2022,,,B,-24.0567,165.0995,CRC 174.140,23:27:07 15-Mar-2022,Status,85,208,165,245,107,220,231,123,71,221,177,199,170,41,220,95,252,5,159,200,150,75,248,,,,,,,,,
227998,227998,UT,10:21:48 21-Mar-2022,,,B,-24.0446,165.1271,CRC 10.11,10:21:48 21-Mar-2022,Status,90,143,238,,,,,,,,,,,,,,,,,,,,,,,,,,,,,
227998,227998,UT,19:23:44 22-Mar-2022,,,A,-23.3712,165.9365,CRC 84.30,19:25:36 22-Mar-2022,Status,74,144,165,245,104,201,88,176,43,77,153,27,148,22,195,16,1,103,28,212,240,255,128,,,,,,,,,
227998,227998,UT,19:29:15 23-Mar-2022,,,B,-22.8678,166.2429,CRC 15.4,19:29:15 23-Mar-2022,Status,15,0,203,,,,,,,,,,,,,,,,,,,,,,,,,,,,,
227998,227998,UT,19:51:57 23-Mar-2022,,,0,-22.8755,166.2356,CRC 7.15,,,103,152,43,,,,,,,,,,,,,,,,,,,,,,,,,,,,,
227998,227998,UT,20:38:00 23-Mar-2022,,,3,-22.8540,166.2512,CRC 59.189,20:39:56 23-Mar-2022,Status,71,112,165,245,104,201,88,176,43,210,126,27,212,24,41,54,201,48,169,149,93,134,95,,,,,,,,,
227998,227998,UT,06:16:06 24-Mar-2022,,,3,-22.6554,166.2890,CRC 14.0,06:16:06 24-Mar-2022,Status,30,142,22,,,,,,,,,,,,,,,,,,,,,,,,,,,,,
227998,227998,UT,07:59:09 25-Mar-2022,,,B,-22.3557,166.3300,CRC 74.188,00:49:03 17-Mar-2022,Status,73,80,165,245,104,201,88,220,24,131,16,251,77,112,62,178,78,7,207,72,43,200,168,,,,,,,,,
227998,227998,UT,19:04:16 26-Mar-2022,,,1,-21.9355,165.8128,CRC 66.244,19:04:16 26-Mar-2022,Status,72,76,249,179,57,126,59,34,53,132,60,85,101,252,95,216,175,73,128,7,94,110,41,,,,,,,,,
227998,227998,UT,19:06:40 26-Mar-2022,,,1,-21.9355,165.8128,CRC 4.1,,,100,134,99,,,,,,,,,,,,,,,,,,,,,,,,,,,,,
227998,227998,UT,19:06:40 26-Mar-2022,,,3,-21.9305,165.8235,CRC 4.0,,,100,134,12,,,,,,,,,,,,,,,,,,,,,,,,,,,,,
227998,227998,UT,06:48:24 27-Mar-2022,,,3,-21.8037,165.5866,CRC 13.11,06:48:24 27-Mar-2022,Status,77,194,105,,,,,,,,,,,,,,,,,,,,,,,,,,,,,
227998,227998,UT,12:05:54 27-Mar-2022,,,A,-21.7255,165.5184,CRC 3.9,12:05:54 27-Mar-2022,Status,83,83,22,,,,,,,,,,,,,,,,,,,,,,,,,,,,,
227998,227998,UT,21:39:41 29-Mar-2022,,,B,-21.1031,164.6237,CRC 8.11,,,104,138,1,,,,,,,,,,,,,,,,,,,,,,,,,,,,,
227998,227998,UT,19:28:31 30-Mar-2022,,,2,-20.9014,164.3656,CRC 42.191,19:30:40 30-Mar-2022,Status,69,80,165,245,104,201,88,176,47,77,234,19,214,30,147,18,3,166,28,213,133,143,243,,,,,,,,,
227998,227998,UT,06:26:54 02-Apr-2022,,,3,-20.0579,163.6554,CRC 242.194,06:26:54 02-Apr-2022,Status,94,80,254,155,240,63,165,86,255,100,133,236,38,172,127,164,34,207,213,133,4,66,215,,,,,,,,,
227998,227998,UT,06:53:34 02-Apr-2022,,,3,-20.0424,163.6435,CRC 14.4,,,158,142,29,,,,,,,,,,,,,,,,,,,,,,,,,,,,,
227998,227998,UT,06:54:45 02-Apr-2022,,,3,-20.0424,163.6435,CRC 121.207,06:56:59 02-Apr-2022,Status,79,48,165,245,104,201,88,176,33,27,142,211,20,31,90,123,207,56,7,29,135,49,48,,,,,,,,,
227998,227998,UT,07:02:25 02-Apr-2022,,,B,-20.0492,163.6479,CRC 15.6,07:02:25 02-Apr-2022,Status,15,3,17,,,,,,,,,,,,,,,,,,,,,,,,,,,,,
227998,227998,UT,08:04:02 02-Apr-2022,,,1,-19.9896,163.6457,CRC 15.8,08:04:02 02-Apr-2022,Status,15,1,204,,,,,,,,,,,,,,,,,,,,,,,,,,,,,
227998,227998,UT,09:55:40 02-Apr-2022,,,1,-19.9744,163.6321,CRC 9.8,09:55:40 02-Apr-2022,Status,25,116,210,,,,,,,,,,,,,,,,,,,,,,,,,,,,,
227998,227998,UT,09:55:18 02-Apr-2022,,,B,-19.9810,163.6306,CRC 14.13,09:55:18 02-Apr-2022,Status,30,206,28,,,,,,,,,,,,,,,,,,,,,,,,,,,,,
227998,227998,UT,06:03:38 03-Apr-2022,,,3,-19.6298,163.3161,CRC 13.7,06:03:38 03-Apr-2022,Status,77,84,5,,,,,,,,,,,,,,,,,,,,,,,,,,,,,
227998,227998,UT,06:32:28 03-Apr-2022,,,1,-19.6095,163.3162,CRC (both failed),,,42,144,64,238,238,224,0,0,0,238,238,230,242,74,60,70,22,80,89,129,105,65,127,216,140,91,77,223,230,85,134,
227998,227998,UT,18:24:38 03-Apr-2022,,,B,-19.4783,163.2549,CRC 236.198,03:23:04 30-Mar-2022,Status,93,144,165,253,108,111,19,211,31,13,113,12,11,37,117,255,127,25,241,191,144,126,63,,,,,,,,,
227998,227998,UT,19:17:44 03-Apr-2022,,,1,-19.5070,163.2119,CRC 14.6,19:17:44 03-Apr-2022,Status,30,142,20,,,,,,,,,,,,,,,,,,,,,,,,,,,,,
227998,227998,UT,19:59:47 03-Apr-2022,,,2,-19.4895,163.1907,CRC 15.5,,,143,65,16,,,,,,,,,,,,,,,,,,,,,,,,,,,,,
227998,227998,UT,20:58:04 03-Apr-2022,,,2,-19.4992,163.1583,CRC 14.8,20:58:04 03-Apr-2022,Status,30,161,222,,,,,,,,,,,,,,,,,,,,,,,,,,,,,
227998,227998,UT,21:01:12 03-Apr-2022,,,2,-19.4992,163.1583,CRC 11.7,21:01:12 03-Apr-2022,Status,91,84,37,,,,,,,,,,,,,,,,,,,,,,,,,,,,,
227998,227998,UT,21:01:41 03-Apr-2022,,,2,-19.4992,163.1583,CRC 3.1,,,99,200,0,,,,,,,,,,,,,,,,,,,,,,,,,,,,,
227998,227998,UT,09:21:31 04-Apr-2022,,,B,-19.4750,162.8326,CRC 15.12,09:21:31 04-Apr-2022,Status,15,1,17,,,,,,,,,,,,,,,,,,,,,,,,,,,,,
227998,227998,UT,19:34:10 04-Apr-2022,,,A,-19.2561,163.1001,CRC 2.11,19:34:10 04-Apr-2022,Status,82,107,0,,,,,,,,,,,,,,,,,,,,,,,,,,,,,
227998,227998,UT,19:34:10 04-Apr-2022,,,B,-19.2561,163.1001,CRC 2.13,19:34:10 04-Apr-2022,Status,82,105,20,,,,,,,,,,,,,,,,,,,,,,,,,,,,,
227998,227998,UT,12:02:27 06-Apr-2022,,,B,-19.1683,163.5819,CRC 5.8,,,229,6,144,,,,,,,,,,,,,,,,,,,,,,,,,,,,,
227998,227998,UT,12:36:41 06-Apr-2022,,,A,-19.0246,163.7148,CRC 15.5,12:36:41 06-Apr-2022,Status,79,78,5,,,,,,,,,,,,,,,,,,,,,,,,,,,,,
227998,227998,UT,12:39:27 06-Apr-2022,,,A,-19.0246,163.7148,CRC 14.13,12:39:27 06-Apr-2022,Status,30,142,29,,,,,,,,,,,,,,,,,,,,,,,,,,,,,
227998,227998,UT,07:11:19 07-Apr-2022,,,2,-19.5104,163.9065,CRC 6.3,07:11:19 07-Apr-2022,Status,86,226,144,,,,,,,,,,,,,,,,,,,,,,,,,,,,,
227998,227998,UT,07:12:46 07-Apr-2022,,,2,-19.5104,163.9065,CRC 140.49,07:12:46 07-Apr-2022,Status,81,144,165,245,104,201,52,130,190,245,216,177,113,206,210,241,190,217,192,206,88,117,93,,,,,,,,,
227998,227998,UT,07:14:11 07-Apr-2022,,,2,-19.5104,163.9065,CRC 4.5,07:14:11 07-Apr-2022,Status,84,225,102,,,,,,,,,,,,,,,,,,,,,,,,,,,,,
227998,227998,UT,07:12:26 07-Apr-2022,,,A,-18.6139,164.4291,CRC 14.8,07:12:26 07-Apr-2022,Status,30,143,29,,,,,,,,,,,,,,,,,,,,,,,,,,,,,
227998,227998,UT,07:12:46 07-Apr-2022,,,A,-18.6139,164.4291,CRC 140.103,07:12:46 07-Apr-2022,Status,81,144,165,245,104,207,87,191,208,245,79,17,192,209,231,65,198,221,225,30,1,108,211,,,,,,,,,
227998,227998,UT,08:50:47 07-Apr-2022,,,0,-19.5445,163.9597,CRC 15.12,08:50:47 07-Apr-2022,Status,15,1,17,,,,,,,,,,,,,,,,,,,,,,,,,,,,,
227998,227998,UT,08:55:25 07-Apr-2022,,,0,-19.5445,163.9597,CRC 15.12,,,127,16,48,,,,,,,,,,,,,,,,,,,,,,,,,,,,,
227998,227998,UT,10:47:52 07-Apr-2022,,,1,-19.6000,163.9429,CRC 2.7,,,98,136,19,,,,,,,,,,,,,,,,,,,,,,,,,,,,,
227998,227998,UT,06:40:12 08-Apr-2022,,,0,-19.9252,164.2312,CRC 40.116,06:42:36 08-Apr-2022,Status,69,16,165,245,104,201,88,176,36,26,169,24,20,39,143,14,1,212,155,32,62,125,17,,,,,,,,,
227998,227998,UT,06:51:03 08-Apr-2022,,,3,-19.9437,164.2994,,,,106,148,205,,,,,,,,,,,,,,,,,,,,,,,,,,,,,
227998,227998,UT,06:55:39 08-Apr-2022,,,3,-19.9437,164.2994,CRC 15.10,06:55:39 08-Apr-2022,Status,15,1,19,,,,,,,,,,,,,,,,,,,,,,,,,,,,,
227998,227998,UT,10:19:58 08-Apr-2022,,,0,-20.0330,164.3138,CRC 255.190,10:19:58 08-Apr-2022,Status,95,240,165,247,104,201,92,177,38,43,111,153,85,104,37,10,1,219,28,212,32,255,192,,,,,,,,,
227998,227998,UT,06:34:03 09-Apr-2022,,,B,-20.4617,164.8723,CRC (both failed),00:00:00 07-Apr-2022,Percent,42,145,0,14,238,225,58,11,173,145,78,145,17,46,224,115,144,224,14,238,224,0,0,0,0,224,0,0,238,238,28,
227998,227998,UT,18:46:47 12-Apr-2022,,,A,-20.5287,164.9264,CRC 15.5,18:46:47 12-Apr-2022,Status,79,78,5,,,,,,,,,,,,,,,,,,,,,,,,,,,,,
227998,227998,UT,19:02:13 12-Apr-2022,,,0,-20.5443,164.9056,CRC 218.142,19:02:13 12-Apr-2022,Status,91,70,179,103,181,91,184,70,41,207,12,254,213,97,46,122,203,26,123,22,217,20,110,,,,,,,,,
227998,227998,UT,19:02:13 12-Apr-2022,,,1,-20.5492,164.9108,CRC,,Fast-GPS,127,158,2,48,224,232,159,236,89,154,119,4,117,38,108,73,47,15,157,18,171,255,30,,,,,,,,,
227998,227998,UT,19:06:41 12-Apr-2022,,,1,-20.5492,164.9108,CRC 14.11,19:06:41 12-Apr-2022,Status,30,142,31,,,,,,,,,,,,,,,,,,,,,,,,,,,,,
227998,227998,UT,19:08:51 12-Apr-2022,,,1,-20.5492,164.9108,CRC 14.9,19:08:51 12-Apr-2022,Status,30,142,17,,,,,,,,,,,,,,,,,,,,,,,,,,,,,
227998,227998,UT,19:06:41 12-Apr-2022,,,2,-20.5500,164.9099,CRC 14.0,19:06:41 12-Apr-2022,Status,30,204,17,,,,,,,,,,,,,,,,,,,,,,,,,,,,,
227998,227998,UT,19:13:09 12-Apr-2022,,,2,-20.5500,164.9099,CRC 177.131,19:13:09 12-Apr-2022,Status,86,48,165,245,104,201,88,230,45,114,243,36,139,191,188,126,160,252,74,161,53,0,39,,,,,,,,,
227998,227998,UT,22:10:44 14-Apr-2022,,,B,-20.1979,164.3451,CRC 10.9,,,122,50,21,,,,,,,,,,,,,,,,,,,,,,,,,,,,,
227998,227998,UT,22:17:17 14-Apr-2022,,,3,-20.1245,164.3550,CRC 15.3,22:17:17 14-Apr-2022,Status,15,1,36,,,,,,,,,,,,,,,,,,,,,,,,,,,,,
227998,227998,UT,05:22:43 17-Apr-2022,,,,,,CRC (both failed),,,42,146,0,50,238,238,12,176,224,50,145,168,33,242,184,103,222,197,192,42,123,96,138,62,233,212,7,46,240,152,36,
227998,227998,UT,19:22:33 19-Apr-2022,,,0,-19.9866,163.6523,CRC 12.10,19:22:33 19-Apr-2022,Status,76,60,7,,,,,,,,,,,,,,,,,,,,,,,,,,,,,
227998,227998,UT,09:45:20 23-Apr-2022,,,B,-20.4607,163.8480,CRC (both failed),,,42,147,156,226,246,110,227,211,94,236,190,238,224,14,239,70,184,159,232,174,139,103,172,122,109,128,148,118,62,35,189,
227998,227998,UT,09:47:53 23-Apr-2022,,,B,-20.4607,163.8480,CRC 15.3,09:47:53 23-Apr-2022,Status,95,109,82,,,,,,,,,,,,,,,,,,,,,,,,,,,,,
227998,227998,UT,19:17:17 23-Apr-2022,,,0,-20.4791,164.0236,CRC 5.13,19:17:17 23-Apr-2022,Status,85,251,80,,,,,,,,,,,,,,,,,,,,,,,,,,,,,
227998,227998,UT,19:17:55 23-Apr-2022,,,0,-20.4791,164.0236,CRC 11.13,,,107,133,2,,,,,,,,,,,,,,,,,,,,,,,,,,,,,
227998,227998,UT,19:19:58 23-Apr-2022,,,0,-20.4791,164.0236,CRC 6.11,19:19:58 23-Apr-2022,Status,22,142,79,,,,,,,,,,,,,,,,,,,,,,,,,,,,,
227998,227998,UT,19:17:17 23-Apr-2022,,,1,-20.4820,164.0037,CRC 5.10,19:17:17 23-Apr-2022,Status,85,124,22,,,,,,,,,,,,,,,,,,,,,,,,,,,,,
227998,227998,UT,19:17:55 23-Apr-2022,,,1,-20.4820,164.0037,CRC 11.8,,,107,133,97,,,,,,,,,,,,,,,,,,,,,,,,,,,,,
227998,227998,UT,19:19:58 23-Apr-2022,,,1,-20.4820,164.0037,CRC 15.0,19:19:58 23-Apr-2022,Status,31,135,77,,,,,,,,,,,,,,,,,,,,,,,,,,,,,
227998,227998,UT,18:57:10 24-Apr-2022,,,B,-20.7244,164.1609,CRC 14.13,18:57:10 24-Apr-2022,Status,30,142,29,,,,,,,,,,,,,,,,,,,,,,,,,,,,,
227998,227998,UT,18:58:05 24-Apr-2022,,,B,-20.7244,164.1609,CRC 15.7,18:58:05 24-Apr-2022,Status,79,35,13,,,,,,,,,,,,,,,,,,,,,,,,,,,,,
227998,227998,UT,07:22:09 25-Apr-2022,,,B,-20.8616,164.2602,CRC 1.10,,,97,163,53,,,,,,,,,,,,,,,,,,,,,,,,,,,,,
227998,227998,UT,06:49:46 27-Apr-2022,,,1,-21.4518,165.0083,CRC 15.10,06:49:46 27-Apr-2022,Status,95,177,18,,,,,,,,,,,,,,,,,,,,,,,,,,,,,
227998,227998,UT,06:52:00 27-Apr-2022,,,1,-21.4518,165.0083,CRC 4.9,06:52:00 27-Apr-2022,Status,20,63,241,,,,,,,,,,,,,,,,,,,,,,,,,,,,,
227998,227998,UT,06:52:42 27-Apr-2022,,,1,-21.4518,165.0083,CRC 5.3,06:52:42 27-Apr-2022,Status,69,33,71,,,,,,,,,,,,,,,,,,,,,,,,,,,,,
227998,227998,UT,19:07:32 29-Apr-2022,,,,,,CRC 10.4,19:07:32 29-Apr-2022,Status,26,44,223,,,,,,,,,,,,,,,,,,,,,,,,,,,,,
227998,227998,UT,23:42:38 02-May-2022,,,B,-22.6211,167.0388,CRC (both failed),,,42,147,192,238,238,238,238,238,224,175,234,238,238,14,238,35,147,160,0,0,238,0,238,238,238,238,238,224,14,238,39,
227998,227998,UT,05:04:51 03-May-2022,,,B,-22.6036,167.1337,CRC 2.1,05:04:51 03-May-2022,Status,18,142,25,,,,,,,,,,,,,,,,,,,,,,,,,,,,,
227998,227998,UT,05:27:01 03-May-2022,,,B,-22.2953,167.2954,CRC 10.5,05:27:01 03-May-2022,Status,74,54,12,,,,,,,,,,,,,,,,,,,,,,,,,,,,,
227998,227998,UT,07:07:15 03-May-2022,,,B,-22.3301,167.3694,CRC 76.133,12:46:40 09-May-2022,Status,73,144,165,245,104,201,89,242,4,178,234,18,71,178,90,252,17,24,212,131,59,219,109,,,,,,,,,
227998,227998,UT,07:07:15 03-May-2022,,,B,-22.3239,167.4093,CRC 76.28,00:19:32 20-May-2022,Status,73,144,165,245,104,193,47,127,234,1,56,37,85,1,165,159,187,255,156,96,173,189,32,,,,,,,,,
227998,227998,UT,07:07:53 03-May-2022,,,B,-22.3239,167.4093,CRC (both failed),,,43,148,246,128,13,93,247,228,49,246,209,135,61,184,91,99,28,1,127,218,203,14,28,33,12,47,184,94,57,236,121,
227998,227998,UT,19:57:04 03-May-2022,,,1,-22.3203,167.8053,CRC 1.10,,,97,135,9,,,,,,,,,,,,,,,,,,,,,,,,,,,,,
227998,227998,UT,20:04:39 03-May-2022,,,1,-22.3203,167.8053,CRC 0.3,20:04:39 03-May-2022,Status,80,36,8,,,,,,,,,,,,,,,,,,,,,,,,,,,,,
227998,227998,UT,20:04:39 03-May-2022,,,0,-22.3218,167.8143,CRC 0.5,20:04:39 03-May-2022,Status,80,36,26,,,,,,,,,,,,,,,,,,,,,,,,,,,,,
227998,227998,UT,20:35:22 03-May-2022,,,1,-22.3456,167.8286,CRC 0.3,20:35:22 03-May-2022,Status,80,52,153,,,,,,,,,,,,,,,,,,,,,,,,,,,,,
227998,227998,UT,04:49:05 04-May-2022,,,B,-22.3304,168.0348,CRC 15.12,04:49:05 04-May-2022,Status,95,198,24,,,,,,,,,,,,,,,,,,,,,,,,,,,,,
227998,227998,UT,06:26:52 04-May-2022,,,1,-22.4503,168.1020,CRC 3.11,06:26:52 04-May-2022,Status,3,140,216,,,,,,,,,,,,,,,,,,,,,,,,,,,,,
227998,227998,UT,06:26:52 04-May-2022,,,0,-22.4491,168.0976,CRC 13.11,06:26:52 04-May-2022,Status,93,65,30,,,,,,,,,,,,,,,,,,,,,,,,,,,,,
227998,227998,UT,06:35:24 04-May-2022,,,0,-22.4491,168.0976,CRC 14.8,,,14,31,15,,,,,,,,,,,,,,,,,,,,,,,,,,,,,
227998,227998,UT,09:43:25 05-May-2022,,,0,-22.1572,168.5311,CRC (both failed),,,42,148,128,14,224,0,2,64,82,73,21,46,199,136,233,191,53,19,68,94,238,254,224,136,97,29,240,52,53,5,240,
227998,227998,UT,18:46:39 06-May-2022,,,2,-22.0435,168.6575,CRC 9.1,18:49:55 06-May-2022,Status,65,48,165,245,104,201,88,176,35,75,29,215,22,54,103,20,9,88,158,83,112,187,156,,,,,,,,,
227998,227998,UT,19:07:52 06-May-2022,,,A,-22.0359,168.6615,CRC 14.1,19:07:52 06-May-2022,Status,30,142,25,,,,,,,,,,,,,,,,,,,,,,,,,,,,,
227998,227998,UT,09:36:46 07-May-2022,,,1,-22.0081,168.6316,CRC 5.1,09:36:46 07-May-2022,Status,69,199,129,,,,,,,,,,,,,,,,,,,,,,,,,,,,,
227998,227998,UT,09:42:29 07-May-2022,,,1,-22.0081,168.6316,CRC 1.7,,,1,135,0,,,,,,,,,,,,,,,,,,,,,,,,,,,,,
227998,227998,UT,09:36:46 07-May-2022,,,B,-22.0300,168.6349,CRC 4.13,09:36:46 07-May-2022,Status,68,121,197,,,,,,,,,,,,,,,,,,,,,,,,,,,,,
227998,227998,UT,18:53:44 07-May-2022,,,B,-22.0409,168.6480,CRC 14.0,18:53:44 07-May-2022,Status,30,239,213,,,,,,,,,,,,,,,,,,,,,,,,,,,,,
227998,227998,UT,06:06:57 08-May-2022,,,3,-22.0201,168.6680,CRC 80.233,06:14:02 08-May-2022,Status,74,16,165,245,104,201,88,176,36,24,224,134,254,35,31,126,205,187,93,83,239,246,204,,,,,,,,,
227998,227998,UT,06:09:21 08-May-2022,,,3,-22.0201,168.6680,CRC 2.10,,,98,136,8,,,,,,,,,,,,,,,,,,,,,,,,,,,,,
227998,227998,UT,08:24:22 08-May-2022,,,0,-22.0486,168.6366,CRC 15.9,,,15,0,1,,,,,,,,,,,,,,,,,,,,,,,,,,,,,
227998,227998,UT,08:25:28 08-May-2022,,,0,-22.0486,168.6366,CRC 8.6,,,8,87,12,,,,,,,,,,,,,,,,,,,,,,,,,,,,,
227998,227998,UT,08:28:23 08-May-2022,,,0,-22.0486,168.6366,CRC 15.5,08:28:23 08-May-2022,Status,15,0,212,,,,,,,,,,,,,,,,,,,,,,,,,,,,,
227998,227998,UT,08:28:38 08-May-2022,,,0,-22.0486,168.6366,CRC 114.108,08:28:38 08-May-2022,Status,78,64,174,215,226,33,123,84,255,113,201,183,172,4,175,68,124,251,238,145,145,135,178,,,,,,,,,
227998,227998,UT,18:27:39 08-May-2022,,,2,-22.0525,168.6803,CRC 1.6,18:27:39 08-May-2022,Status,65,49,52,,,,,,,,,,,,,,,,,,,,,,,,,,,,,
227998,227998,UT,20:07:13 08-May-2022,,,B,-22.0666,168.6843,,,,100,166,32,,,,,,,,,,,,,,,,,,,,,,,,,,,,,
227998,227998,UT,05:29:40 09-May-2022,,,3,-22.0361,168.6550,,,,15,1,0,,,,,,,,,,,,,,,,,,,,,,,,,,,,,
227998,227998,UT,19:52:39 09-May-2022,,,1,-22.2083,168.6984,CRC 151.99,19:56:01 09-May-2022,Status,82,240,165,245,104,201,88,176,36,207,128,85,150,58,29,12,25,235,157,22,63,184,242,,,,,,,,,
227998,227998,UT,18:31:32 11-May-2022,,,3,-22.3454,168.7551,CRC 14.10,18:31:32 11-May-2022,Status,30,138,28,,,,,,,,,,,,,,,,,,,,,,,,,,,,,
227998,227998,UT,18:33:13 11-May-2022,,,3,-22.3454,168.7551,CRC 142.64,18:33:13 11-May-2022,Status,81,208,133,208,17,86,5,57,255,237,236,59,231,159,77,5,14,70,17,145,111,159,255,,,,,,,,,
227998,227998,UT,18:36:22 11-May-2022,,,3,-22.3454,168.7551,CRC 9.7,18:36:22 11-May-2022,Status,73,45,31,,,,,,,,,,,,,,,,,,,,,,,,,,,,,
227998,227998,UT,05:35:08 13-May-2022,,,B,-22.3418,169.0171,CRC,02:09:20 12-May-2022,Fast-GPS,210,176,68,168,168,70,252,111,13,136,18,216,246,141,108,209,130,164,124,143,184,54,84,,,,,,,,,
227998,227998,UT,08:04:54 15-May-2022,,,B,-22.4242,168.9590,CRC 4.14,,,100,135,164,,,,,,,,,,,,,,,,,,,,,,,,,,,,,
227998,227998,UT,21:25:53 15-May-2022,,,2,-22.3394,169.1045,CRC 101.229,10:49:20 14-May-2022,Status,76,176,165,245,104,201,94,12,119,43,21,53,211,241,139,149,191,100,231,184,207,250,24,,,,,,,,,
227998,227998,UT,19:14:02 17-May-2022,,,3,-22.3774,169.0729,CRC 15.7,19:14:02 17-May-2022,Status,15,0,59,,,,,,,,,,,,,,,,,,,,,,,,,,,,,
227998,227998,UT,19:15:28 17-May-2022,,,3,-22.3774,169.0729,CRC 7.4,19:15:28 17-May-2022,Status,7,156,189,,,,,,,,,,,,,,,,,,,,,,,,,,,,,
227998,227998,UT,05:57:54 18-May-2022,,,A,-22.4907,168.9360,CRC 99.53,06:01:31 18-May-2022,Status,76,112,165,245,104,201,88,176,41,24,23,213,148,63,49,4,4,228,96,194,218,124,105,,,,,,,,,
227998,227998,UT,05:58:26 18-May-2022,,,A,-22.4907,168.9360,CRC 1.13,05:58:26 18-May-2022,Status,65,37,17,,,,,,,,,,,,,,,,,,,,,,,,,,,,,
227998,227998,UT,18:48:09 19-May-2022,,,B,-22.0704,168.7238,CRC 11.1,,,107,133,22,,,,,,,,,,,,,,,,,,,,,,,,,,,,,
227998,227998,UT,06:02:25 21-May-2022,,,0,-22.0100,168.5877,CRC 15.12,06:02:25 21-May-2022,Status,15,1,17,,,,,,,,,,,,,,,,,,,,,,,,,,,,,
227998,227998,UT,06:05:04 21-May-2022,,,0,-22.0100,168.5877,CRC 7.8,06:05:04 21-May-2022,Status,87,121,71,,,,,,,,,,,,,,,,,,,,,,,,,,,,,
227998,227998,UT,06:39:36 21-May-2022,,,3,-22.0218,168.6160,CRC 4.11,06:39:36 21-May-2022,Status,84,120,164,,,,,,,,,,,,,,,,,,,,,,,,,,,,,
227998,227998,UT,06:39:53 21-May-2022,,,3,-22.0218,168.6160,CRC 186.178,06:43:36 21-May-2022,Status,87,80,165,245,104,201,88,176,42,154,185,19,212,64,243,8,7,145,28,211,16,255,128,,,,,,,,,
227998,227998,UT,06:40:14 21-May-2022,,,3,-22.0218,168.6160,CRC 4.12,,,100,134,24,,,,,,,,,,,,,,,,,,,,,,,,,,,,,
227998,227998,UT,19:44:33 21-May-2022,,,1,-22.0057,168.6198,CRC 143.139,19:48:17 21-May-2022,Status,81,240,165,245,104,201,88,176,42,207,4,89,210,65,237,16,1,255,28,211,48,255,128,,,,,,,,,
227998,227998,UT,05:23:57 22-May-2022,,,3,-22.0333,168.6245,CRC 2.0,05:23:57 22-May-2022,Status,66,65,150,,,,,,,,,,,,,,,,,,,,,,,,,,,,,
227998,227998,UT,05:27:05 22-May-2022,,,3,-22.0333,168.6245,CRC 11.0,05:27:05 22-May-2022,Status,11,129,230,,,,,,,,,,,,,,,,,,,,,,,,,,,,,
227998,227998,UT,05:30:50 22-May-2022,,,3,-22.0333,168.6245,CRC 72.70,21:44:42 13-May-2022,Status,73,16,135,245,104,200,72,177,198,214,202,159,70,251,134,48,207,111,142,205,229,178,93,,,,,,,,,
227998,227998,UT,07:13:15 22-May-2022,,,2,-22.0027,168.6384,CRC 4.0,,,100,135,15,,,,,,,,,,,,,,,,,,,,,,,,,,,,,
227998,227998,UT,11:53:58 22-May-2022,,,B,-22.0428,168.6701,CRC 94.150,01:42:06 22-May-2022,Status,75,208,165,245,104,201,88,176,43,6,161,150,165,16,232,45,210,120,203,232,116,223,93,,,,,,,,,
227998,227998,UT,09:00:36 23-May-2022,,,A,-22.0257,168.7304,CRC 14.8,,,110,209,28,,,,,,,,,,,,,,,,,,,,,,,,,,,,,
227998,227998,UT,06:03:53 24-May-2022,,,2,-22.0296,168.6791,CRC 15.11,06:03:53 24-May-2022,Status,31,14,140,,,,,,,,,,,,,,,,,,,,,,,,,,,,,
227998,227998,UT,06:06:24 24-May-2022,,,2,-22.0296,168.6791,CRC 18.28,06:06:24 24-May-2022,Status,66,80,165,245,64,200,77,194,66,242,91,221,131,9,25,65,178,161,191,175,208,95,248,,,,,,,,,
227998,227998,UT,06:12:12 24-May-2022,,,2,-22.0296,168.6791,CRC 5.9,06:12:12 24-May-2022,Status,69,49,113,,,,,,,,,,,,,,,,,,,,,,,,,,,,,
227998,227998,UT,19:08:04 24-May-2022,,,B,-21.9299,168.6675,CRC 112.236,17:07:58 03-May-2022,Status,78,16,165,244,104,62,155,126,113,196,126,176,89,165,196,228,64,184,90,196,217,217,201,,,,,,,,,
227998,227998,UT,20:55:52 24-May-2022,,,B,-21.9942,168.6687,CRC 7.10,20:55:52 24-May-2022,Status,71,43,14,,,,,,,,,,,,,,,,,,,,,,,,,,,,,
227998,227998,UT,05:30:38 25-May-2022,,,2,-22.1034,168.6203,CRC 11.13,,,107,133,2,,,,,,,,,,,,,,,,,,,,,,,,,,,,,
227998,227998,UT,05:35:32 25-May-2022,,,2,-22.1034,168.6203,CRC 9.0,05:35:32 25-May-2022,Status,89,15,100,,,,,,,,,,,,,,,,,,,,,,,,,,,,,
227998,227998,UT,05:30:38 25-May-2022,,,3,-22.1002,168.6205,CRC 11.8,,,107,133,17,,,,,,,,,,,,,,,,,,,,,,,,,,,,,
227998,227998,UT,05:35:32 25-May-2022,,,3,-22.1002,168.6205,CRC 9.15,05:35:32 25-May-2022,Status,89,14,2,,,,,,,,,,,,,,,,,,,,,,,,,,,,,
227998,227998,UT,07:17:05 25-May-2022,,,B,-22.1216,168.6771,CRC 10.6,,,106,13,208,,,,,,,,,,,,,,,,,,,,,,,,,,,,,
227998,227998,UT,18:59:51 25-May-2022,,,2,-22.1639,168.9665,CRC 14.3,18:59:51 25-May-2022,Status,30,140,65,,,,,,,,,,,,,,,,,,,,,,,,,,,,,
227998,227998,UT,19:01:22 25-May-2022,,,2,-22.1639,168.9665,CRC 14.8,,,110,128,78,,,,,,,,,,,,,,,,,,,,,,,,,,,,,
227998,227998,UT,19:05:49 25-May-2022,,,2,-22.1639,168.9665,CRC 218.84,19:09:40 25-May-2022,Status,91,80,165,245,104,201,88,176,44,204,154,16,216,71,1,12,21,209,90,19,172,114,26,,,,,,,,,
227998,227998,UT,19:05:49 25-May-2022,,,3,-22.1601,168.9729,CRC 218.38,19:09:40 25-May-2022,Status,91,80,165,245,104,201,88,176,44,204,154,16,216,71,1,12,44,18,44,88,42,86,157,,,,,,,,,
227998,227998,UT,19:09:59 25-May-2022,,,3,-22.1601,168.9729,CRC 14.11,19:09:59 25-May-2022,Status,30,36,178,,,,,,,,,,,,,,,,,,,,,,,,,,,,,
227998,227998,UT,19:30:46 25-May-2022,,,1,-22.1682,168.9809,CRC 2.7,19:30:46 25-May-2022,Status,34,136,0,,,,,,,,,,,,,,,,,,,,,,,,,,,,,
227998,227998,UT,05:14:44 26-May-2022,,,1,-22.1555,169.2438,CRC 4.12,05:14:44 26-May-2022,Status,68,36,13,,,,,,,,,,,,,,,,,,,,,,,,,,,,,
227998,227998,UT,20:01:38 27-May-2022,,,0,-22.4519,169.2599,CRC 8.9,,,104,234,223,,,,,,,,,,,,,,,,,,,,,,,,,,,,,
227998,227998,UT,20:01:59 27-May-2022,,,0,-22.4519,169.2599,CRC 11.1,20:01:59 27-May-2022,Status,11,40,176,,,,,,,,,,,,,,,,,,,,,,,,,,,,,
227998,227998,UT,19:44:57 30-May-2022,,,B,-22.2401,168.8718,CRC 9.15,19:44:57 30-May-2022,Status,89,156,38,,,,,,,,,,,,,,,,,,,,,,,,,,,,,
227998,227998,UT,19:15:24 01-Jun-2022,,,3,-22.3093,169.1469,CRC 15.11,19:15:24 01-Jun-2022,Status,15,29,217,,,,,,,,,,,,,,,,,,,,,,,,,,,,,
227998,227998,UT,19:15:24 01-Jun-2022,,,2,-22.3139,169.1522,CRC 15.4,19:15:24 01-Jun-2022,Status,95,222,56,,,,,,,,,,,,,,,,,,,,,,,,,,,,,
227998,227998,UT,19:24:39 01-Jun-2022,,,2,-22.3139,169.1522,CRC 15.11,19:24:39 01-Jun-2022,Status,31,15,191,,,,,,,,,,,,,,,,,,,,,,,,,,,,,
227998,227998,UT,19:27:29 01-Jun-2022,,,2,-22.3139,169.1522,CRC 8.0,19:27:29 01-Jun-2022,Status,56,142,39,,,,,,,,,,,,,,,,,,,,,,,,,,,,,
227998,227998,UT,19:27:29 01-Jun-2022,,,2,-22.3138,169.1517,CRC 14.15,19:27:29 01-Jun-2022,Status,30,142,19,,,,,,,,,,,,,,,,,,,,,,,,,,,,,
227998,227998,UT,04:47:25 02-Jun-2022,,,B,-22.2996,169.1072,CRC (both failed),,,42,152,32,224,240,243,7,193,81,43,250,101,24,70,93,55,55,195,153,31,59,91,16,190,76,165,142,59,16,195,120,
227998,227998,UT,06:19:26 02-Jun-2022,,,A,-22.4104,169.4101,CRC (both failed),,,42,152,32,224,238,238,238,234,168,204,131,110,67,106,99,9,243,161,46,250,114,41,234,174,51,55,214,90,76,238,150,
227998,227998,UT,06:21:03 02-Jun-2022,,,A,-22.4104,169.4101,CRC 54.88,06:21:03 02-Jun-2022,Status,70,208,165,245,104,201,88,176,33,27,223,54,255,197,114,0,46,48,19,182,140,89,15,,,,,,,,,
227998,227998,UT,11:58:46 03-Jun-2022,,,B,-22.5900,169.7195,CRC 14.15,11:58:46 03-Jun-2022,Status,30,143,64,,,,,,,,,,,,,,,,,,,,,,,,,,,,,
227998,227998,UT,19:55:27 07-Jun-2022,,,B,-22.5236,169.5301,CRC 179.87,19:55:27 07-Jun-2022,Status,86,112,165,245,104,205,88,176,43,207,243,203,35,253,216,2,14,241,69,190,40,77,24,,,,,,,,,
227998,227998,UT,21:18:33 08-Jun-2022,,,0,-22.4098,169.0715,CRC 14.8,21:18:33 08-Jun-2022,Status,14,14,28,,,,,,,,,,,,,,,,,,,,,,,,,,,,,
227998,227998,UT,06:03:32 09-Jun-2022,,,B,-22.4659,169.0833,CRC 14.1,06:03:32 09-Jun-2022,Status,78,14,24,,,,,,,,,,,,,,,,,,,,,,,,,,,,,
227998,227998,UT,20:16:36 13-Jun-2022,,,B,-22.5551,167.3768,CRC (both failed),,,42,153,96,224,224,14,238,238,238,239,225,238,66,142,252,251,217,85,239,207,238,238,0,238,238,238,238,238,234,240,86,
227998,227998,UT,20:21:13 13-Jun-2022,,,B,-22.5551,167.3768,CRC 14.11,20:21:13 13-Jun-2022,Status,30,177,191,,,,,,,,,,,,,,,,,,,,,,,,,,,,,
227998,227998,UT,06:19:43 15-Jun-2022,,,1,-22.9862,169.3356,CRC 6.3,06:19:43 15-Jun-2022,Status,86,254,69,,,,,,,,,,,,,,,,,,,,,,,,,,,,,
227998,227998,UT,06:19:43 15-Jun-2022,,,A,-22.9957,169.4365,CRC 7.9,06:19:43 15-Jun-2022,Status,87,192,240,,,,,,,,,,,,,,,,,,,,,,,,,,,,,
227998,227998,UT,22:25:59 19-Jun-2022,,,1,-22.3279,169.1058,CRC 14.3,22:25:59 19-Jun-2022,Status,30,229,43,,,,,,,,,,,,,,,,,,,,,,,,,,,,,
227998,227998,UT,22:27:10 19-Jun-2022,,,1,-22.3279,169.1058,CRC 15.5,22:27:10 19-Jun-2022,Status,15,3,16,,,,,,,,,,,,,,,,,,,,,,,,,,,,,
227998,227998,UT,22:30:19 19-Jun-2022,,,1,-22.3279,169.1058,CRC 88.6,20:14:13 18-Jun-2022,Status,75,16,150,111,151,29,24,202,9,80,227,97,150,72,178,241,14,69,86,21,68,26,222,,,,,,,,,
227998,227998,UT,22:35:18 19-Jun-2022,,,3,-22.3347,169.1250,Short Msg Type 12?,,,199,230,151,,,,,,,,,,,,,,,,,,,,,,,,,,,,,
227998,227998,UT,19:49:09 20-Jun-2022,,,B,-22.3460,169.1263,CRC,,Fast-GPS,199,176,214,16,80,144,104,164,150,250,189,20,88,216,114,92,101,171,22,38,88,230,46,,,,,,,,,
227998,227998,UT,18:22:57 22-Jun-2022,,,,,,CRC,17:01:55 22-May-2021,Fast-GPS,106,218,32,238,142,238,238,238,238,234,6,174,64,238,238,64,142,128,14,238,238,238,238,238,238,238,238,224,238,224,157,
227998,227998,UT,18:24:38 25-Jun-2022,,,A,-22.4226,169.4211,CRC 3.9,,,99,146,71,,,,,,,,,,,,,,,,,,,,,,,,,,,,,
227998,227998,UT,18:24:53 25-Jun-2022,,,A,-22.4226,169.4211,CRC 15.12,18:24:53 25-Jun-2022,Status,15,1,17,,,,,,,,,,,,,,,,,,,,,,,,,,,,,
227998,227998,UT,18:24:38 25-Jun-2022,,,B,-22.3276,169.0567,CRC 11.14,,,123,184,165,,,,,,,,,,,,,,,,,,,,,,,,,,,,,
227998,227998,UT,20:06:04 01-Jul-2022,,,,,,CRC (both failed),,,42,155,160,238,238,238,238,238,166,238,122,219,2,185,114,26,171,213,43,128,24,114,60,120,112,66,25,134,185,0,235,
227998,227998,UT,20:06:04 01-Jul-2022,,,,,,CRC (both failed),,,42,155,160,238,238,206,74,40,72,240,138,135,225,131,206,90,125,126,127,207,222,227,18,105,41,39,88,197,93,202,165,
227998,227998,UT,19:15:19 03-Jul-2022,,,3,-22.2868,168.9942,CRC 162.38,19:20:22 05-Jul-2022,Status,84,80,229,245,104,201,88,240,98,205,69,149,132,80,73,11,16,131,230,247,240,117,64,53,183,208,197,192,249,241,81,
227998,227998,UT,19:24:47 03-Jul-2022,,,3,-22.2868,168.9942,CRC 12.4,19:24:47 03-Jul-2022,Status,92,57,34,,,,,,,,,,,,,,,,,,,,,,,,,,,,,
227998,227998,UT,19:25:18 03-Jul-2022,,,3,-22.2868,168.9942,CRC 11.0,,,107,165,152,,,,,,,,,,,,,,,,,,,,,,,,,,,,,
227998,227998,UT,19:18:50 03-Jul-2022,,,2,-22.2858,168.9986,CRC 11.8,19:18:50 03-Jul-2022,Status,27,102,69,,,,,,,,,,,,,,,,,,,,,,,,,,,,,
227998,227998,UT,19:25:18 03-Jul-2022,,,2,-22.2858,168.9986,CRC 11.13,,,107,135,52,,,,,,,,,,,,,,,,,,,,,,,,,,,,,
227998,227998,UT,19:27:02 03-Jul-2022,,,2,-22.2858,168.9986,CRC 131.13,19:32:06 03-Jul-2022,Status,80,112,165,245,104,201,88,176,33,206,1,150,86,84,123,10,5,128,29,207,160,213,140,,,,,,,,,
227998,227998,UT,19:27:57 03-Jul-2022,,,2,-22.2858,168.9986,CRC 5.6,,,101,131,1,,,,,,,,,,,,,,,,,,,,,,,,,,,,,
227998,227998,UT,19:25:18 03-Jul-2022,,,1,-22.2863,168.9885,CRC 11.9,,,107,129,18,,,,,,,,,,,,,,,,,,,,,,,,,,,,,
227998,227998,UT,19:27:02 03-Jul-2022,,,1,-22.2863,168.9885,CRC 131.85,19:32:06 03-Jul-2022,Status,80,112,165,245,104,201,88,176,33,206,1,150,86,84,123,10,5,128,29,223,224,127,129,,,,,,,,,
227998,227998,UT,19:27:57 03-Jul-2022,,,1,-22.2863,168.9885,CRC 5.0,,,101,131,146,,,,,,,,,,,,,,,,,,,,,,,,,,,,,
227998,227998,UT,10:26:07 04-Jul-2022,,,B,-22.3064,168.9956,CRC 15.12,10:26:07 04-Jul-2022,Status,95,89,170,,,,,,,,,,,,,,,,,,,,,,,,,,,,,
227998,227998,UT,10:27:46 04-Jul-2022,,,B,-22.3064,168.9956,,,,42,156,96,238,238,238,238,224,223,24,38,245,156,89,194,110,23,205,35,27,200,179,227,8,46,111,66,100,112,206,215,
227998,227998,UT,19:29:57 09-Jul-2022,,,3,-23.3325,169.5753,CRC 6.4,19:29:57 09-Jul-2022,Status,86,102,211,,,,,,,,,,,,,,,,,,,,,,,,,,,,,
227998,227998,UT,05:53:02 10-Jul-2022,,,2,-23.3746,169.4176,CRC 15.12,05:53:02 10-Jul-2022,Status,15,1,17,,,,,,,,,,,,,,,,,,,,,,,,,,,,,
227998,227998,UT,05:53:23 10-Jul-2022,,,2,-23.3746,169.4176,CRC 14.1,05:53:23 10-Jul-2022,Status,30,142,25,,,,,,,,,,,,,,,,,,,,,,,,,,,,,
227998,227998,UT,06:07:59 14-Jul-2022,,,A,-22.6312,170.2680,CRC (both failed),,,42,157,160,238,238,238,238,238,238,0,238,1,117,235,23,98,151,144,183,110,44,96,122,48,9,38,229,200,39,249,109,
227998,227998,UT,06:11:02 14-Jul-2022,,,A,-22.6312,170.2680,CRC 11.2,,,107,135,97,,,,,,,,,,,,,,,,,,,,,,,,,,,,,
227998,227998,UT,09:32:09 14-Jul-2022,,,B,-22.5787,170.2956,CRC 15.9,09:32:09 14-Jul-2022,Status,15,10,222,,,,,,,,,,,,,,,,,,,,,,,,,,,,,
227998,227998,UT,18:03:28 14-Jul-2022,,,A,-22.4601,170.3823,CRC 2.5,18:03:28 14-Jul-2022,Status,66,24,126,,,,,,,,,,,,,,,,,,,,,,,,,,,,,
227998,227998,UT,18:03:28 14-Jul-2022,,,B,-22.4602,170.3822,CRC 2.5,18:03:28 14-Jul-2022,Status,66,17,117,,,,,,,,,,,,,,,,,,,,,,,,,,,,,
227998,227998,UT,18:59:13 15-Jul-2022,,,A,-22.6299,169.9525,CRC 7.11,18:59:13 15-Jul-2022,Status,87,205,40,,,,,,,,,,,,,,,,,,,,,,,,,,,,,
227998,227998,UT,19:00:15 15-Jul-2022,,,A,-22.6299,169.9525,CRC 4.13,,,100,136,117,,,,,,,,,,,,,,,,,,,,,,,,,,,,,
227998,227998,UT,19:48:41 15-Jul-2022,,,3,-22.6271,169.9204,CRC 5.9,19:48:41 15-Jul-2022,Status,69,2,245,,,,,,,,,,,,,,,,,,,,,,,,,,,,,
227998,227998,UT,21:54:49 15-Jul-2022,,,0,-22.5982,169.8805,CRC 14.11,21:54:49 15-Jul-2022,Status,30,174,222,,,,,,,,,,,,,,,,,,,,,,,,,,,,,
227998,227998,UT,21:58:40 15-Jul-2022,,,0,-22.5982,169.8805,CRC 15.6,21:58:40 15-Jul-2022,Status,15,44,193,,,,,,,,,,,,,,,,,,,,,,,,,,,,,
227998,227998,UT,05:12:01 16-Jul-2022,,,1,-22.4286,169.7623,CRC 15.12,05:12:01 16-Jul-2022,Status,79,67,5,,,,,,,,,,,,,,,,,,,,,,,,,,,,,
227998,227998,UT,05:14:05 16-Jul-2022,,,1,-22.4286,169.7623,,,,101,131,16,,,,,,,,,,,,,,,,,,,,,,,,,,,,,
227998,227998,UT,05:47:14 16-Jul-2022,,,3,-22.4156,169.7618,CRC (both failed),,,42,157,224,14,238,224,238,224,238,238,14,238,224,226,206,110,116,98,168,55,218,212,211,101,186,194,33,146,68,165,140,
227998,227998,UT,05:48:45 16-Jul-2022,,,3,-22.4156,169.7618,CRC 15.9,05:48:45 16-Jul-2022,Status,79,1,17,,,,,,,,,,,,,,,,,,,,,,,,,,,,,
227998,227998,UT,06:48:00 16-Jul-2022,,,1,-22.3880,169.7342,CRC 14.15,06:48:00 16-Jul-2022,Status,30,142,99,,,,,,,,,,,,,,,,,,,,,,,,,,,,,
227998,227998,UT,08:48:37 16-Jul-2022,,,0,-22.3248,169.6819,CRC 1.13,08:48:37 16-Jul-2022,Status,65,21,224,,,,,,,,,,,,,,,,,,,,,,,,,,,,,
227998,227998,UT,08:50:49 16-Jul-2022,,,0,-22.3248,169.6819,CRC 43.145,08:56:15 16-Jul-2022,Status,69,112,165,245,104,201,88,176,40,35,131,223,86,91,131,6,1,198,28,210,64,255,144,,,,,,,,,
227998,227998,UT,06:13:01 17-Jul-2022,,,0,-21.7833,169.4524,CRC 5.8,06:13:01 17-Jul-2022,Status,85,159,255,,,,,,,,,,,,,,,,,,,,,,,,,,,,,
227998,227998,UT,07:17:43 17-Jul-2022,,,2,-21.7666,169.4849,CRC 4.191,07:23:11 17-Jul-2022,Status,64,144,165,245,104,201,88,176,40,157,114,217,85,153,49,237,44,202,72,171,36,110,235,,,,,,,,,
227998,227998,UT,07:24:59 17-Jul-2022,,,B,-21.7621,169.4910,CRC 14.11,07:24:59 17-Jul-2022,Status,30,11,227,,,,,,,,,,,,,,,,,,,,,,,,,,,,,
227998,227998,UT,05:53:14 18-Jul-2022,,,1,-21.5260,169.7100,CRC 15.9,05:53:14 18-Jul-2022,Status,15,1,163,,,,,,,,,,,,,,,,,,,,,,,,,,,,,
227998,227998,UT,19:43:12 18-Jul-2022,,,2,-21.9373,169.9763,CRC 14.1,19:43:12 18-Jul-2022,Status,30,142,25,,,,,,,,,,,,,,,,,,,,,,,,,,,,,
227998,227998,UT,19:45:35 18-Jul-2022,,,2,-21.9373,169.9763,CRC 43.254,19:51:07 18-Jul-2022,Status,69,112,165,245,104,201,88,176,41,79,49,212,81,31,191,125,182,96,181,115,237,238,155,,,,,,,,,
227998,227998,UT,19:45:35 18-Jul-2022,,,1,-21.9507,169.9890,CRC 43.253,19:55:07 18-Jul-2022,Status,69,112,165,245,104,201,88,176,41,79,113,221,97,89,24,155,55,218,17,175,121,155,215,,,,,,,,,
227998,227998,UT,19:46:16 18-Jul-2022,,,1,-21.9507,169.9890,,,,15,1,0,,,,,,,,,,,,,,,,,,,,,,,,,,,,,
227998,227998,UT,20:12:31 18-Jul-2022,,,2,-21.9558,169.9801,CRC 15.2,20:12:31 18-Jul-2022,Status,31,219,22,,,,,,,,,,,,,,,,,,,,,,,,,,,,,
227998,227998,UT,05:19:46 19-Jul-2022,,,1,-22.2898,170.1446,CRC 5.13,05:19:46 19-Jul-2022,Status,69,37,1,,,,,,,,,,,,,,,,,,,,,,,,,,,,,
227998,227998,UT,05:21:46 19-Jul-2022,,,1,-22.2898,170.1446,CRC 10.3,05:21:46 19-Jul-2022,Status,42,199,141,,,,,,,,,,,,,,,,,,,,,,,,,,,,,
227998,227998,UT,06:59:06 19-Jul-2022,,,B,-22.3026,170.1838,CRC 13.3,,,109,134,125,,,,,,,,,,,,,,,,,,,,,,,,,,,,,
227998,227998,UT,11:58:45 19-Jul-2022,,,B,-22.3637,170.2212,CRC 6.10,,,230,236,66,,,,,,,,,,,,,,,,,,,,,,,,,,,,,
227998,227998,UT,20:15:23 20-Jul-2022,,,B,-23.3007,170.3331,CRC 214.225,04:20:58 20-Jul-2022,Status,90,208,165,117,104,201,88,176,42,17,78,144,212,98,239,2,1,150,28,207,176,255,128,,,,,,,,,
227998,227998,UT,20:27:47 20-Jul-2022,,,A,-23.3295,170.2418,CRC 5.9,20:27:47 20-Jul-2022,Status,85,128,0,,,,,,,,,,,,,,,,,,,,,,,,,,,,,
227998,227998,UT,05:54:18 21-Jul-2022,,,2,-23.4789,170.1629,CRC 14.3,05:54:18 21-Jul-2022,Status,78,231,30,,,,,,,,,,,,,,,,,,,,,,,,,,,,,
227998,227998,UT,05:55:10 21-Jul-2022,,,2,-23.4789,170.1629,CRC 14.12,05:55:10 21-Jul-2022,Status,30,142,18,,,,,,,,,,,,,,,,,,,,,,,,,,,,,
227998,227998,UT,19:17:11 21-Jul-2022,,,3,-23.7660,170.3107,CRC 31.209,19:22:48 21-Jul-2022,Status,67,240,165,245,104,201,120,176,42,205,108,17,216,70,49,15,80,212,188,81,100,122,39,,,,,,,,,
227998,227998,UT,19:34:04 21-Jul-2022,,,2,-23.7709,170.3192,CRC 177.143,19:39:41 21-Jul-2022,Status,86,48,165,245,104,201,88,176,42,206,122,88,90,100,89,130,115,56,157,243,143,193,139,,,,,,,,,
227998,227998,UT,20:09:41 21-Jul-2022,,,2,-23.7874,170.3271,CRC 10.14,20:09:41 21-Jul-2022,Status,90,196,16,,,,,,,,,,,,,,,,,,,,,,,,,,,,,
227998,227998,UT,21:17:10 21-Jul-2022,,,1,-23.7829,170.3733,CRC 0.10,21:17:10 21-Jul-2022,Status,64,59,159,,,,,,,,,,,,,,,,,,,,,,,,,,,,,
227998,227998,UT,05:48:47 22-Jul-2022,,,2,-23.6529,170.6167,CRC 3.6,,,179,120,91,,,,,,,,,,,,,,,,,,,,,,,,,,,,,
227998,227998,UT,05:51:09 22-Jul-2022,,,2,-23.6529,170.6167,CRC 14.8,05:51:09 22-Jul-2022,Status,30,196,49,,,,,,,,,,,,,,,,,,,,,,,,,,,,,
227998,227998,UT,11:47:10 22-Jul-2022,,,A,-23.6348,170.6216,,,,106,208,240,,,,,,,,,,,,,,,,,,,,,,,,,,,,,
227998,227998,UT,19:17:11 22-Jul-2022,,,A,-23.5201,170.9792,CRC 15.6,,,111,147,1,,,,,,,,,,,,,,,,,,,,,,,,,,,,,
227998,227998,UT,18:45:19 23-Jul-2022,,,B,-23.4334,171.4632,CRC 14.0,18:45:19 23-Jul-2022,Status,30,142,38,,,,,,,,,,,,,,,,,,,,,,,,,,,,,
227998,227998,UT,19:06:45 23-Jul-2022,,,1,-23.4782,171.4577,CRC 4.5,19:06:45 23-Jul-2022,Status,84,111,231,,,,,,,,,,,,,,,,,,,,,,,,,,,,,
227998,227998,UT,19:07:00 23-Jul-2022,,,1,-23.4782,171.4577,CRC 7.12,19:07:00 23-Jul-2022,Status,71,100,189,,,,,,,,,,,,,,,,,,,,,,,,,,,,,
227998,227998,UT,19:12:11 23-Jul-2022,,,1,-23.4782,171.4577,CRC 54.184,19:12:11 23-Jul-2022,Status,70,199,252,7,252,96,146,28,26,89,41,183,79,110,249,214,188,79,184,5,103,15,118,,,,,,,,,
227998,227998,UT,19:12:11 23-Jul-2022,,,3,-23.4724,171.4609,CRC 49.187,19:12:11 23-Jul-2022,Status,70,51,59,137,155,96,94,95,39,97,146,141,57,30,185,1,2,74,251,40,252,169,220,,,,,,,,,
227998,227998,UT,19:18:04 23-Jul-2022,,,3,-23.4724,171.4609,CRC 15.11,,,111,129,12,,,,,,,,,,,,,,,,,,,,,,,,,,,,,
227998,227998,UT,19:19:45 23-Jul-2022,,,3,-23.4724,171.4609,CRC 15.6,19:19:45 23-Jul-2022,Status,15,1,23,,,,,,,,,,,,,,,,,,,,,,,,,,,,,
227998,227998,UT,18:27:03 25-Jul-2022,,,B,-23.0468,172.3302,CRC 3.10,18:27:03 25-Jul-2022,Status,83,207,49,,,,,,,,,,,,,,,,,,,,,,,,,,,,,
227998,227998,UT,20:16:50 25-Jul-2022,,,3,-22.7840,172.0749,CRC 3.6,20:16:50 25-Jul-2022,Status,35,124,0,,,,,,,,,,,,,,,,,,,,,,,,,,,,,
227998,227998,UT,20:17:44 25-Jul-2022,,,3,-22.7840,172.0749,CRC 188.104,20:17:44 25-Jul-2022,Status,87,144,165,245,108,207,92,189,248,108,227,210,15,120,43,221,196,229,215,73,103,206,209,,,,,,,,,
227998,227998,UT,20:57:19 25-Jul-2022,,,B,-22.7756,172.0801,CRC 15.0,20:57:19 25-Jul-2022,Status,63,57,124,,,,,,,,,,,,,,,,,,,,,,,,,,,,,
227998,227998,UT,19:05:03 26-Jul-2022,,,2,-22.3825,172.2838,CRC 14.12,19:05:03 26-Jul-2022,Status,30,19,119,,,,,,,,,,,,,,,,,,,,,,,,,,,,,
227998,227998,UT,05:59:26 27-Jul-2022,,,A,-22.2218,172.3333,CRC 20.51,06:05:15 27-Jul-2022,Status,66,144,165,245,104,201,88,176,45,152,83,214,176,23,191,163,173,59,188,10,201,203,230,,,,,,,,,
227998,227998,UT,06:09:02 27-Jul-2022,,,A,-22.2270,172.1547,CRC 10.9,06:09:02 27-Jul-2022,Status,74,18,4,,,,,,,,,,,,,,,,,,,,,,,,,,,,,
227998,227998,UT,10:03:24 27-Jul-2022,,,B,-22.0646,172.0934,CRC 11.6,,,107,128,181,,,,,,,,,,,,,,,,,,,,,,,,,,,,,
227998,227998,UT,11:20:45 28-Jul-2022,,,1,-21.3654,172.2009,Short Msg Type 11?,,,186,194,178,,,,,,,,,,,,,,,,,,,,,,,,,,,,,
227998,227998,UT,11:30:10 29-Jul-2022,,,B,-20.7576,172.3000,CRC 4.7,11:30:10 29-Jul-2022,Status,68,23,113,,,,,,,,,,,,,,,,,,,,,,,,,,,,,
227998,227998,UT,19:07:46 29-Jul-2022,,,2,-20.6631,172.0474,CRC 175.179,20:01:58 28-Jul-2022,Status,85,240,165,245,104,201,88,176,46,80,30,164,30,222,42,37,240,5,77,84,131,105,248,,,,,,,,,
227998,227998,UT,06:09:49 30-Jul-2022,,,A,-20.7341,171.9610,CRC 8.2,06:09:49 30-Jul-2022,Status,24,8,177,,,,,,,,,,,,,,,,,,,,,,,,,,,,,
227998,227998,UT,09:40:48 30-Jul-2022,,,B,-20.7120,171.9200,CRC 15.5,09:40:48 30-Jul-2022,Status,15,1,22,,,,,,,,,,,,,,,,,,,,,,,,,,,,,
227998,227998,UT,11:26:02 30-Jul-2022,,,A,-20.7031,171.5957,CRC 4.9,11:26:02 30-Jul-2022,Status,20,119,168,,,,,,,,,,,,,,,,,,,,,,,,,,,,,
227998,227998,UT,18:40:29 30-Jul-2022,,,B,-20.6607,171.5785,CRC 8.2,18:40:29 30-Jul-2022,Status,88,204,189,,,,,,,,,,,,,,,,,,,,,,,,,,,,,
227998,227998,UT,19:25:29 30-Jul-2022,,,B,-20.7327,171.3803,CRC 14.9,19:25:29 30-Jul-2022,Status,30,142,17,,,,,,,,,,,,,,,,,,,,,,,,,,,,,
227998,227998,UT,05:39:28 31-Jul-2022,,,2,-20.8354,170.9696,CRC 14.13,,,110,241,15,,,,,,,,,,,,,,,,,,,,,,,,,,,,,
227998,227998,UT,05:42:14 31-Jul-2022,,,2,-20.8354,170.9696,CRC 5.7,,,101,134,65,,,,,,,,,,,,,,,,,,,,,,,,,,,,,
227998,227998,UT,05:43:37 31-Jul-2022,,,2,-20.8354,170.9696,CRC 14.5,05:43:37 31-Jul-2022,Status,30,138,136,,,,,,,,,,,,,,,,,,,,,,,,,,,,,
227998,227998,UT,05:44:55 31-Jul-2022,,,2,-20.8354,170.9696,CRC 53.165,05:50:49 31-Jul-2022,Status,70,176,165,245,104,201,88,176,47,151,44,83,88,117,75,10,1,253,156,209,80,255,129,,,,,,,,,
227998,227998,UT,06:14:35 01-Aug-2022,,,B,-21.1560,170.1972,CRC 15.12,06:14:35 01-Aug-2022,Status,15,1,144,,,,,,,,,,,,,,,,,,,,,,,,,,,,,
227998,227998,UT,06:55:53 01-Aug-2022,,,B,-21.1808,170.2078,CRC 10.1,06:55:53 01-Aug-2022,Status,74,22,32,,,,,,,,,,,,,,,,,,,,,,,,,,,,,
227998,227998,UT,09:15:01 01-Aug-2022,,,1,-21.3211,170.1226,CRC 15.3,09:15:01 01-Aug-2022,Status,79,17,39,,,,,,,,,,,,,,,,,,,,,,,,,,,,,
227998,227998,UT,09:20:13 01-Aug-2022,,,0,-21.3282,170.1216,CRC 10.6,09:20:13 01-Aug-2022,Status,90,182,63,,,,,,,,,,,,,,,,,,,,,,,,,,,,,
227998,227998,UT,06:01:32 02-Aug-2022,,,B,-21.7585,169.5784,CRC 1.9,,,161,214,143,,,,,,,,,,,,,,,,,,,,,,,,,,,,,
227998,227998,UT,08:52:33 02-Aug-2022,,,2,-21.8467,169.5731,CRC 12.6,08:52:33 02-Aug-2022,Status,76,28,3,,,,,,,,,,,,,,,,,,,,,,,,,,,,,
227998,227998,UT,08:53:49 02-Aug-2022,,,2,-21.8467,169.5731,CRC 10.9,,,234,19,144,,,,,,,,,,,,,,,,,,,,,,,,,,,,,
227998,227998,UT,10:50:12 02-Aug-2022,,,1,-21.8678,169.5139,CRC 2.10,10:50:12 02-Aug-2022,Status,66,62,1,,,,,,,,,,,,,,,,,,,,,,,,,,,,,
227998,227998,UT,18:38:44 02-Aug-2022,,,0,-21.9694,169.3438,CRC 123.238,18:44:43 02-Aug-2022,Status,79,112,165,245,104,201,88,176,33,74,202,214,212,120,207,10,1,97,195,230,53,51,156,,,,,,,,,
227998,227998,UT,18:43:01 02-Aug-2022,,,0,-21.9694,169.3438,CRC 5.0,18:43:01 02-Aug-2022,Status,69,120,92,,,,,,,,,,,,,,,,,,,,,,,,,,,,,
227998,227998,UT,05:41:08 03-Aug-2022,,,B,-22.1788,169.0205,CRC (both failed),,,42,160,64,238,238,231,98,130,100,180,147,89,13,99,75,198,244,58,191,33,92,70,150,91,69,150,83,39,110,249,96,
227998,227998,UT,10:50:08 03-Aug-2022,,,3,-22.1928,169.0173,CRC 11.7,,,107,133,4,,,,,,,,,,,,,,,,,,,,,,,,,,,,,
227998,227998,UT,10:50:48 03-Aug-2022,,,3,-22.1928,169.0173,CRC 156.54,10:56:49 03-Aug-2022,Status,83,144,165,245,104,201,88,176,1,171,140,83,84,121,100,252,9,56,28,239,224,255,128,,,,,,,,,
227998,227998,UT,22:08:14 03-Aug-2022,,,B,-22.0742,169.0593,CRC 14.10,22:08:14 03-Aug-2022,Status,30,141,244,,,,,,,,,,,,,,,,,,,,,,,,,,,,,
227998,227998,UT,19:10:06 04-Aug-2022,,,B,-21.9914,169.1375,CRC 14.4,19:10:06 04-Aug-2022,Status,30,169,35,,,,,,,,,,,,,,,,,,,,,,,,,,,,,
227998,227998,UT,19:06:13 08-Aug-2022,,,0,-22.5454,169.4364,CRC 10.3,19:06:13 08-Aug-2022,Status,26,143,52,,,,,,,,,,,,,,,,,,,,,,,,,,,,,
227998,227998,UT,18:39:51 09-Aug-2022,,,A,-23.0990,169.5125,CRC (both failed),,,42,161,1,117,44,120,239,125,231,133,130,207,12,77,15,173,79,62,67,160,242,215,127,246,248,42,150,42,246,53,2,
227998,227998,UT,18:44:07 09-Aug-2022,,,A,-23.0990,169.5125,CRC 20.122,18:44:07 09-Aug-2022,Status,66,144,165,245,75,217,91,186,170,105,102,45,69,211,58,173,81,69,42,77,237,13,49,,,,,,,,,
227998,227998,UT,18:56:54 09-Aug-2022,,,B,-22.9412,169.3091,CRC 5.6,,,101,135,236,,,,,,,,,,,,,,,,,,,,,,,,,,,,,
227998,227998,UT,08:45:55 10-Aug-2022,,,1,-23.0333,169.4079,CRC 14.2,,,126,164,68,,,,,,,,,,,,,,,,,,,,,,,,,,,,,
227998,227998,UT,05:06:12 11-Aug-2022,,,B,-22.8898,169.6709,CRC (both failed),,,42,161,64,238,238,0,0,0,14,238,238,238,0,0,227,30,226,78,248,132,193,247,161,101,26,162,249,17,169,232,112,
227998,227998,UT,06:37:47 11-Aug-2022,,,2,-22.8968,169.6975,CRC 9.13,06:37:47 11-Aug-2022,Status,89,6,68,,,,,,,,,,,,,,,,,,,,,,,,,,,,,
227998,227998,UT,20:58:30 11-Aug-2022,,,1,-22.9742,169.4579,CRC 217.222,21:04:46 11-Aug-2022,Status,91,48,165,245,104,201,88,176,37,212,75,155,20,129,53,10,1,221,29,207,192,255,129,,,,,,,,,
227998,227998,UT,21:56:49 11-Aug-2022,,,0,-22.9758,169.4248,CRC 12.7,21:56:49 11-Aug-2022,Status,92,143,107,,,,,,,,,,,,,,,,,,,,,,,,,,,,,
227998,227998,UT,08:23:11 15-Aug-2022,,,0,-22.8473,169.5180,CRC 9.10,08:23:11 15-Aug-2022,Status,89,255,65,,,,,,,,,,,,,,,,,,,,,,,,,,,,,
227998,227998,UT,08:23:11 15-Aug-2022,,,1,-22.8967,169.4510,CRC 9.10,08:23:11 15-Aug-2022,Status,89,255,65,,,,,,,,,,,,,,,,,,,,,,,,,,,,,
227998,227998,UT,09:43:09 16-Aug-2022,,,2,-22.9389,169.4359,CRC 6.1,09:43:09 16-Aug-2022,Status,22,126,155,,,,,,,,,,,,,,,,,,,,,,,,,,,,,
227998,227998,UT,09:44:45 16-Aug-2022,,,0,-22.9461,169.4179,CRC 15.0,,,15,2,0,,,,,,,,,,,,,,,,,,,,,,,,,,,,,
227998,227998,UT,19:10:32 16-Aug-2022,,,B,-22.9107,169.3705,CRC 9.8,19:10:32 16-Aug-2022,Status,9,149,99,,,,,,,,,,,,,,,,,,,,,,,,,,,,,
227998,227998,UT,05:13:48 17-Aug-2022,,,2,-22.8338,169.4177,CRC 184.144,04:52:14 17-Aug-2022,Status,87,16,165,245,120,201,88,176,40,147,67,148,86,132,184,254,65,118,29,208,48,255,128,,,,,,,,,
227998,227998,UT,18:58:20 18-Aug-2022,,,1,-22.4340,169.0807,CRC 14.8,18:58:20 18-Aug-2022,Status,78,15,44,,,,,,,,,,,,,,,,,,,,,,,,,,,,,
227998,227998,UT,12:07:37 19-Aug-2022,,,B,-22.6099,169.1067,,,,8,9,132,,,,,,,,,,,,,,,,,,,,,,,,,,,,,
227998,227998,UT,07:01:09 26-Aug-2022,,,1,-22.9284,169.3920,CRC 14.5,07:01:09 26-Aug-2022,Status,30,199,15,,,,,,,,,,,,,,,,,,,,,,,,,,,,,
227998,227998,UT,07:04:50 26-Aug-2022,,,1,-22.9284,169.3920,CRC 10.2,07:04:50 26-Aug-2022,Status,74,18,13,,,,,,,,,,,,,,,,,,,,,,,,,,,,,
227998,227998,UT,07:05:07 26-Aug-2022,,,1,-22.9284,169.3920,CRC 96.113,07:11:50 26-Aug-2022,Status,76,16,165,245,104,201,88,176,45,28,188,151,150,134,165,0,5,105,148,175,225,237,132,,,,,,,,,
227998,227998,UT,07:05:07 26-Aug-2022,,,3,-22.9294,169.3890,CRC 96.136,07:11:50 26-Aug-2022,Status,76,16,165,245,104,201,88,176,45,28,188,151,150,134,173,2,4,51,132,15,137,35,45,,,,,,,,,
227998,227998,UT,07:08:04 26-Aug-2022,,,3,-22.9294,169.3890,CRC 5.15,07:08:04 26-Aug-2022,Status,85,28,116,,,,,,,,,,,,,,,,,,,,,,,,,,,,,
227998,227998,UT,07:11:01 26-Aug-2022,,,3,-22.9294,169.3890,CRC 6.8,07:11:01 26-Aug-2022,Status,102,123,0,,,,,,,,,,,,,,,,,,,,,,,,,,,,,
227998,227998,UT,12:27:38 27-Aug-2022,,,B,-22.9228,169.3658,CRC 91.86,12:09:01 27-Aug-2022,Status,75,112,165,245,104,201,88,176,45,176,144,120,97,49,134,129,151,135,8,32,9,188,103,,,,,,,,,
227998,227998,UT,18:43:43 27-Aug-2022,,,1,-22.9464,169.4327,CRC 2.12,,,98,122,127,,,,,,,,,,,,,,,,,,,,,,,,,,,,,
227998,227998,UT,08:58:32 28-Aug-2022,,,B,-22.9354,169.5504,CRC 13.8,08:58:32 28-Aug-2022,Status,77,84,129,,,,,,,,,,,,,,,,,,,,,,,,,,,,,
227998,227998,UT,08:59:09 28-Aug-2022,,,B,-22.9354,169.5504,CRC 1.2,08:59:09 28-Aug-2022,Status,81,106,68,,,,,,,,,,,,,,,,,,,,,,,,,,,,,
227998,227998,UT,09:04:22 28-Aug-2022,,,2,-22.8833,169.4410,CRC 14.13,09:04:22 28-Aug-2022,Status,30,142,61,,,,,,,,,,,,,,,,,,,,,,,,,,,,,
227998,227998,UT,07:27:49 29-Aug-2022,,,B,-22.8837,169.4133,CRC (both failed),,,42,163,128,238,210,122,196,45,149,158,225,74,180,8,228,32,88,151,40,224,183,88,105,79,215,232,242,156,216,215,134,
227998,227998,UT,10:14:00 30-Aug-2022,,,3,-22.9318,169.4416,CRC 11.7,10:14:00 30-Aug-2022,Status,75,20,197,,,,,,,,,,,,,,,,,,,,,,,,,,,,,
227998,227998,UT,19:02:22 30-Aug-2022,,,2,-22.9027,169.4160,CRC 9.10,19:02:22 30-Aug-2022,Status,89,204,213,,,,,,,,,,,,,,,,,,,,,,,,,,,,,
227998,227998,UT,06:03:21 31-Aug-2022,,,3,-22.9130,169.5461,CRC 14.1,06:03:21 31-Aug-2022,Status,30,143,171,,,,,,,,,,,,,,,,,,,,,,,,,,,,,
227998,227998,UT,06:09:46 31-Aug-2022,,,2,-22.9097,169.5606,CRC,,Fast-GPS,101,10,8,127,253,48,49,105,150,71,126,39,206,19,179,6,68,79,43,124,109,12,210,,,,,,,,,
227998,227998,UT,06:10:08 31-Aug-2022,,,2,-22.9097,169.5606,CRC 13.4,06:10:08 31-Aug-2022,Status,29,119,195,,,,,,,,,,,,,,,,,,,,,,,,,,,,,
227998,227998,UT,06:15:03 31-Aug-2022,,,2,-22.9097,169.5606,,,,110,132,64,,,,,,,,,,,,,,,,,,,,,,,,,,,,,
227998,227998,UT,06:20:15 31-Aug-2022,,,2,-22.9097,169.5606,CRC 5.13,,,101,131,8,,,,,,,,,,,,,,,,,,,,,,,,,,,,,
227998,227998,UT,05:39:58 01-Sep-2022,,,2,-22.8623,169.3740,CRC 14.7,05:39:58 01-Sep-2022,Status,30,143,185,,,,,,,,,,,,,,,,,,,,,,,,,,,,,
227998,227998,UT,05:44:07 01-Sep-2022,,,2,-22.8623,169.3740,CRC 8.2,05:44:07 01-Sep-2022,Status,8,82,79,,,,,,,,,,,,,,,,,,,,,,,,,,,,,
227998,227998,UT,05:47:52 01-Sep-2022,,,2,-22.8623,169.3740,CRC 2.0,05:47:52 01-Sep-2022,Status,82,143,231,,,,,,,,,,,,,,,,,,,,,,,,,,,,,
227998,227998,UT,05:39:58 01-Sep-2022,,,1,-22.8640,169.3715,CRC 12.3,05:39:58 01-Sep-2022,Status,28,130,162,,,,,,,,,,,,,,,,,,,,,,,,,,,,,
227998,227998,UT,05:44:07 01-Sep-2022,,,1,-22.8640,169.3715,CRC 11.6,,,235,10,238,,,,,,,,,,,,,,,,,,,,,,,,,,,,,
227998,227998,UT,10:52:53 01-Sep-2022,,,B,-22.7379,169.3764,CRC 1.12,10:52:53 01-Sep-2022,Status,81,61,247,,,,,,,,,,,,,,,,,,,,,,,,,,,,,
227998,227998,UT,11:25:04 01-Sep-2022,,,A,-22.7366,169.3723,CRC 2.1,11:25:04 01-Sep-2022,Status,66,107,54,,,,,,,,,,,,,,,,,,,,,,,,,,,,,
227998,227998,UT,19:21:14 02-Sep-2022,,,A,-22.3480,169.1276,CRC 12.0,19:21:14 02-Sep-2022,Status,76,28,97,,,,,,,,,,,,,,,,,,,,,,,,,,,,,
227998,227998,UT,19:22:18 02-Sep-2022,,,A,-22.3480,169.1276,CRC 1.0,,,97,13,3,,,,,,,,,,,,,,,,,,,,,,,,,,,,,
227998,227998,UT,19:55:32 03-Sep-2022,,,B,-22.1040,168.8280,CRC 5.15,19:55:32 03-Sep-2022,Status,85,15,49,,,,,,,,,,,,,,,,,,,,,,,,,,,,,
227998,227998,UT,19:42:37 04-Sep-2022,,,1,-22.3139,169.1112,CRC 41.77,19:49:38 04-Sep-2022,Status,69,48,165,245,104,201,88,176,34,79,25,148,22,145,14,235,185,2,119,83,17,116,214,,,,,,,,,
227998,227998,UT,19:15:57 05-Sep-2022,,,3,-22.3074,169.1039,CRC 9.15,19:15:57 05-Sep-2022,Status,89,87,72,,,,,,,,,,,,,,,,,,,,,,,,,,,,,
227998,227998,UT,06:30:15 09-Sep-2022,,,3,-22.2916,169.1645,CRC 0.2,06:30:15 09-Sep-2022,Status,80,166,35,,,,,,,,,,,,,,,,,,,,,,,,,,,,,
227998,227998,UT,06:34:51 09-Sep-2022,,,3,-22.2916,169.1645,CRC 5.14,,,5,154,0,,,,,,,,,,,,,,,,,,,,,,,,,,,,,
227998,227998,UT,06:36:11 09-Sep-2022,,,3,-22.2916,169.1645,CRC 2.10,06:36:11 09-Sep-2022,Status,66,8,91,,,,,,,,,,,,,,,,,,,,,,,,,,,,,
227998,227998,UT,06:39:32 09-Sep-2022,,,3,-22.2916,169.1645,CRC 14.11,06:39:32 09-Sep-2022,Status,94,142,28,,,,,,,,,,,,,,,,,,,,,,,,,,,,,
227998,227998,UT,06:39:14 09-Sep-2022,,,2,-22.2898,169.1547,CRC 13.2,06:39:14 09-Sep-2022,Status,13,147,31,,,,,,,,,,,,,,,,,,,,,,,,,,,,,
227998,227998,UT,19:44:38 09-Sep-2022,,,A,-22.3096,169.1293,CRC 15.12,19:44:38 09-Sep-2022,Status,15,65,16,,,,,,,,,,,,,,,,,,,,,,,,,,,,,
227998,227998,UT,19:45:38 09-Sep-2022,,,A,-22.3096,169.1293,CRC 8.1,19:45:38 09-Sep-2022,Status,72,54,32,,,,,,,,,,,,,,,,,,,,,,,,,,,,,
227998,227998,UT,09:42:15 11-Sep-2022,,,A,-22.1090,169.0699,CRC 5.15,09:42:15 11-Sep-2022,Status,85,41,202,,,,,,,,,,,,,,,,,,,,,,,,,,,,,
227998,227998,UT,09:52:45 11-Sep-2022,,,B,-22.1014,169.0693,CRC 15.3,09:52:45 11-Sep-2022,Status,15,1,20,,,,,,,,,,,,,,,,,,,,,,,,,,,,,
227998,227998,UT,08:13:49 12-Sep-2022,,,B,-22.0890,168.9935,CRC 14.3,08:13:49 12-Sep-2022,Status,14,61,16,,,,,,,,,,,,,,,,,,,,,,,,,,,,,
227998,227998,UT,19:04:57 12-Sep-2022,,,B,-22.3032,168.8571,CRC 3.9,19:04:57 12-Sep-2022,Status,67,13,5,,,,,,,,,,,,,,,,,,,,,,,,,,,,,
227998,227998,UT,09:20:55 13-Sep-2022,,,B,-22.4266,168.8519,CRC 8.10,,,232,130,128,,,,,,,,,,,,,,,,,,,,,,,,,,,,,
227998,227998,UT,18:46:45 13-Sep-2022,,,1,-22.3084,169.1402,CRC 14.11,18:46:45 13-Sep-2022,Status,30,143,157,,,,,,,,,,,,,,,,,,,,,,,,,,,,,
227998,227998,UT,18:49:50 13-Sep-2022,,,1,-22.3084,169.1402,CRC 7.4,18:49:50 13-Sep-2022,Status,87,26,39,,,,,,,,,,,,,,,,,,,,,,,,,,,,,
227998,227998,UT,18:51:28 13-Sep-2022,,,1,-22.3084,169.1402,CRC 13.8,18:51:28 13-Sep-2022,Status,93,3,72,,,,,,,,,,,,,,,,,,,,,,,,,,,,,
227998,227998,UT,18:50:07 13-Sep-2022,,,B,-22.3081,169.1405,,,,96,130,16,,,,,,,,,,,,,,,,,,,,,,,,,,,,,
227998,227998,UT,07:41:06 17-Sep-2022,,,,,,CRC 4.12,07:41:06 17-Sep-2022,Status,84,220,167,,,,,,,,,,,,,,,,,,,,,,,,,,,,,
227998,227998,UT,12:04:30 17-Sep-2022,,,B,-22.6577,168.9622,CRC 9.4,12:04:30 17-Sep-2022,Status,89,10,71,,,,,,,,,,,,,,,,,,,,,,,,,,,,,
227998,227998,UT,05:15:38 18-Sep-2022,,,2,-23.0892,169.1725,CRC 15.3,05:15:38 18-Sep-2022,Status,95,3,97,,,,,,,,,,,,,,,,,,,,,,,,,,,,,
227998,227998,UT,05:16:14 18-Sep-2022,,,2,-23.0892,169.1725,CRC 12.9,05:16:14 18-Sep-2022,Status,60,164,175,,,,,,,,,,,,,,,,,,,,,,,,,,,,,
227998,227998,UT,07:59:43 19-Sep-2022,,,0,-22.8087,169.0173,CRC 6.4,,,102,117,70,,,,,,,,,,,,,,,,,,,,,,,,,,,,,
227998,227998,UT,09:38:17 19-Sep-2022,,,B,-22.8061,169.0273,CRC 9.12,,,105,126,3,,,,,,,,,,,,,,,,,,,,,,,,,,,,,
227998,227998,UT,05:15:58 20-Sep-2022,,,B,-22.5499,169.1249,CRC 14.8,,,110,245,0,,,,,,,,,,,,,,,,,,,,,,,,,,,,,
227998,227998,UT,07:03:07 24-Sep-2022,,,1,-22.1788,169.0119,CRC 3.11,07:03:07 24-Sep-2022,Status,83,33,79,,,,,,,,,,,,,,,,,,,,,,,,,,,,,
227998,227998,UT,19:18:40 24-Sep-2022,,,0,-21.9321,168.8301,CRC 9.10,19:18:40 24-Sep-2022,Status,73,13,4,,,,,,,,,,,,,,,,,,,,,,,,,,,,,
227998,227998,UT,19:24:36 24-Sep-2022,,,2,-21.9292,168.8590,CRC 15.7,,,111,179,94,,,,,,,,,,,,,,,,,,,,,,,,,,,,,
227998,227998,UT,19:32:50 24-Sep-2022,,,2,-21.9292,168.8590,CRC 0.6,,,96,2,241,,,,,,,,,,,,,,,,,,,,,,,,,,,,,
227998,227998,UT,04:55:51 25-Sep-2022,,,B,-21.6387,168.3034,CRC 13.2,04:55:51 25-Sep-2022,Status,77,16,107,,,,,,,,,,,,,,,,,,,,,,,,,,,,,
227998,227998,UT,06:36:16 25-Sep-2022,,,2,-21.9017,168.5681,CRC 237.14,14:17:19 24-Sep-2022,Status,93,176,165,245,104,201,88,176,44,57,20,193,139,204,127,155,231,95,253,210,80,126,128,,,,,,,,,
227998,227998,UT,06:36:37 25-Sep-2022,,,2,-21.9017,168.5681,CRC 15.10,06:36:37 25-Sep-2022,Status,15,3,228,,,,,,,,,,,,,,,,,,,,,,,,,,,,,
227998,227998,UT,06:03:06 26-Sep-2022,,,1,-22.2390,168.2085,CRC 10.9,06:03:06 26-Sep-2022,Status,90,239,112,,,,,,,,,,,,,,,,,,,,,,,,,,,,,
227998,227998,UT,06:04:43 26-Sep-2022,,,1,-22.2390,168.2085,CRC 0.5,06:04:43 26-Sep-2022,Status,64,41,252,,,,,,,,,,,,,,,,,,,,,,,,,,,,,
227998,227998,UT,07:33:11 30-Sep-2022,,,,,,CRC 136.251,07:41:00 30-Sep-2022,Status,81,16,165,245,104,201,88,176,47,30,144,19,20,191,64,66,56,115,172,168,167,236,56,,,,,,,,,
227998,227998,UT,06:41:03 01-Oct-2022,,,3,-22.3251,169.1318,CRC 55.186,19:15:57 12-Oct-2022,Status,70,240,165,245,104,201,88,185,166,76,254,123,80,144,71,245,34,205,2,246,23,59,64,,,,,,,,,
227998,227998,UT,06:41:40 01-Oct-2022,,,3,-22.3251,169.1318,CRC 9.7,06:41:40 01-Oct-2022,Status,89,49,186,,,,,,,,,,,,,,,,,,,,,,,,,,,,,
227998,227998,UT,06:45:13 01-Oct-2022,,,3,-22.3251,169.1318,CRC 7.1,06:45:13 01-Oct-2022,Status,39,236,111,,,,,,,,,,,,,,,,,,,,,,,,,,,,,
227998,227998,UT,07:56:45 02-Oct-2022,,,,,,CRC 14.11,07:56:45 02-Oct-2022,Status,30,143,28,,,,,,,,,,,,,,,,,,,,,,,,,,,,,
227998,227998,UT,18:18:30 02-Oct-2022,,,0,-22.7049,168.8622,CRC (both failed),,,42,168,32,238,238,254,32,238,238,239,197,246,176,137,136,55,144,143,144,172,64,24,142,244,208,134,113,117,200,107,8,
227998,227998,UT,20:56:08 02-Oct-2022,,,A,-22.7655,168.8526,CRC 15.10,20:56:08 02-Oct-2022,Status,79,1,16,,,,,,,,,,,,,,,,,,,,,,,,,,,,,
227998,227998,UT,22:11:06 02-Oct-2022,,,B,-22.7830,168.8574,CRC 15.9,22:11:06 02-Oct-2022,Status,15,1,18,,,,,,,,,,,,,,,,,,,,,,,,,,,,,
227998,227998,UT,05:53:26 05-Oct-2022,,,B,-24.2479,169.1947,CRC 10.5,05:53:26 05-Oct-2022,Status,58,242,33,,,,,,,,,,,,,,,,,,,,,,,,,,,,,
227998,227998,UT,06:24:20 05-Oct-2022,,,0,-24.2689,169.0514,CRC 1.10,06:24:20 05-Oct-2022,Status,65,236,52,,,,,,,,,,,,,,,,,,,,,,,,,,,,,
227998,227998,UT,05:54:27 06-Oct-2022,,,A,-24.6567,169.2808,CRC 13.14,05:54:27 06-Oct-2022,Status,93,116,82,,,,,,,,,,,,,,,,,,,,,,,,,,,,,
227998,227998,UT,18:52:11 06-Oct-2022,,,B,-25.0829,169.2109,CRC 14.2,18:52:11 06-Oct-2022,Status,30,142,24,,,,,,,,,,,,,,,,,,,,,,,,,,,,,
227998,227998,UT,19:48:06 08-Oct-2022,,,B,-26.5434,168.7315,CRC 32.186,19:56:10 08-Oct-2022,Status,68,16,165,245,104,201,88,176,36,79,130,148,84,171,251,6,1,106,29,204,224,252,214,,,,,,,,,
227998,227998,UT,05:57:18 09-Oct-2022,,,3,-26.9200,168.6506,CRC 155.244,02:02:07 01-Oct-2022,Status,83,112,165,245,248,201,88,177,32,136,33,223,76,233,135,226,126,63,31,253,18,114,50,,,,,,,,,
227998,227998,UT,19:16:31 15-Oct-2022,,,B,-30.6727,166.2216,CRC 15.11,,,111,133,16,,,,,,,,,,,,,,,,,,,,,,,,,,,,,
227998,227998,UT,05:35:55 16-Oct-2022,,,B,-30.6388,166.1604,CRC 15.7,05:35:55 16-Oct-2022,Status,15,9,80,,,,,,,,,,,,,,,,,,,,,,,,,,,,,
227998,227998,UT,06:05:38 16-Oct-2022,,,,,,CRC 12.4,06:05:38 16-Oct-2022,Status,92,248,82,,,,,,,,,,,,,,,,,,,,,,,,,,,,,
227998,227998,UT,06:42:47 17-Oct-2022,,,0,-29.4626,165.6273,CRC 15.11,06:42:47 17-Oct-2022,Status,15,5,16,,,,,,,,,,,,,,,,,,,,,,,,,,,,,
227998,227998,UT,06:16:45 18-Oct-2022,,,A,-28.6555,165.1568,CRC 6.5,06:16:45 18-Oct-2022,Status,86,85,217,,,,,,,,,,,,,,,,,,,,,,,,,,,,,
227998,227998,UT,09:01:46 18-Oct-2022,,,A,-28.5691,165.1233,CRC 243.160,09:10:07 18-Oct-2022,Status,94,112,165,245,104,201,88,176,41,36,161,211,84,179,153,6,3,184,29,204,176,251,129,,,,,,,,,
227998,227998,UT,10:44:08 18-Oct-2022,,,B,-28.5230,165.1086,CRC 14.1,10:44:08 18-Oct-2022,Status,62,142,24,,,,,,,,,,,,,,,,,,,,,,,,,,,,,
227998,227998,UT,18:37:04 18-Oct-2022,,,B,-28.2995,165.0106,CRC 211.175,06:45:26 22-Oct-2022,Status,90,112,165,245,104,201,88,178,43,26,214,183,20,184,42,247,55,232,26,142,106,184,159,,,,,,,,,
227998,227998,UT,18:39:19 18-Oct-2022,,,B,-28.2995,165.0106,CRC 3.8,18:39:19 18-Oct-2022,Status,67,26,83,,,,,,,,,,,,,,,,,,,,,,,,,,,,,
227998,227998,UT,06:47:44 19-Oct-2022,,,B,-27.9568,164.8432,CRC 10.4,06:47:44 19-Oct-2022,Status,74,210,92,,,,,,,,,,,,,,,,,,,,,,,,,,,,,
227998,227998,UT,06:48:10 20-Oct-2022,,,B,-27.5665,164.1201,CRC 3.7,06:48:10 20-Oct-2022,Status,83,239,90,,,,,,,,,,,,,,,,,,,,,,,,,,,,,
227998,227998,UT,19:16:19 20-Oct-2022,,,1,-27.1917,163.7595,CRC 15.11,19:16:19 20-Oct-2022,Status,15,5,16,,,,,,,,,,,,,,,,,,,,,,,,,,,,,
227998,227998,UT,19:17:41 20-Oct-2022,,,1,-27.1917,163.7595,CRC 15.1,19:17:41 20-Oct-2022,Status,95,196,196,,,,,,,,,,,,,,,,,,,,,,,,,,,,,
227998,227998,UT,18:48:33 21-Oct-2022,,,B,-26.5480,163.4082,CRC 15.14,,,207,213,20,,,,,,,,,,,,,,,,,,,,,,,,,,,,,
227998,227998,UT,19:28:40 21-Oct-2022,,,B,-26.5058,163.3890,CRC 15.6,19:28:40 21-Oct-2022,Status,15,1,23,,,,,,,,,,,,,,,,,,,,,,,,,,,,,
227998,227998,UT,19:35:48 21-Oct-2022,,,B,-26.4901,163.4394,CRC 12.4,,,172,166,100,,,,,,,,,,,,,,,,,,,,,,,,,,,,,
227998,227998,UT,10:29:04 23-Oct-2022,,,B,-25.4292,162.7200,CRC 13.11,10:29:04 23-Oct-2022,Status,13,132,49,,,,,,,,,,,,,,,,,,,,,,,,,,,,,
227998,227998,UT,06:25:05 24-Oct-2022,,,B,-25.4094,162.7257,CRC (both failed),,,42,170,128,70,85,17,180,231,68,254,178,81,249,7,116,1,0,45,193,231,157,249,100,21,154,126,32,136,32,88,164,
227998,227998,UT,06:57:37 24-Oct-2022,,,Z,-24.8919,162.7184,CRC 0.6,,,96,195,32,,,,,,,,,,,,,,,,,,,,,,,,,,,,,
227998,227998,UT,19:59:36 24-Oct-2022,,,3,-24.6417,162.8739,CRC 5.3,19:59:36 24-Oct-2022,Status,37,83,18,,,,,,,,,,,,,,,,,,,,,,,,,,,,,
227998,227998,UT,06:25:35 26-Oct-2022,,,B,-23.5561,163.1364,CRC 15.1,,,111,130,63,,,,,,,,,,,,,,,,,,,,,,,,,,,,,
227998,227998,UT,19:21:10 27-Oct-2022,,,A,-23.0326,164.4525,CRC 14.3,19:21:10 27-Oct-2022,Status,46,176,20,,,,,,,,,,,,,,,,,,,,,,,,,,,,,
227998,227998,UT,18:35:35 03-Nov-2022,,,0,-23.6686,167.4662,CRC 2.7,,,210,128,156,,,,,,,,,,,,,,,,,,,,,,,,,,,,,
227998,227998,UT,20:14:36 04-Nov-2022,,,B,-23.8654,168.1214,CRC 13.1,20:14:36 04-Nov-2022,Status,93,140,92,,,,,,,,,,,,,,,,,,,,,,,,,,,,,
227998,227998,UT,20:14:55 04-Nov-2022,,,B,-23.7310,168.4512,CRC 15.3,,,111,129,4,,,,,,,,,,,,,,,,,,,,,,,,,,,,,
227998,227998,UT,21:17:23 05-Nov-2022,,,B,-24.3166,169.0795,CRC 3.11,21:17:23 05-Nov-2022,Status,83,127,108,,,,,,,,,,,,,,,,,,,,,,,,,,,,,
227998,227998,UT,09:29:12 07-Nov-2022,,,,,,CRC 15.11,09:29:12 07-Nov-2022,Status,15,37,16,,,,,,,,,,,,,,,,,,,,,,,,,,,,,
227998,227998,UT,10:07:42 07-Nov-2022,,,B,-25.0111,169.8116,CRC 15.0,10:07:42 07-Nov-2022,Status,79,73,254,,,,,,,,,,,,,,,,,,,,,,,,,,,,,
227998,227998,UT,07:06:48 11-Nov-2022,,,B,-27.3987,170.8499,CRC 12.5,,,124,126,4,,,,,,,,,,,,,,,,,,,,,,,,,,,,,
227998,227998,UT,07:23:52 12-Nov-2022,,,B,-28.0431,171.1427,CRC 4.2,07:23:52 12-Nov-2022,Status,68,218,6,,,,,,,,,,,,,,,,,,,,,,,,,,,,,
227998,227998,UT,20:18:33 12-Nov-2022,,,B,-28.3210,171.1735,CRC 14.9,20:18:33 12-Nov-2022,Status,30,138,156,,,,,,,,,,,,,,,,,,,,,,,,,,,,,
227998,227998,UT,18:19:51 13-Nov-2022,,,B,-28.8580,171.0500,CRC 14.4,18:19:51 13-Nov-2022,Status,30,140,28,,,,,,,,,,,,,,,,,,,,,,,,,,,,,
227998,227998,UT,07:13:10 14-Nov-2022,,,B,-29.4552,171.1083,CRC 9.3,,,105,145,84,,,,,,,,,,,,,,,,,,,,,,,,,,,,,
227998,227998,UT,05:45:15 17-Nov-2022,,,2,-31.8869,170.8676,CRC 14.5,05:45:15 17-Nov-2022,Status,14,134,29,,,,,,,,,,,,,,,,,,,,,,,,,,,,,
227998,227998,UT,08:01:41 17-Nov-2022,,,1,-31.9945,170.8999,CRC 1.2,08:01:41 17-Nov-2022,Status,81,14,9,,,,,,,,,,,,,,,,,,,,,,,,,,,,,
227998,227998,UT,09:38:51 17-Nov-2022,,,0,-32.0651,170.9074,CRC 15.6,09:38:51 17-Nov-2022,Status,15,3,17,,,,,,,,,,,,,,,,,,,,,,,,,,,,,
227998,227998,UT,17:56:34 17-Nov-2022,,,B,-32.4401,170.9879,CRC 7.9,17:56:34 17-Nov-2022,Status,87,52,207,,,,,,,,,,,,,,,,,,,,,,,,,,,,,
227998,227998,UT,05:12:08 18-Nov-2022,,,2,-32.8322,170.8128,CRC 2.9,,,98,121,200,,,,,,,,,,,,,,,,,,,,,,,,,,,,,
227998,227998,UT,17:25:56 18-Nov-2022,,,1,-33.3130,170.8861,CRC 8.9,,,232,145,132,,,,,,,,,,,,,,,,,,,,,,,,,,,,,
227998,227998,UT,17:28:27 18-Nov-2022,,,1,-33.3130,170.8861,CRC 15.6,,,143,1,16,,,,,,,,,,,,,,,,,,,,,,,,,,,,,
227998,227998,UT,17:52:37 18-Nov-2022,,,1,-33.3414,170.8800,CRC 11.8,17:52:37 18-Nov-2022,Status,75,150,132,,,,,,,,,,,,,,,,,,,,,,,,,,,,,
227998,227998,UT,19:31:22 18-Nov-2022,,,2,-33.4095,170.8680,CRC 1.7,19:31:22 18-Nov-2022,Status,65,20,4,,,,,,,,,,,,,,,,,,,,,,,,,,,,,
227998,227998,UT,20:21:00 18-Nov-2022,,,0,-33.4357,170.8682,CRC 15.14,20:21:00 18-Nov-2022,Status,31,142,28,,,,,,,,,,,,,,,,,,,,,,,,,,,,,
227998,227998,UT,07:40:05 19-Nov-2022,,,B,-33.8702,170.8492,CRC 14.13,07:40:05 19-Nov-2022,Status,30,175,62,,,,,,,,,,,,,,,,,,,,,,,,,,,,,
227998,227998,UT,07:40:05 19-Nov-2022,,,A,-33.8804,170.8791,CRC 14.1,07:40:05 19-Nov-2022,Status,30,142,152,,,,,,,,,,,,,,,,,,,,,,,,,,,,,
227998,227998,UT,05:47:47 20-Nov-2022,,,2,-34.1451,171.6350,CRC 14.13,05:47:47 20-Nov-2022,Status,30,142,29,,,,,,,,,,,,,,,,,,,,,,,,,,,,,
227998,227998,UT,07:21:22 20-Nov-2022,,,1,-34.1459,171.7143,CRC 2.1,07:21:22 20-Nov-2022,Status,82,20,118,,,,,,,,,,,,,,,,,,,,,,,,,,,,,
227998,227998,UT,20:18:10 21-Nov-2022,,,B,-34.0196,173.0606,CRC 14.13,20:18:10 21-Nov-2022,Status,30,142,29,,,,,,,,,,,,,,,,,,,,,,,,,,,,,
227998,227998,UT,18:40:48 22-Nov-2022,,,0,-32.9034,172.6077,CRC 9.7,18:40:48 22-Nov-2022,Status,89,204,127,,,,,,,,,,,,,,,,,,,,,,,,,,,,,
227998,227998,UT,06:13:15 24-Nov-2022,,,B,-32.6354,174.1634,CRC 10.14,06:13:15 24-Nov-2022,Status,26,142,28,,,,,,,,,,,,,,,,,,,,,,,,,,,,,
227998,227998,UT,06:59:05 24-Nov-2022,,,1,-32.6166,174.1945,CRC 14.13,06:59:05 24-Nov-2022,Status,30,142,29,,,,,,,,,,,,,,,,,,,,,,,,,,,,,
227998,227998,UT,07:17:29 24-Nov-2022,,,1,-32.6091,174.2132,CRC 4.1,07:17:29 24-Nov-2022,Status,36,119,0,,,,,,,,,,,,,,,,,,,,,,,,,,,,,
227998,227998,UT,17:35:35 24-Nov-2022,,,2,-32.5096,174.7053,CRC 14.6,17:35:35 24-Nov-2022,Status,30,134,28,,,,,,,,,,,,,,,,,,,,,,,,,,,,,
227998,227998,UT,17:42:31 24-Nov-2022,,,2,-32.5096,174.7053,CRC 15.10,17:42:31 24-Nov-2022,Status,15,7,73,,,,,,,,,,,,,,,,,,,,,,,,,,,,,
227998,227998,UT,17:42:31 24-Nov-2022,,,1,-32.5066,174.7164,CRC 15.10,,,15,3,5,,,,,,,,,,,,,,,,,,,,,,,,,,,,,
227998,227998,UT,18:28:21 24-Nov-2022,,,A,-32.5159,174.7326,CRC 3.12,,,115,2,135,,,,,,,,,,,,,,,,,,,,,,,,,,,,,
227998,227998,UT,20:09:04 24-Nov-2022,,,B,-32.4786,174.8327,CRC 14.10,20:09:04 24-Nov-2022,Status,30,28,213,,,,,,,,,,,,,,,,,,,,,,,,,,,,,
227998,227998,UT,06:50:15 25-Nov-2022,,,2,-32.4330,175.3156,CRC 13.4,,,125,177,232,,,,,,,,,,,,,,,,,,,,,,,,,,,,,
227998,227998,UT,06:52:34 25-Nov-2022,,,2,-32.4330,175.3156,CRC 15.12,06:52:34 25-Nov-2022,Status,15,10,253,,,,,,,,,,,,,,,,,,,,,,,,,,,,,
227998,227998,UT,18:03:50 25-Nov-2022,,,B,-32.3225,175.8768,CRC 5.15,18:03:50 25-Nov-2022,Status,85,41,123,,,,,,,,,,,,,,,,,,,,,,,,,,,,,
227998,227998,UT,17:40:43 26-Nov-2022,,,B,-32.3315,177.0683,CRC 14.6,17:40:43 26-Nov-2022,Status,30,137,204,,,,,,,,,,,,,,,,,,,,,,,,,,,,,
227998,227998,UT,05:21:27 27-Nov-2022,,,B,-32.3722,177.8148,CRC (both failed),,,42,175,83,7,18,205,33,224,63,13,14,188,169,229,21,194,1,48,38,8,188,79,41,15,157,143,255,129,195,121,244,
227998,227998,UT,05:23:33 27-Nov-2022,,,B,-32.3722,177.8148,CRC (both failed),,,42,175,83,1,0,4,0,7,125,127,155,68,56,190,129,177,136,126,26,243,240,50,150,217,215,191,57,2,62,214,223,
227998,227998,UT,05:25:15 27-Nov-2022,,,B,-32.2870,177.6735,CRC (both failed),,,42,175,83,0,0,0,15,136,56,182,69,58,114,112,87,62,111,181,134,236,184,98,165,223,126,111,192,156,76,87,114,
227998,227998,UT,05:32:27 27-Nov-2022,,,B,-32.2870,177.6735,CRC (both failed),,,42,175,83,71,101,144,113,60,158,80,34,183,187,28,188,38,3,250,126,150,247,15,94,25,206,7,173,231,107,32,15,
227998,227998,UT,07:49:34 27-Nov-2022,,,B,-32.2361,177.8083,CRC 14.7,07:49:34 27-Nov-2022,Status,30,142,11,,,,,,,,,,,,,,,,,,,,,,,,,,,,,
227998,227998,UT,09:57:27 27-Nov-2022,,,B,-32.2271,177.9062,CRC 14.7,,,158,142,28,,,,,,,,,,,,,,,,,,,,,,,,,,,,,
227998,227998,UT,06:35:01 28-Nov-2022,,,B,-32.0990,178.8210,CRC 0.3,06:35:01 28-Nov-2022,Status,80,38,143,,,,,,,,,,,,,,,,,,,,,,,,,,,,,
227998,227998,UT,07:16:33 28-Nov-2022,,,3,-32.1603,178.8479,CRC 11.15,,,107,116,12,,,,,,,,,,,,,,,,,,,,,,,,,,,,,
227998,227998,UT,07:20:44 28-Nov-2022,,,3,-32.1603,178.8479,CRC 14.4,07:20:44 28-Nov-2022,Status,30,140,28,,,,,,,,,,,,,,,,,,,,,,,,,,,,,
227998,227998,UT,07:20:15 29-Nov-2022,,,B,-32.6921,179.8741,CRC 14.15,07:20:15 29-Nov-2022,Status,30,142,194,,,,,,,,,,,,,,,,,,,,,,,,,,,,,
227998,227998,UT,05:05:38 01-Dec-2022,,,B,-32.9976,-178.5038,CRC 1.14,05:05:38 01-Dec-2022,Status,17,147,11,,,,,,,,,,,,,,,,,,,,,,,,,,,,,
227998,227998,UT,17:17:57 01-Dec-2022,,,3,-33.2886,-177.7999,CRC 14.5,17:17:57 01-Dec-2022,Status,30,138,25,,,,,,,,,,,,,,,,,,,,,,,,,,,,,
227998,227998,UT,18:21:23 01-Dec-2022,,,0,-33.3123,-177.7077,CRC 11.2,18:21:23 01-Dec-2022,Status,27,72,97,,,,,,,,,,,,,,,,,,,,,,,,,,,,,
227998,227998,UT,18:23:13 01-Dec-2022,,,0,-33.3123,-177.7077,CRC 6.5,,,102,192,4,,,,,,,,,,,,,,,,,,,,,,,,,,,,,
227998,227998,UT,06:08:08 02-Dec-2022,,,B,-33.6620,-176.7271,CRC 15.4,06:08:08 02-Dec-2022,Status,31,3,142,,,,,,,,,,,,,,,,,,,,,,,,,,,,,
227998,227998,UT,06:40:33 02-Dec-2022,,,Z,-33.4159,-177.2590,CRC 3.11,06:40:33 02-Dec-2022,Status,67,166,4,,,,,,,,,,,,,,,,,,,,,,,,,,,,,
227998,227998,UT,09:07:16 02-Dec-2022,,,2,-33.4807,-177.1305,CRC 7.11,09:07:16 02-Dec-2022,Status,71,170,0,,,,,,,,,,,,,,,,,,,,,,,,,,,,,
227998,227998,UT,18:08:33 02-Dec-2022,,,1,-33.6137,-176.7126,CRC 4.10,18:08:33 02-Dec-2022,Status,68,29,4,,,,,,,,,,,,,,,,,,,,,,,,,,,,,
227998,227998,UT,18:31:52 02-Dec-2022,,,B,-33.6343,-176.6876,CRC 14.7,18:31:52 02-Dec-2022,Status,30,198,211,,,,,,,,,,,,,,,,,,,,,,,,,,,,,
227998,227998,UT,18:32:24 02-Dec-2022,,,B,-33.6343,-176.6876,CRC 14.6,18:32:24 02-Dec-2022,Status,30,142,20,,,,,,,,,,,,,,,,,,,,,,,,,,,,,
227998,227998,UT,06:51:09 03-Dec-2022,,,B,-33.6152,-176.1919,CRC 14.5,06:51:09 03-Dec-2022,Status,30,206,84,,,,,,,,,,,,,,,,,,,,,,,,,,,,,
227998,227998,UT,08:19:02 03-Dec-2022,,,0,-33.5290,-176.1342,CRC 14.10,08:19:02 03-Dec-2022,Status,94,154,47,,,,,,,,,,,,,,,,,,,,,,,,,,,,,
227998,227998,UT,11:08:51 03-Dec-2022,,,A,-33.4452,-176.1115,CRC 2.13,11:08:51 03-Dec-2022,Status,66,171,81,,,,,,,,,,,,,,,,,,,,,,,,,,,,,
227998,227998,UT,16:16:55 03-Dec-2022,,,1,-33.2912,-176.0295,CRC 14.8,16:16:55 03-Dec-2022,Status,30,142,30,,,,,,,,,,,,,,,,,,,,,,,,,,,,,
227998,227998,UT,16:19:19 03-Dec-2022,,,1,-33.2912,-176.0295,CRC 5.6,,,117,206,230,,,,,,,,,,,,,,,,,,,,,,,,,,,,,
227998,227998,UT,16:20:26 03-Dec-2022,,,1,-33.2912,-176.0295,CRC 5.9,16:20:26 03-Dec-2022,Status,85,188,4,,,,,,,,,,,,,,,,,,,,,,,,,,,,,
227998,227998,UT,17:52:16 03-Dec-2022,,,A,-33.2314,-175.9773,CRC 14.6,17:52:16 03-Dec-2022,Status,30,134,28,,,,,,,,,,,,,,,,,,,,,,,,,,,,,
227998,227998,UT,17:52:49 03-Dec-2022,,,A,-33.2314,-175.9773,CRC 7.10,17:52:49 03-Dec-2022,Status,71,38,9,,,,,,,,,,,,,,,,,,,,,,,,,,,,,
227998,227998,UT,18:09:22 04-Dec-2022,,,B,-32.4453,-175.4070,CRC 15.0,18:09:22 04-Dec-2022,Status,31,168,92,,,,,,,,,,,,,,,,,,,,,,,,,,,,,
227998,227998,UT,21:38:30 07-Dec-2022,,,,,,CRC 13.3,,,141,173,117,,,,,,,,,,,,,,,,,,,,,,,,,,,,,
227998,227998,UT,18:32:30 08-Dec-2022,,,B,-29.8304,-176.2596,CRC 5.6,18:32:30 08-Dec-2022,Status,69,239,5,,,,,,,,,,,,,,,,,,,,,,,,,,,,,
227998,227998,UT,18:39:12 08-Dec-2022,,,1,-29.8239,-176.2589,CRC 12.14,18:39:12 08-Dec-2022,Status,28,238,29,,,,,,,,,,,,,,,,,,,,,,,,,,,,,
227998,227998,UT,18:41:57 08-Dec-2022,,,1,-29.8239,-176.2589,CRC 6.9,18:41:57 08-Dec-2022,Status,70,240,1,,,,,,,,,,,,,,,,,,,,,,,,,,,,,
227998,227998,UT,18:45:20 08-Dec-2022,,,1,-29.8239,-176.2589,CRC 14.3,18:45:20 08-Dec-2022,Status,30,143,20,,,,,,,,,,,,,,,,,,,,,,,,,,,,,
227998,227998,UT,19:08:54 08-Dec-2022,,,2,-29.8132,-176.2817,CRC 6.14,19:08:54 08-Dec-2022,Status,70,248,4,,,,,,,,,,,,,,,,,,,,,,,,,,,,,
227998,227998,UT,05:55:47 09-Dec-2022,,,A,-29.6297,-176.6176,CRC 7.9,05:55:47 09-Dec-2022,Status,23,159,195,,,,,,,,,,,,,,,,,,,,,,,,,,,,,
227998,227998,UT,08:46:38 09-Dec-2022,,,3,-29.5725,-176.7360,CRC 15.12,08:46:38 09-Dec-2022,Status,79,157,4,,,,,,,,,,,,,,,,,,,,,,,,,,,,,
227998,227998,UT,10:04:09 09-Dec-2022,,,3,-29.5615,-176.7864,CRC 1.4,,,129,1,78,,,,,,,,,,,,,,,,,,,,,,,,,,,,,
227998,227998,UT,10:08:20 09-Dec-2022,,,3,-29.5615,-176.7864,CRC 14.2,10:08:20 09-Dec-2022,Status,30,142,8,,,,,,,,,,,,,,,,,,,,,,,,,,,,,
227998,227998,UT,18:08:28 09-Dec-2022,,,1,-29.4982,-176.9203,CRC 3.15,18:08:28 09-Dec-2022,Status,83,103,137,,,,,,,,,,,,,,,,,,,,,,,,,,,,,
227998,227998,UT,18:08:40 09-Dec-2022,,,1,-29.4982,-176.9203,CRC 14.15,18:08:40 09-Dec-2022,Status,30,139,28,,,,,,,,,,,,,,,,,,,,,,,,,,,,,
227998,227998,UT,18:21:22 09-Dec-2022,,,B,-29.4962,-176.9270,CRC 14.3,18:21:22 09-Dec-2022,Status,30,142,230,,,,,,,,,,,,,,,,,,,,,,,,,,,,,
227998,227998,UT,04:51:28 10-Dec-2022,,,1,-29.2533,-177.2749,CRC 7.3,,,167,141,36,,,,,,,,,,,,,,,,,,,,,,,,,,,,,
227998,227998,UT,05:21:27 10-Dec-2022,,,0,-29.2420,-177.3004,CRC 1.7,05:21:27 10-Dec-2022,Status,81,179,158,,,,,,,,,,,,,,,,,,,,,,,,,,,,,
227998,227998,UT,05:23:29 10-Dec-2022,,,0,-29.2420,-177.3004,CRC 4.7,05:23:29 10-Dec-2022,Status,68,83,60,,,,,,,,,,,,,,,,,,,,,,,,,,,,,
227998,227998,UT,07:08:54 10-Dec-2022,,,A,-29.1912,-177.3763,CRC 14.5,07:08:54 10-Dec-2022,Status,30,180,123,,,,,,,,,,,,,,,,,,,,,,,,,,,,,
227998,227998,UT,07:17:26 10-Dec-2022,,,A,-29.1912,-177.3763,CRC 11.5,07:17:26 10-Dec-2022,Status,91,240,148,,,,,,,,,,,,,,,,,,,,,,,,,,,,,
227998,227998,UT,17:43:40 13-Dec-2022,,,B,-29.1570,-178.0507,CRC 13.8,,,221,199,16,,,,,,,,,,,,,,,,,,,,,,,,,,,,,
227998,227998,UT,19:18:13 15-Dec-2022,,,1,-29.2098,-178.0265,CRC 14.2,19:18:13 15-Dec-2022,Status,30,158,24,,,,,,,,,,,,,,,,,,,,,,,,,,,,,
227998,227998,UT,19:39:48 15-Dec-2022,,,1,-29.1902,-178.0361,CRC 14.8,19:39:48 15-Dec-2022,Status,30,54,197,,,,,,,,,,,,,,,,,,,,,,,,,,,,,
227998,227998,UT,09:02:38 16-Dec-2022,,,B,-29.2652,-178.0374,CRC (both failed),,,42,176,205,163,57,234,48,58,36,30,162,88,68,146,7,23,48,193,14,23,252,79,210,40,133,194,232,253,149,142,177,
227998,227998,UT,09:24:20 16-Dec-2022,,,B,-29.2577,-178.0347,CRC (both failed),,,42,176,192,127,27,203,105,92,80,232,53,84,78,25,247,198,213,35,224,217,138,238,130,29,150,208,80,175,73,17,31,
227998,227998,UT,06:42:25 17-Dec-2022,,,1,-29.2003,-177.8732,CRC 8.14,06:42:25 17-Dec-2022,Status,72,215,5,,,,,,,,,,,,,,,,,,,,,,,,,,,,,
227998,227998,UT,07:09:07 17-Dec-2022,,,1,-29.1931,-177.8665,CRC 7.15,07:09:07 17-Dec-2022,Status,71,221,4,,,,,,,,,,,,,,,,,,,,,,,,,,,,,
227998,227998,UT,07:31:16 17-Dec-2022,,,1,-29.1632,-177.8736,CRC 14.1,07:31:16 17-Dec-2022,Status,30,206,24,,,,,,,,,,,,,,,,,,,,,,,,,,,,,
227998,227998,UT,07:32:18 17-Dec-2022,,,1,-29.1632,-177.8736,CRC 12.4,07:32:18 17-Dec-2022,Status,92,149,149,,,,,,,,,,,,,,,,,,,,,,,,,,,,,
227998,227998,UT,07:32:57 17-Dec-2022,,,1,-29.1632,-177.8736,CRC 14.13,,,110,71,198,,,,,,,,,,,,,,,,,,,,,,,,,,,,,
227998,227998,UT,09:37:11 20-Dec-2022,,,B,-29.7341,-178.6308,,,,98,105,32,,,,,,,,,,,,,,,,,,,,,,,,,,,,,
227998,227998,UT,17:22:52 20-Dec-2022,,,2,-29.7835,-178.9657,CRC 3.4,17:22:52 20-Dec-2022,Status,67,147,78,,,,,,,,,,,,,,,,,,,,,,,,,,,,,
227998,227998,UT,19:30:19 20-Dec-2022,,,2,-29.8568,-179.0701,CRC 15.13,19:30:19 20-Dec-2022,Status,31,142,29,,,,,,,,,,,,,,,,,,,,,,,,,,,,,
227998,227998,UT,21:44:16 20-Dec-2022,,,B,-29.9061,-179.1115,CRC 14.6,21:44:16 20-Dec-2022,Status,30,134,28,,,,,,,,,,,,,,,,,,,,,,,,,,,,,
227998,227998,UT,17:57:11 21-Dec-2022,,,1,-30.3088,-179.7475,CRC 14.9,17:57:11 21-Dec-2022,Status,30,142,17,,,,,,,,,,,,,,,,,,,,,,,,,,,,,
227998,227998,UT,18:30:30 21-Dec-2022,,,3,-30.3355,-179.7728,CRC 7.10,18:30:30 21-Dec-2022,Status,71,165,14,,,,,,,,,,,,,,,,,,,,,,,,,,,,,
227998,227998,UT,18:34:34 21-Dec-2022,,,3,-30.3355,-179.7728,CRC 14.6,18:34:34 21-Dec-2022,Status,30,142,20,,,,,,,,,,,,,,,,,,,,,,,,,,,,,
227998,227998,UT,18:44:13 21-Dec-2022,,,3,-30.3404,-179.7740,CRC 8.12,18:44:13 21-Dec-2022,Status,72,231,11,,,,,,,,,,,,,,,,,,,,,,,,,,,,,
227998,227998,UT,21:55:50 22-Dec-2022,,,B,-31.1137,179.5470,CRC 10.8,21:55:50 22-Dec-2022,Status,74,214,4,,,,,,,,,,,,,,,,,,,,,,,,,,,,,
227998,227998,UT,07:37:41 23-Dec-2022,,,B,-31.6241,179.4453,CRC 14.13,07:37:41 23-Dec-2022,Status,62,142,28,,,,,,,,,,,,,,,,,,,,,,,,,,,,,
227998,227998,UT,10:17:45 23-Dec-2022,,,B,-31.7395,179.3994,CRC 10.2,10:17:45 23-Dec-2022,Status,74,228,4,,,,,,,,,,,,,,,,,,,,,,,,,,,,,
