DeployID,Ptt,DepthSensor,Instr,SW,RTC,Received,Time Offset,LocationQuality,Latitude,Longitude,Type,HauledOut,BrokenThermistor,BrokenLink,Transmits,BattVoltage,TransmitVoltage,TransmitCurrent,Temperature,Depth,MaxDepth,ZeroDepthOffset,LightLevel,NoDawnDusk,ReleaseType,ReleaseTime,InitiallyBroken,BurnMinutes,ReleaseDepth,FastGPSPower,TWICPower,PowerLimit,WetDry,MinWetDry,MaxWetDry,WetDryThreshold,StatusWord,TransmitPower,Resets,PreReleaseTilt,PreReleaseTiltSd,PreReleaseTiltCount,XmitQueue,FastGPSLocNumber,FastGPSFailures,BattDiscon
132353,132353,,SPOT,,,19:53:36 27-Feb-2015,,B,-24.7717,153.0739,,,,,3200,3.472,,0.188,26.97,,,,,,,,,,,,,,,,,,,,,,,,,,,
132353,132353,,SPOT,,,21:25:53 27-Feb-2015,,B,-24.7988,153.0712,,,,,2176,3.472,,0.204,27.07,,,,,,,,,,,,,,,,,,,,,,,,,,,
132353,132353,,SPOT,,,21:27:57 27-Feb-2015,,B,-24.7988,153.0712,,,,,3200,3.472,,0.196,26.97,,,,,,,,,,,,,,,,,,,,,,,,,,,
132353,132353,,SPOT,,,08:33:34 28-Feb-2015,,1,-24.6445,153.1349,,,,,3456,3.472,,0.200,26.97,,,,,,,,,,,,,,,,,,,,,,,,,,,
132353,132353,,SPOT,,,08:34:23 28-Feb-2015,,1,-24.6445,153.1349,,,,,3456,3.456,,0.252,26.97,,,,,,,,,,,,,,,,,,,,,,,,,,,
132353,132353,,SPOT,,,08:38:46 28-Feb-2015,,1,-24.6445,153.1349,,,,,3456,3.456,,0.232,26.97,,,,,,,,,,,,,,,,,,,,,,,,,,,
132353,132353,,SPOT,,,08:44:40 28-Feb-2015,,B,-24.7423,153.1051,,,,,3456,3.408,,0.368,26.97,,,,,,,,,,,,,,,,,,,,,,,,,,,
132353,132353,,SPOT,,,19:15:11 28-Feb-2015,,0,-24.6582,153.1049,,,,,3456,3.456,,0.244,26.97,,,,,,,,,,,,,,,,,,,,,,,,,,,
132353,132353,,SPOT,,,19:16:44 28-Feb-2015,,0,-24.6582,153.1049,,,,,3456,3.408,,0.396,32.30,,,,,,,,,,,,,,,,,,,,,,,,,,,
132353,132353,,SPOT,,,19:24:32 28-Feb-2015,,0,-24.6582,153.1049,,,,,3456,3.392,,0.404,23.74,,,,,,,,,,,,,,,,,,,,,,,,,,,
132353,132353,,SPOT,,,19:55:47 28-Feb-2015,,A,-24.6556,153.1158,,,,,3456,3.408,,0.332,26.86,,,,,,,,,,,,,,,,,,,,,,,,,,,
132353,132353,,SPOT,,,19:59:16 28-Feb-2015,,A,-24.6556,153.1158,,,,,3456,3.408,,0.332,26.86,,,,,,,,,,,,,,,,,,,,,,,,,,,
132353,132353,,SPOT,,,20:00:26 28-Feb-2015,,A,-24.6556,153.1158,,,,,3456,3.456,,0.176,26.86,,,,,,,,,,,,,,,,,,,,,,,,,,,
132353,132353,,SPOT,,,20:53:07 28-Feb-2015,,B,-24.6700,153.1319,,,,,3456,3.392,,0.384,26.86,,,,,,,,,,,,,,,,,,,,,,,,,,,
132353,132353,,SPOT,,,20:56:34 28-Feb-2015,,B,-24.6700,153.1319,,,,,3456,3.440,,0.196,26.97,,,,,,,,,,,,,,,,,,,,,,,,,,,
132353,132353,,SPOT,,,06:23:41 01-Mar-2015,,B,-24.7560,153.1711,,,,,3456,3.472,,0.188,26.97,,,,,,,,,,,,,,,,,,,,,,,,,,,
132353,132353,,SPOT,,,06:24:29 01-Mar-2015,,B,-24.7560,153.1711,,,,,3456,3.456,,0.208,27.07,,,,,,,,,,,,,,,,,,,,,,,,,,,
132353,132353,,SPOT,,,06:40:27 01-Mar-2015,,B,-24.7366,153.1194,,,,,3456,3.456,,0.216,27.07,,,,,,,,,,,,,,,,,,,,,,,,,,,
132353,132353,,SPOT,,,06:42:42 01-Mar-2015,,B,-24.7366,153.1194,,,,,3456,3.456,,0.224,27.07,,,,,,,,,,,,,,,,,,,,,,,,,,,
132353,132353,,SPOT,,,06:55:23 01-Mar-2015,,B,-24.7371,153.1262,,,,,3456,3.440,,0.296,27.07,,,,,,,,,,,,,,,,,,,,,,,,,,,
132353,132353,,SPOT,,,08:03:11 01-Mar-2015,,B,-24.7180,153.0497,,,,,3456,3.424,,0.304,27.28,,,,,,,,,,,,,,,,,,,,,,,,,,,
132353,132353,,SPOT,,,08:10:37 01-Mar-2015,,B,-24.7180,153.0497,,,,,3456,3.424,,0.312,27.18,,,,,,,,,,,,,,,,,,,,,,,,,,,
132353,132353,,SPOT,,,08:20:42 01-Mar-2015,,B,-24.7434,153.1237,,,,,3456,3.424,,0.300,27.49,,,,,,,,,,,,,,,,,,,,,,,,,,,
132353,132353,,SPOT,,,19:58:57 01-Mar-2015,,B,-24.7868,153.1556,,,,,3456,3.472,,0.220,27.07,,,,,,,,,,,,,,,,,,,,,,,,,,,
132353,132353,,SPOT,,,19:59:41 01-Mar-2015,,B,-24.7868,153.1556,,,,,3456,3.472,,0.220,26.97,,,,,,,,,,,,,,,,,,,,,,,,,,,
132353,132353,,SPOT,,,20:22:13 01-Mar-2015,,A,-24.8116,153.1262,,,,,3456,3.408,,0.392,27.18,,,,,,,,,,,,,,,,,,,,,,,,,,,
132353,132353,,SPOT,,,20:29:09 01-Mar-2015,,A,-24.8116,153.1262,,,,,3456,3.456,,0.240,27.28,,,,,,,,,,,,,,,,,,,,,,,,,,,
132353,132353,,SPOT,,,20:32:43 01-Mar-2015,,A,-24.8116,153.1262,,,,,3456,3.472,,0.188,27.28,,,,,,,,,,,,,,,,,,,,,,,,,,,
132353,132353,,SPOT,,,06:44:12 02-Mar-2015,,B,-24.8292,153.1058,,,,,3456,3.440,,0.304,27.18,,,,,,,,,,,,,,,,,,,,,,,,,,,
132353,132353,,SPOT,,,07:39:30 02-Mar-2015,,B,-24.7325,153.1508,,,,,3456,3.456,,0.232,33.02,,,,,,,,,,,,,,,,,,,,,,,,,,,
132353,132353,,SPOT,,,07:40:39 02-Mar-2015,,B,-24.7325,153.1508,,,,,3456,3.440,,0.260,27.18,,,,,,,,,,,,,,,,,,,,,,,,,,,
132353,132353,,SPOT,,,17:28:07 02-Mar-2015,,B,-24.5246,153.1467,,,,,3712,3.360,,0.308,26.76,,,,,,,,,,,,,,,,,,,,,,,,,,,
132353,132353,,SPOT,,,18:02:27 02-Mar-2015,,B,-24.6446,153.2582,,,,,3712,3.424,,0.292,26.86,,,,,,,,,,,,,,,,,,,,,,,,,,,
132353,132353,,SPOT,,,18:12:23 02-Mar-2015,,B,-24.6446,153.2582,,,,,3712,3.424,,0.284,26.76,,,,,,,,,,,,,,,,,,,,,,,,,,,
132353,132353,,SPOT,,,19:02:56 02-Mar-2015,,1,-24.6733,153.2014,,,,,3712,3.440,,0.244,26.86,,,,,,,,,,,,,,,,,,,,,,,,,,,
132353,132353,,SPOT,,,19:08:50 02-Mar-2015,,1,-24.6733,153.2014,,,,,3712,3.424,,0.256,26.86,,,,,,,,,,,,,,,,,,,,,,,,,,,
132353,132353,,SPOT,,,19:09:34 02-Mar-2015,,1,-24.6733,153.2014,,,,,3712,3.440,,0.216,26.86,,,,,,,,,,,,,,,,,,,,,,,,,,,
132353,132353,,SPOT,,,06:58:24 03-Mar-2015,,A,-24.6500,153.2031,,,,,3712,3.472,,0.212,27.39,,,,,,,,,,,,,,,,,,,,,,,,,,,
132353,132353,,SPOT,,,07:01:13 03-Mar-2015,,A,-24.6500,153.2031,,,,,3712,3.440,,0.264,24.13,,,,,,,,,,,,,,,,,,,,,,,,,,,
132353,132353,,SPOT,,,07:07:11 03-Mar-2015,,A,-24.6500,153.2031,,,,,3712,3.472,,0.212,20.98,,,,,,,,,,,,,,,,,,,,,,,,,,,
132353,132353,,SPOT,,,08:44:04 03-Mar-2015,,B,-24.6702,153.2230,,,,,3712,3.440,,0.264,27.49,,,,,,,,,,,,,,,,,,,,,,,,,,,
132353,132353,,SPOT,,,09:56:25 04-Mar-2015,,2,-24.5797,153.3600,,,,,3712,3.424,,0.280,21.73,,,,,,,,,,,,,,,,,,,,,,,,,,,
132353,132353,,SPOT,,,09:57:27 04-Mar-2015,,2,-24.5797,153.3600,,,,,3712,3.456,,0.256,27.28,,,,,,,,,,,,,,,,,,,,,,,,,,,
132353,132353,,SPOT,,,09:58:13 04-Mar-2015,,2,-24.5797,153.3600,,,,,3712,3.440,,0.288,27.28,,,,,,,,,,,,,,,,,,,,,,,,,,,
132353,132353,,SPOT,,,09:59:45 04-Mar-2015,,2,-24.5797,153.3600,,,,,3712,3.456,,0.256,27.28,,,,,,,,,,,,,,,,,,,,,,,,,,,
132353,132353,,SPOT,,,10:00:29 04-Mar-2015,,2,-24.5797,153.3600,,,,,3712,3.456,,0.252,27.28,,,,,,,,,,,,,,,,,,,,,,,,,,,
132353,132353,,SPOT,,,10:01:25 04-Mar-2015,,2,-24.5797,153.3600,,,,,3712,3.424,,0.348,27.28,,,,,,,,,,,,,,,,,,,,,,,,,,,
132353,132353,,SPOT,,,10:04:01 04-Mar-2015,,2,-24.5797,153.3600,,,,,3712,3.456,,0.224,28.35,,,,,,,,,,,,,,,,,,,,,,,,,,,
132353,132353,,SPOT,,,11:35:43 04-Mar-2015,,A,-24.5894,153.4018,,,,,3968,3.440,,0.184,27.28,,,,,,,,,,,,,,,,,,,,,,,,,,,
132353,132353,,SPOT,,,11:37:33 04-Mar-2015,,A,-24.5894,153.4018,,,,,3968,3.408,,0.300,27.28,,,,,,,,,,,,,,,,,,,,,,,,,,,
132353,132353,,SPOT,,,11:38:18 04-Mar-2015,,A,-24.5894,153.4018,,,,,3968,3.440,,0.184,27.28,,,,,,,,,,,,,,,,,,,,,,,,,,,
132353,132353,,SPOT,,,12:29:00 04-Mar-2015,,2,-24.6207,153.3928,,,,,3968,3.392,,0.020,-11.71,,,,,,,,,,,,,,,,,,,,,,,,,,,
132353,132353,,SPOT,,,12:29:45 04-Mar-2015,,2,-24.6207,153.3928,,,,,3968,3.408,,0.240,27.18,,,,,,,,,,,,,,,,,,,,,,,,,,,
132353,132353,,SPOT,,,12:30:29 04-Mar-2015,,2,-24.6207,153.3928,,,,,3968,3.408,,0.224,27.18,,,,,,,,,,,,,,,,,,,,,,,,,,,
132353,132353,,SPOT,,,07:39:22 05-Mar-2015,,B,-24.6325,153.3728,,,,,3968,3.472,,0.220,26.66,,,,,,,,,,,,,,,,,,,,,,,,,,,
132353,132353,,SPOT,,,07:40:10 05-Mar-2015,,B,-24.6325,153.3728,,,,,3968,3.488,,0.192,26.76,,,,,,,,,,,,,,,,,,,,,,,,,,,
132353,132353,,SPOT,,,07:53:21 05-Mar-2015,,B,-24.6325,153.3728,,,,,3968,3.472,,0.196,26.66,,,,,,,,,,,,,,,,,,,,,,,,,,,
132353,132353,,SPOT,,,18:22:38 05-Mar-2015,,B,-24.6925,153.4913,,,,,3968,3.472,,0.236,27.18,,,,,,,,,,,,,,,,,,,,,,,,,,,
132353,132353,,SPOT,,,10:58:33 06-Mar-2015,,B,-24.6098,153.4079,,,,,3968,3.488,,0.232,27.07,,,,,,,,,,,,,,,,,,,,,,,,,,,
132353,132353,,SPOT,,,06:41:28 07-Mar-2015,,B,-24.7361,153.5488,,,,,3968,3.504,,0.196,27.81,,,,,,,,,,,,,,,,,,,,,,,,,,,
132353,132353,,SPOT,,,07:26:53 07-Mar-2015,,B,-24.6779,153.4894,,,,,3968,3.504,,0.188,27.71,,,,,,,,,,,,,,,,,,,,,,,,,,,
132353,132353,,SPOT,,,08:11:26 07-Mar-2015,,0,-24.5090,153.2488,,,,,3968,3.488,,0.220,-1.73,,,,,,,,,,,,,,,,,,,,,,,,,,,
132353,132353,,SPOT,,,08:22:09 07-Mar-2015,,0,-24.5090,153.2488,,,,,3968,3.488,,0.200,27.71,,,,,,,,,,,,,,,,,,,,,,,,,,,
132353,132353,,SPOT,,,08:23:15 07-Mar-2015,,0,-24.5090,153.2488,,,,,3968,3.456,,0.264,21.35,,,,,,,,,,,,,,,,,,,,,,,,,,,
132353,132353,,SPOT,,,09:08:28 07-Mar-2015,,B,-24.4690,153.1846,,,,,3968,3.440,,0.300,27.60,,,,,,,,,,,,,,,,,,,,,,,,,,,
132353,132353,,SPOT,,,10:35:06 07-Mar-2015,,B,-24.5407,153.1261,,,,,3968,3.408,,0.340,27.49,,,,,,,,,,,,,,,,,,,,,,,,,,,
132353,132353,,SPOT,,,10:36:31 07-Mar-2015,,B,-24.5407,153.1261,,,,,3968,3.424,,0.304,27.49,,,,,,,,,,,,,,,,,,,,,,,,,,,
132353,132353,,SPOT,,,14:10:36 07-Mar-2015,,B,-24.4325,152.9888,,,,,3968,3.424,,0.312,27.18,,,,,,,,,,,,,,,,,,,,,,,,,,,
132353,132353,,SPOT,,,15:41:56 07-Mar-2015,,A,-24.4729,153.1075,,,,,3968,3.440,,0.272,39.46,,,,,,,,,,,,,,,,,,,,,,,,,,,
132353,132353,,SPOT,,,15:44:57 07-Mar-2015,,A,-24.4729,153.1075,,,,,3968,3.408,,0.332,27.07,,,,,,,,,,,,,,,,,,,,,,,,,,,
132353,132353,,SPOT,,,15:46:35 07-Mar-2015,,A,-24.4729,153.1075,,,,,3968,3.440,,0.240,27.07,,,,,,,,,,,,,,,,,,,,,,,,,,,
132353,132353,,SPOT,,,08:45:24 08-Mar-2015,,B,-24.5667,153.0658,,,,,3968,3.456,,0.264,27.49,,,,,,,,,,,,,,,,,,,,,,,,,,,
132353,132353,,SPOT,,,11:51:33 08-Mar-2015,,B,-24.5937,153.0377,,,,,3968,3.472,,0.236,27.39,,,,,,,,,,,,,,,,,,,,,,,,,,,
132353,132353,,SPOT,,,15:27:46 08-Mar-2015,,B,-24.6605,153.0638,,,,,3968,3.472,,0.240,27.92,,,,,,,,,,,,,,,,,,,,,,,,,,,
132353,132353,,SPOT,,,15:36:29 08-Mar-2015,,B,-24.6605,153.0638,,,,,3968,3.488,,0.192,27.92,,,,,,,,,,,,,,,,,,,,,,,,,,,
132353,132353,,SPOT,,,17:08:35 09-Mar-2015,,,,,,,,,4224,3.472,,0.240,27.92,,,,,,,,,,,,,,,,,,,,,,,,,,,
132353,132353,,SPOT,,,17:47:56 09-Mar-2015,,B,-24.7088,153.2033,,,,,4224,3.488,,0.196,27.81,,,,,,,,,,,,,,,,,,,,,,,,,,,
132353,132353,,SPOT,,,17:57:20 09-Mar-2015,,B,-24.7088,153.2033,,,,,4224,3.456,,0.316,27.81,,,,,,,,,,,,,,,,,,,,,,,,,,,
132353,132353,,SPOT,,,19:36:59 09-Mar-2015,,B,-24.8134,152.9075,,,,,4224,3.472,,0.232,27.60,,,,,,,,,,,,,,,,,,,,,,,,,,,
132353,132353,,SPOT,,,19:40:07 09-Mar-2015,,B,-24.8134,152.9075,,,,,4224,3.488,,0.200,27.60,,,,,,,,,,,,,,,,,,,,,,,,,,,
132353,132353,,SPOT,,,22:44:22 09-Mar-2015,,B,-24.7622,153.1075,,,,,4224,3.456,,0.320,27.49,,,,,,,,,,,,,,,,,,,,,,,,,,,
132353,132353,,SPOT,,,07:02:03 10-Mar-2015,,B,-24.7142,153.1768,,,,,4224,3.440,,0.376,27.60,,,,,,,,,,,,,,,,,,,,,,,,,,,
132353,132353,,SPOT,,,07:03:17 10-Mar-2015,,B,-24.7142,153.1768,,,,,4224,3.424,,0.404,27.60,,,,,,,,,,,,,,,,,,,,,,,,,,,
132353,132353,,SPOT,,,16:36:46 10-Mar-2015,,B,-24.7316,153.0752,,,,,4224,3.408,,0.292,29.44,,,,,,,,,,,,,,,,,,,,,,,,,,,
132353,132353,,SPOT,,,00:13:31 11-Mar-2015,,B,-24.7391,153.0815,,,,,4224,3.472,,0.192,27.49,,,,,,,,,,,,,,,,,,,,,,,,,,,
132353,132353,,SPOT,,,07:51:06 11-Mar-2015,,B,-24.6551,153.1510,,,,,4224,3.488,,0.180,27.60,,,,,,,,,,,,,,,,,,,,,,,,,,,
132353,132353,,SPOT,,,08:24:15 11-Mar-2015,,A,-24.6498,153.1899,,,,,4224,3.472,,0.204,27.49,,,,,,,,,,,,,,,,,,,,,,,,,,,
132353,132353,,SPOT,,,08:25:17 11-Mar-2015,,A,-24.6498,153.1899,,,,,4224,3.472,,0.220,27.49,,,,,,,,,,,,,,,,,,,,,,,,,,,
132353,132353,,SPOT,,,08:27:59 11-Mar-2015,,A,-24.6498,153.1899,,,,,4224,3.488,,0.184,27.60,,,,,,,,,,,,,,,,,,,,,,,,,,,
132353,132353,,SPOT,,,10:52:21 11-Mar-2015,,B,-24.6460,153.2401,,,,,4224,3.472,,0.188,27.49,,,,,,,,,,,,,,,,,,,,,,,,,,,
132353,132353,,SPOT,,,20:18:51 11-Mar-2015,,B,-24.6783,153.3719,,,,,4224,3.472,,0.212,27.39,,,,,,,,,,,,,,,,,,,,,,,,,,,
132353,132353,,SPOT,,,20:19:38 11-Mar-2015,,B,-24.6783,153.3719,,,,,4224,3.472,,0.216,27.39,,,,,,,,,,,,,,,,,,,,,,,,,,,
132353,132353,,SPOT,,,06:37:58 12-Mar-2015,,B,-24.6648,153.2017,,,,,4224,3.488,,0.184,27.49,,,,,,,,,,,,,,,,,,,,,,,,,,,
132353,132353,,SPOT,,,07:12:35 12-Mar-2015,,B,-24.6420,153.2482,,,,,4224,3.456,,0.284,27.49,,,,,,,,,,,,,,,,,,,,,,,,,,,
132353,132353,,SPOT,,,07:16:11 12-Mar-2015,,B,-24.7442,153.0503,,,,,4224,3.472,,0.208,27.39,,,,,,,,,,,,,,,,,,,,,,,,,,,
132353,132353,,SPOT,,,07:26:15 12-Mar-2015,,B,-24.7442,153.0503,,,,,4224,3.440,,0.288,27.39,,,,,,,,,,,,,,,,,,,,,,,,,,,
132353,132353,,SPOT,,,08:15:18 12-Mar-2015,,B,-24.7399,153.0597,,,,,4480,3.456,,0.184,27.49,,,,,,,,,,,,,,,,,,,,,,,,,,,
132353,132353,,SPOT,,,17:48:36 12-Mar-2015,,B,-24.7059,153.1751,,,,,4480,3.456,,0.292,27.49,,,,,,,,,,,,,,,,,,,,,,,,,,,
132353,132353,,SPOT,,,17:58:01 12-Mar-2015,,B,-24.7059,153.1751,,,,,4480,3.472,,0.212,27.49,,,,,,,,,,,,,,,,,,,,,,,,,,,
132353,132353,,SPOT,,,19:34:13 12-Mar-2015,,0,-24.8787,153.0968,,,,,4480,3.472,,0.192,27.49,,,,,,,,,,,,,,,,,,,,,,,,,,,
132353,132353,,SPOT,,,19:37:51 12-Mar-2015,,0,-24.8787,153.0968,,,,,4480,3.472,,0.220,27.49,,,,,,,,,,,,,,,,,,,,,,,,,,,
132353,132353,,SPOT,,,19:38:36 12-Mar-2015,,0,-24.8787,153.0968,,,,,4480,3.472,,0.208,27.49,,,,,,,,,,,,,,,,,,,,,,,,,,,
132353,132353,,SPOT,,,06:47:47 13-Mar-2015,,B,-24.9092,153.1571,,,,,4480,3.440,,0.272,27.60,,,,,,,,,,,,,,,,,,,,,,,,,,,
132353,132353,,SPOT,,,08:16:32 13-Mar-2015,,1,-24.8860,153.1283,,,,,4480,3.456,,0.204,27.49,,,,,,,,,,,,,,,,,,,,,,,,,,,
132353,132353,,SPOT,,,08:17:59 13-Mar-2015,,1,-24.8860,153.1283,,,,,4480,3.440,,0.240,27.39,,,,,,,,,,,,,,,,,,,,,,,,,,,
132353,132353,,SPOT,,,08:22:27 13-Mar-2015,,1,-24.8860,153.1283,,,,,4480,3.456,,0.184,27.39,,,,,,,,,,,,,,,,,,,,,,,,,,,
132353,132353,,SPOT,,,08:30:38 13-Mar-2015,,B,-24.8951,153.1614,,,,,4480,3.424,,0.308,27.39,,,,,,,,,,,,,,,,,,,,,,,,,,,
132353,132353,,SPOT,,,06:18:54 14-Mar-2015,,B,-24.7662,153.0824,,,,,4480,3.408,,0.428,27.07,,,,,,,,,,,,,,,,,,,,,,,,,,,
132353,132353,,SPOT,,,07:51:27 14-Mar-2015,,B,-24.7832,153.0519,,,,,4480,3.616,,0.308,20.79,,,,,,,,,,,,,,,,,,,,,,,,,,,
132353,132353,,SPOT,,,07:59:56 14-Mar-2015,,A,-24.7346,153.1133,,,,,4480,3.472,,0.412,-11.23,,,,,,,,,,,,,,,,,,,,,,,,,,,
132353,132353,,SPOT,,,08:01:29 14-Mar-2015,,0,-24.7565,153.1013,,,,,4480,3.376,,0.944,21.35,,,,,,,,,,,,,,,,,,,,,,,,,,,
132353,132353,,SPOT,,,10:41:03 14-Mar-2015,,B,-24.7572,153.1307,,,,,20864,3.440,,0.276,26.86,,,,,,,,,,,,,,,,,,,,,,,,,,,
132353,132353,,SPOT,,,03:00:04 15-Mar-2015,,B,-24.7953,153.1506,,,,,4480,3.488,,0.204,26.97,,,,,,,,,,,,,,,,,,,,,,,,,,,
132353,132353,,SPOT,,,07:25:29 15-Mar-2015,,A,-24.8379,153.0341,,,,,4480,3.456,,0.284,27.49,,,,,,,,,,,,,,,,,,,,,,,,,,,
132353,132353,,SPOT,,,07:29:05 15-Mar-2015,,A,-24.8326,153.0398,,,,,4480,3.456,,0.292,27.39,,,,,,,,,,,,,,,,,,,,,,,,,,,
132353,132353,,SPOT,,,07:30:23 15-Mar-2015,,A,-24.8379,153.0341,,,,,4480,3.456,,0.304,27.39,,,,,,,,,,,,,,,,,,,,,,,,,,,
132353,132353,,SPOT,,,07:32:08 15-Mar-2015,,A,-24.8379,153.0341,,,,,4480,3.472,,0.248,27.60,,,,,,,,,,,,,,,,,,,,,,,,,,,
132353,132353,,SPOT,,,07:36:12 15-Mar-2015,,A,-24.8326,153.0398,,,,,4480,3.472,,0.236,27.39,,,,,,,,,,,,,,,,,,,,,,,,,,,
132353,132353,,SPOT,,,07:46:29 15-Mar-2015,,B,-24.8386,153.0320,,,,,4480,3.456,,0.300,27.49,,,,,,,,,,,,,,,,,,,,,,,,,,,
132353,132353,,SPOT,,,19:53:12 15-Mar-2015,,B,-24.9253,152.9741,,,,,4736,3.488,,0.188,26.97,,,,,,,,,,,,,,,,,,,,,,,,,,,
132353,132353,,SPOT,,,23:59:41 15-Mar-2015,,0,-24.7309,153.1799,,,,,4736,3.488,,0.184,26.97,,,,,,,,,,,,,,,,,,,,,,,,,,,
132353,132353,,SPOT,,,00:09:46 16-Mar-2015,,0,-24.7309,153.1799,,,,,4736,3.472,,0.232,27.07,,,,,,,,,,,,,,,,,,,,,,,,,,,
132353,132353,,SPOT,,,00:11:08 16-Mar-2015,,0,-24.7309,153.1799,,,,,4736,3.472,,0.228,27.07,,,,,,,,,,,,,,,,,,,,,,,,,,,
132353,132353,,SPOT,,,04:21:42 16-Mar-2015,,B,-24.7036,153.2205,,,,,4736,3.488,,0.188,27.07,,,,,,,,,,,,,,,,,,,,,,,,,,,
132353,132353,,SPOT,,,15:45:40 16-Mar-2015,,B,-24.7378,153.2056,,,,,4736,3.472,,0.276,26.86,,,,,,,,,,,,,,,,,,,,,,,,,,,
132353,132353,,SPOT,,,18:45:16 16-Mar-2015,,B,-24.7793,153.2148,,,,,4736,3.488,,0.228,26.76,,,,,,,,,,,,,,,,,,,,,,,,,,,
132353,132353,,SPOT,,,18:46:35 16-Mar-2015,,B,-24.7793,153.2148,,,,,4736,3.488,,0.212,26.76,,,,,,,,,,,,,,,,,,,,,,,,,,,
132353,132353,,SPOT,,,20:56:40 16-Mar-2015,,B,-24.7792,153.2528,,,,,4736,3.488,,0.212,26.97,,,,,,,,,,,,,,,,,,,,,,,,,,,
132353,132353,,SPOT,,,20:17:56 17-Mar-2015,,3,-24.8870,153.0757,,,,,4736,3.456,,0.332,26.97,,,,,,,,,,,,,,,,,,,,,,,,,,,
132353,132353,,SPOT,,,20:19:17 17-Mar-2015,,3,-24.8870,153.0757,,,,,4736,3.456,,0.344,26.97,,,,,,,,,,,,,,,,,,,,,,,,,,,
132353,132353,,SPOT,,,20:22:30 17-Mar-2015,,3,-24.8870,153.0757,,,,,4736,3.440,,0.380,26.97,,,,,,,,,,,,,,,,,,,,,,,,,,,
132353,132353,,SPOT,,,20:23:20 17-Mar-2015,,3,-24.8870,153.0757,,,,,4736,3.472,,0.240,26.97,,,,,,,,,,,,,,,,,,,,,,,,,,,
132353,132353,,SPOT,,,20:24:45 17-Mar-2015,,3,-24.8870,153.0757,,,,,4736,3.472,,0.784,26.55,,,,,,,,,,,,,,,,,,,,,,,,,,,
132353,132353,,SPOT,,,04:02:48 18-Mar-2015,,B,-24.8997,153.1078,,,,,4736,3.488,,0.188,27.28,,,,,,,,,,,,,,,,,,,,,,,,,,,
132353,132353,,SPOT,,,05:54:39 18-Mar-2015,,B,-24.8586,153.1225,,,,,4736,3.488,,0.204,27.18,,,,,,,,,,,,,,,,,,,,,,,,,,,
132353,132353,,SPOT,,,19:47:26 18-Mar-2015,,B,-24.8205,153.2367,,,,,4736,3.488,,0.252,26.86,,,,,,,,,,,,,,,,,,,,,,,,,,,
132353,132353,,SPOT,,,19:48:21 18-Mar-2015,,B,-24.8205,153.2367,,,,,4736,3.472,,0.300,-19.92,,,,,,,,,,,,,,,,,,,,,,,,,,,
132353,132353,,SPOT,,,07:26:23 19-Mar-2015,,B,-24.7442,153.1328,,,,,4736,3.472,,0.224,27.07,,,,,,,,,,,,,,,,,,,,,,,,,,,
132353,132353,,SPOT,,,10:37:56 19-Mar-2015,,B,-24.7475,153.1741,,,,,4736,3.472,,0.232,23.74,,,,,,,,,,,,,,,,,,,,,,,,,,,
132353,132353,,SPOT,,,15:18:08 19-Mar-2015,,B,-24.6957,153.1977,,,,,4736,3.472,,0.196,26.86,,,,,,,,,,,,,,,,,,,,,,,,,,,
132353,132353,,SPOT,,,19:21:25 19-Mar-2015,,A,-24.7148,153.1305,,,,,4736,3.488,,0.196,26.86,,,,,,,,,,,,,,,,,,,,,,,,,,,
132353,132353,,SPOT,,,19:22:26 19-Mar-2015,,A,-24.7148,153.1305,,,,,4736,3.488,,0.200,26.86,,,,,,,,,,,,,,,,,,,,,,,,,,,
132353,132353,,SPOT,,,19:25:18 19-Mar-2015,,A,-24.7148,153.1305,,,,,4736,3.424,,0.372,13.60,,,,,,,,,,,,,,,,,,,,,,,,,,,
132353,132353,,SPOT,,,06:51:13 20-Mar-2015,,B,-24.6535,153.0883,,,,,4736,3.472,,0.200,27.18,,,,,,,,,,,,,,,,,,,,,,,,,,,
132353,132353,,SPOT,,,07:11:16 20-Mar-2015,,A,-24.7336,153.1104,,,,,896,3.440,,0.260,27.07,,,,,,,,,,,,,,,,,,,,,,,,,,,
132353,132353,,SPOT,,,08:04:42 20-Mar-2015,,2,-24.7565,153.0691,,,,,4992,3.456,,0.192,27.07,,,,,,,,,,,,,,,,,,,,,,,,,,,
132353,132353,,SPOT,,,08:06:28 20-Mar-2015,,2,-24.7565,153.0691,,,,,4992,3.440,,0.216,27.07,,,,,,,,,,,,,,,,,,,,,,,,,,,
132353,132353,,SPOT,,,08:07:22 20-Mar-2015,,2,-24.7565,153.0691,,,,,4992,3.456,,0.204,27.07,,,,,,,,,,,,,,,,,,,,,,,,,,,
132353,132353,,SPOT,,,08:10:11 20-Mar-2015,,2,-24.7565,153.0691,,,,,4992,3.408,,0.324,26.86,,,,,,,,,,,,,,,,,,,,,,,,,,,
132353,132353,,SPOT,,,08:11:38 20-Mar-2015,,2,-24.7565,153.0691,,,,,4992,3.440,,0.224,27.07,,,,,,,,,,,,,,,,,,,,,,,,,,,
132353,132353,,SPOT,,,08:12:39 20-Mar-2015,,2,-24.7565,153.0691,,,,,4992,3.440,,0.204,27.07,,,,,,,,,,,,,,,,,,,,,,,,,,,
132353,132353,,SPOT,,,08:28:32 20-Mar-2015,,B,-24.7332,153.1125,,,,,4992,3.440,,0.412,5.29,,,,,,,,,,,,,,,,,,,,,,,,,,,
132353,132353,,SPOT,,,08:25:46 21-Mar-2015,,B,-24.7503,153.0869,,,,,4992,3.472,,0.252,27.49,,,,,,,,,,,,,,,,,,,,,,,,,,,
132353,132353,,SPOT,,,18:00:09 21-Mar-2015,,B,-24.7924,153.0610,,,,,4992,3.472,,0.216,27.07,,,,,,,,,,,,,,,,,,,,,,,,,,,
132353,132353,,SPOT,,,19:29:40 21-Mar-2015,,A,-24.7211,152.9319,,,,,4992,3.424,,0.288,27.07,,,,,,,,,,,,,,,,,,,,,,,,,,,
132353,132353,,SPOT,,,19:31:09 21-Mar-2015,,A,-24.7211,152.9319,,,,,4992,3.456,,0.216,27.07,,,,,,,,,,,,,,,,,,,,,,,,,,,
132353,132353,,SPOT,,,19:31:54 21-Mar-2015,,A,-24.7211,152.9319,,,,,4992,3.456,,0.196,26.86,,,,,,,,,,,,,,,,,,,,,,,,,,,
132353,132353,,SPOT,,,14:38:44 22-Mar-2015,,B,-24.8104,152.8089,,,,,4992,3.472,,0.204,27.18,,,,,,,,,,,,,,,,,,,,,,,,,,,
132353,132353,,SPOT,,,17:40:12 22-Mar-2015,,B,-24.8017,153.0990,,,,,4992,3.472,,0.208,26.97,,,,,,,,,,,,,,,,,,,,,,,,,,,
132353,132353,,SPOT,,,22:28:52 22-Mar-2015,,B,-24.8050,153.2081,,,,,4992,3.456,,0.252,27.18,,,,,,,,,,,,,,,,,,,,,,,,,,,
132353,132353,,SPOT,,,23:17:48 22-Mar-2015,,2,-24.8632,153.1818,,,,,4992,3.488,,0.192,27.07,,,,,,,,,,,,,,,,,,,,,,,,,,,
132353,132353,,SPOT,,,23:20:42 22-Mar-2015,,2,-24.8632,153.1818,,,,,4992,3.472,,0.204,27.07,,,,,,,,,,,,,,,,,,,,,,,,,,,
132353,132353,,SPOT,,,23:24:30 22-Mar-2015,,2,-24.8632,153.1818,,,,,4992,3.488,,0.188,27.18,,,,,,,,,,,,,,,,,,,,,,,,,,,
132353,132353,,SPOT,,,23:25:14 22-Mar-2015,,2,-24.8632,153.1818,,,,,4992,3.472,,0.236,27.18,,,,,,,,,,,,,,,,,,,,,,,,,,,
132353,132353,,SPOT,,,18:46:37 23-Mar-2015,,B,-24.7260,153.2442,,,,,5248,3.472,,0.256,27.07,,,,,,,,,,,,,,,,,,,,,,,,,,,
132353,132353,,SPOT,,,20:24:26 23-Mar-2015,,B,-24.9333,153.3915,,,,,5248,3.472,,0.280,27.07,,,,,,,,,,,,,,,,,,,,,,,,,,,
132353,132353,,SPOT,,,04:40:44 24-Mar-2015,,B,-24.7022,153.2172,,,,,5248,3.504,,0.184,27.07,,,,,,,,,,,,,,,,,,,,,,,,,,,
132353,132353,,SPOT,,,07:07:55 24-Mar-2015,,B,-24.7241,153.2007,,,,,5248,3.488,,0.216,27.60,,,,,,,,,,,,,,,,,,,,,,,,,,,
132353,132353,,SPOT,,,07:43:03 24-Mar-2015,,B,-24.7197,153.1883,,,,,5248,3.504,,0.188,27.81,,,,,,,,,,,,,,,,,,,,,,,,,,,
132353,132353,,SPOT,,,19:02:21 24-Mar-2015,,B,-24.7810,153.1286,,,,,5248,3.488,,0.256,26.97,,,,,,,,,,,,,,,,,,,,,,,,,,,
132353,132353,,SPOT,,,21:39:15 24-Mar-2015,,B,-24.7614,153.1237,,,,,5504,3.472,,0.272,27.18,,,,,,,,,,,,,,,,,,,,,,,,,,,
132353,132353,,SPOT,,,00:19:27 25-Mar-2015,,B,-24.7834,153.1062,,,,,5248,3.504,,0.196,27.28,,,,,,,,,,,,,,,,,,,,,,,,,,,
132353,132353,,SPOT,,,07:08:40 25-Mar-2015,,B,-24.8221,153.0527,,,,,5248,3.488,,0.232,31.95,,,,,,,,,,,,,,,,,,,,,,,,,,,
132353,132353,,SPOT,,,07:25:49 25-Mar-2015,,B,-24.8578,152.9999,,,,,5248,3.504,,0.204,27.39,,,,,,,,,,,,,,,,,,,,,,,,,,,
132353,132353,,SPOT,,,07:30:10 25-Mar-2015,,B,-24.8578,152.9999,,,,,5248,3.488,,0.260,27.49,,,,,,,,,,,,,,,,,,,,,,,,,,,
132353,132353,,SPOT,,,17:57:52 25-Mar-2015,,B,-24.7697,153.0518,,,,,5248,3.504,,0.192,27.28,,,,,,,,,,,,,,,,,,,,,,,,,,,
132353,132353,,SPOT,,,19:36:31 25-Mar-2015,,B,-24.7654,152.9884,,,,,5248,3.504,,0.196,27.18,,,,,,,,,,,,,,,,,,,,,,,,,,,
132353,132353,,SPOT,,,21:06:37 25-Mar-2015,,A,-24.7467,153.1642,,,,,5248,3.488,,0.232,27.49,,,,,,,,,,,,,,,,,,,,,,,,,,,
132353,132353,,SPOT,,,21:07:51 25-Mar-2015,,A,-24.7467,153.1642,,,,,5248,3.488,,0.228,27.49,,,,,,,,,,,,,,,,,,,,,,,,,,,
132353,132353,,SPOT,,,21:14:23 25-Mar-2015,,A,-24.7467,153.1642,,,,,5248,3.488,,0.232,27.49,,,,,,,,,,,,,,,,,,,,,,,,,,,
132353,132353,,SPOT,,,08:06:31 26-Mar-2015,,B,-24.7511,153.4085,,,,,5248,3.504,,0.192,27.39,,,,,,,,,,,,,,,,,,,,,,,,,,,
132353,132353,,SPOT,,,08:19:21 26-Mar-2015,,B,-24.8397,153.2299,,,,,5248,3.504,,0.196,27.71,,,,,,,,,,,,,,,,,,,,,,,,,,,
132353,132353,,SPOT,,,17:28:58 26-Mar-2015,,A,-24.8493,153.1737,,,,,5248,3.488,,0.228,27.71,,,,,,,,,,,,,,,,,,,,,,,,,,,
132353,132353,,SPOT,,,17:35:55 26-Mar-2015,,A,-24.8493,153.1737,,,,,5248,3.472,,0.280,27.71,,,,,,,,,,,,,,,,,,,,,,,,,,,
132353,132353,,SPOT,,,17:36:40 26-Mar-2015,,A,-24.8493,153.1737,,,,,5248,3.504,,0.200,27.71,,,,,,,,,,,,,,,,,,,,,,,,,,,
132353,132353,,SPOT,,,05:25:03 27-Mar-2015,,B,-24.8411,153.1723,,,,,5248,3.504,,0.200,27.49,,,,,,,,,,,,,,,,,,,,,,,,,,,
132353,132353,,SPOT,,,05:44:28 27-Mar-2015,,B,-24.8507,153.0979,,,,,5248,3.504,,0.196,27.71,,,,,,,,,,,,,,,,,,,,,,,,,,,
132353,132353,,SPOT,,,05:49:00 27-Mar-2015,,B,-24.8507,153.0979,,,,,5248,3.504,,0.196,27.60,,,,,,,,,,,,,,,,,,,,,,,,,,,
132353,132353,,SPOT,,,17:05:59 27-Mar-2015,,B,-24.7817,153.3504,,,,,5248,3.488,,0.228,27.92,,,,,,,,,,,,,,,,,,,,,,,,,,,
132353,132353,,SPOT,,,03:55:08 28-Mar-2015,,B,-24.7087,153.1574,,,,,5248,3.488,,0.236,27.81,,,,,,,,,,,,,,,,,,,,,,,,,,,
132353,132353,,SPOT,,,05:14:31 28-Mar-2015,,B,-24.6898,153.2762,,,,,5248,3.488,,0.248,27.71,,,,,,,,,,,,,,,,,,,,,,,,,,,
132353,132353,,SPOT,,,06:53:46 28-Mar-2015,,B,-24.6637,153.2027,,,,,5248,3.440,,0.320,27.71,,,,,,,,,,,,,,,,,,,,,,,,,,,
132353,132353,,SPOT,,,07:05:57 28-Mar-2015,,0,-24.6892,153.0135,,,,,5248,3.408,,0.356,27.71,,,,,,,,,,,,,,,,,,,,,,,,,,,
132353,132353,,SPOT,,,07:09:54 28-Mar-2015,,0,-24.6892,153.0135,,,,,5248,3.440,,0.244,27.71,,,,,,,,,,,,,,,,,,,,,,,,,,,
132353,132353,,SPOT,,,07:12:34 28-Mar-2015,,0,-24.6892,153.0135,,,,,5248,3.456,,0.192,27.60,,,,,,,,,,,,,,,,,,,,,,,,,,,
132353,132353,,SPOT,,,07:13:34 28-Mar-2015,,0,-24.6892,153.0135,,,,,5248,3.408,,0.360,27.71,,,,,,,,,,,,,,,,,,,,,,,,,,,
132353,132353,,SPOT,,,07:15:45 28-Mar-2015,,0,-24.6892,153.0135,,,,,5248,3.440,,0.328,27.60,,,,,,,,,,,,,,,,,,,,,,,,,,,
132353,132353,,SPOT,,,07:16:37 28-Mar-2015,,0,-24.6892,153.0135,,,,,5248,3.440,,0.240,27.60,,,,,,,,,,,,,,,,,,,,,,,,,,,
132353,132353,,SPOT,,,07:19:43 28-Mar-2015,,2,-24.6894,153.0110,,,,,5248,3.456,,0.208,27.60,,,,,,,,,,,,,,,,,,,,,,,,,,,
132353,132353,,SPOT,,,07:20:31 28-Mar-2015,,2,-24.6894,153.0110,,,,,5248,3.440,,0.256,27.71,,,,,,,,,,,,,,,,,,,,,,,,,,,
132353,132353,,SPOT,,,06:41:33 29-Mar-2015,,B,-24.5935,152.9617,,,,,5248,3.472,,0.292,27.49,,,,,,,,,,,,,,,,,,,,,,,,,,,
132353,132353,,SPOT,,,06:48:06 29-Mar-2015,,B,-24.5935,152.9617,,,,,5504,3.488,,0.076,18.88,,,,,,,,,,,,,,,,,,,,,,,,,,,
132353,132353,,SPOT,,,08:19:16 29-Mar-2015,,B,-24.5824,152.9810,,,,,5504,3.456,,0.212,27.39,,,,,,,,,,,,,,,,,,,,,,,,,,,
132353,132353,,SPOT,,,08:26:10 29-Mar-2015,,A,-24.5562,152.9902,,,,,5504,3.424,,0.280,27.49,,,,,,,,,,,,,,,,,,,,,,,,,,,
132353,132353,,SPOT,,,08:29:04 29-Mar-2015,,A,-24.5562,152.9902,,,,,5504,3.440,,0.224,27.49,,,,,,,,,,,,,,,,,,,,,,,,,,,
132353,132353,,SPOT,,,09:44:37 29-Mar-2015,,B,-24.5641,152.9749,,,,,5504,3.424,,0.224,27.39,,,,,,,,,,,,,,,,,,,,,,,,,,,
132353,132353,,SPOT,,,06:34:45 30-Mar-2015,,B,-24.6114,153.0777,,,,,5504,3.456,,0.284,27.39,,,,,,,,,,,,,,,,,,,,,,,,,,,
132353,132353,,SPOT,,,07:53:30 30-Mar-2015,,B,-24.6792,153.0533,,,,,5504,3.440,,0.284,27.28,,,,,,,,,,,,,,,,,,,,,,,,,,,
132353,132353,,SPOT,,,11:50:54 30-Mar-2015,,2,-24.6533,153.1164,,,,,5504,3.424,,0.244,27.18,,,,,,,,,,,,,,,,,,,,,,,,,,,
132353,132353,,SPOT,,,11:51:46 30-Mar-2015,,2,-24.6533,153.1164,,,,,5504,3.424,,0.216,27.28,,,,,,,,,,,,,,,,,,,,,,,,,,,
132353,132353,,SPOT,,,11:54:38 30-Mar-2015,,2,-24.6533,153.1164,,,,,5504,3.424,,0.204,-17.97,,,,,,,,,,,,,,,,,,,,,,,,,,,
132353,132353,,SPOT,,,11:59:30 30-Mar-2015,,2,-24.6533,153.1164,,,,,5504,3.424,,0.228,27.28,,,,,,,,,,,,,,,,,,,,,,,,,,,
132353,132353,,SPOT,,,07:24:38 31-Mar-2015,,1,-24.7594,153.0041,,,,,5760,3.424,,0.252,27.18,,,,,,,,,,,,,,,,,,,,,,,,,,,
132353,132353,,SPOT,,,07:25:23 31-Mar-2015,,1,-24.7594,153.0041,,,,,5760,3.408,,0.292,27.18,,,,,,,,,,,,,,,,,,,,,,,,,,,
132353,132353,,SPOT,,,07:29:19 31-Mar-2015,,1,-24.7594,153.0041,,,,,5760,3.440,,0.196,27.18,,,,,,,,,,,,,,,,,,,,,,,,,,,
132353,132353,,SPOT,,,07:31:35 31-Mar-2015,,2,-24.7696,153.0298,,,,,5760,3.440,,0.216,27.07,,,,,,,,,,,,,,,,,,,,,,,,,,,
132353,132353,,SPOT,,,07:32:21 31-Mar-2015,,2,-24.7696,153.0298,,,,,5760,3.440,,0.204,27.07,,,,,,,,,,,,,,,,,,,,,,,,,,,
132353,132353,,SPOT,,,07:33:07 31-Mar-2015,,2,-24.7696,153.0298,,,,,5760,3.424,,0.228,27.07,,,,,,,,,,,,,,,,,,,,,,,,,,,
132353,132353,,SPOT,,,07:33:52 31-Mar-2015,,2,-24.7696,153.0298,,,,,5760,3.424,,0.260,27.07,,,,,,,,,,,,,,,,,,,,,,,,,,,
132353,132353,,SPOT,,,07:36:26 31-Mar-2015,,2,-24.7696,153.0298,,,,,5760,3.408,,0.280,27.18,,,,,,,,,,,,,,,,,,,,,,,,,,,
132353,132353,,SPOT,,,07:37:11 31-Mar-2015,,2,-24.7696,153.0298,,,,,5760,3.440,,0.196,27.18,,,,,,,,,,,,,,,,,,,,,,,,,,,
132353,132353,,SPOT,,,07:37:58 31-Mar-2015,,2,-24.7696,153.0298,,,,,5760,3.424,,0.228,27.18,,,,,,,,,,,,,,,,,,,,,,,,,,,
132353,132353,,SPOT,,,07:39:15 31-Mar-2015,,2,-24.7696,153.0298,,,,,5760,3.408,,0.280,27.07,,,,,,,,,,,,,,,,,,,,,,,,,,,
132353,132353,,SPOT,,,07:40:22 31-Mar-2015,,2,-24.7696,153.0298,,,,,5760,3.440,,0.204,27.18,,,,,,,,,,,,,,,,,,,,,,,,,,,
132353,132353,,SPOT,,,07:41:09 31-Mar-2015,,2,-24.7696,153.0298,,,,,5760,3.424,,0.236,27.18,,,,,,,,,,,,,,,,,,,,,,,,,,,
132353,132353,,SPOT,,,07:55:38 31-Mar-2015,,A,-24.7607,153.0369,,,,,5760,3.408,,0.260,27.18,,,,,,,,,,,,,,,,,,,,,,,,,,,
132353,132353,,SPOT,,,07:58:37 31-Mar-2015,,A,-24.7607,153.0369,,,,,5760,3.408,,0.284,27.18,,,,,,,,,,,,,,,,,,,,,,,,,,,
132353,132353,,SPOT,,,07:59:33 31-Mar-2015,,A,-24.7607,153.0369,,,,,5760,3.424,,0.188,27.18,,,,,,,,,,,,,,,,,,,,,,,,,,,
132353,132353,,SPOT,,,04:55:10 01-Apr-2015,,B,-24.7766,153.0262,,,,,5760,3.424,,0.188,27.07,,,,,,,,,,,,,,,,,,,,,,,,,,,
132353,132353,,SPOT,,,03:02:59 02-Apr-2015,,B,-24.5967,152.6889,,,,,5760,3.488,,0.204,26.86,,,,,,,,,,,,,,,,,,,,,,,,,,,
132353,132353,,SPOT,,,06:22:30 02-Apr-2015,,B,-24.6194,152.6643,,,,,5760,3.472,,0.228,26.97,,,,,,,,,,,,,,,,,,,,,,,,,,,
132353,132353,,SPOT,,,06:42:05 02-Apr-2015,,B,-24.6389,152.5601,,,,,5760,3.472,,0.228,26.97,,,,,,,,,,,,,,,,,,,,,,,,,,,
132353,132353,,SPOT,,,07:42:10 02-Apr-2015,,B,-24.6315,152.5012,,,,,6016,3.680,,0.408,18.52,,,,,,,,,,,,,,,,,,,,,,,,,,,
132353,132353,,SPOT,,,08:28:07 02-Apr-2015,,B,-24.6493,152.4600,,,,,6016,3.472,,0.188,26.86,,,,,,,,,,,,,,,,,,,,,,,,,,,
132353,132353,,SPOT,,,09:57:46 02-Apr-2015,,B,-24.6649,152.3940,,,,,6016,3.424,,0.276,26.86,,,,,,,,,,,,,,,,,,,,,,,,,,,
132353,132353,,SPOT,,,10:01:34 02-Apr-2015,,B,-24.6649,152.3940,,,,,6016,3.456,,0.192,26.86,,,,,,,,,,,,,,,,,,,,,,,,,,,
132353,132353,,SPOT,,,11:37:34 02-Apr-2015,,B,-24.7735,152.5106,,,,,38784,3.152,,0.288,26.86,,,,,,,,,,,,,,,,,,,,,,,,,,,
132353,132353,,SPOT,,,04:24:43 03-Apr-2015,,B,-25.1387,152.2916,,,,,6016,3.456,,0.264,10.05,,,,,,,,,,,,,,,,,,,,,,,,,,,
132353,132353,,SPOT,,,07:34:49 03-Apr-2015,,B,-25.1262,152.3143,,,,,6016,3.472,,0.200,-13.06,,,,,,,,,,,,,,,,,,,,,,,,,,,
132353,132353,,SPOT,,,13:01:59 03-Apr-2015,,B,-24.9394,152.4427,,,,,6016,3.472,,0.196,26.76,,,,,,,,,,,,,,,,,,,,,,,,,,,
132353,132353,,SPOT,,,19:52:52 03-Apr-2015,,B,-25.0550,152.5590,,,,,6016,3.440,,0.300,26.66,,,,,,,,,,,,,,,,,,,,,,,,,,,
132353,132353,,SPOT,,,00:12:49 04-Apr-2015,,B,-25.0106,152.9601,,,,,6016,3.456,,0.196,26.76,,,,,,,,,,,,,,,,,,,,,,,,,,,
132353,132353,,SPOT,,,00:14:19 04-Apr-2015,,B,-25.0106,152.9601,,,,,6016,3.440,,0.280,26.76,,,,,,,,,,,,,,,,,,,,,,,,,,,
132353,132353,,SPOT,,,02:32:57 04-Apr-2015,,B,-25.0300,153.0180,,,,,6016,3.472,,0.180,27.07,,,,,,,,,,,,,,,,,,,,,,,,,,,
132353,132353,,SPOT,,,05:53:38 04-Apr-2015,,B,-25.0504,153.0316,,,,,6016,3.472,,0.188,26.86,,,,,,,,,,,,,,,,,,,,,,,,,,,
132353,132353,,SPOT,,,05:56:41 04-Apr-2015,,B,-25.0504,153.0316,,,,,6016,3.472,,0.188,26.86,,,,,,,,,,,,,,,,,,,,,,,,,,,
132353,132353,,SPOT,,,12:37:08 04-Apr-2015,,B,-25.0608,153.1375,,,,,6016,3.440,,0.288,26.97,,,,,,,,,,,,,,,,,,,,,,,,,,,
132353,132353,,SPOT,,,20:59:45 04-Apr-2015,,B,-25.0894,153.2721,,,,,6272,3.472,,0.196,26.97,,,,,,,,,,,,,,,,,,,,,,,,,,,
132353,132353,,SPOT,,,05:45:03 05-Apr-2015,,B,-25.0280,152.9856,,,,,6272,3.488,,0.200,26.97,,,,,,,,,,,,,,,,,,,,,,,,,,,
132353,132353,,SPOT,,,15:24:46 05-Apr-2015,,B,-25.0190,153.0649,,,,,6272,3.472,,0.256,26.86,,,,,,,,,,,,,,,,,,,,,,,,,,,
132353,132353,,SPOT,,,18:49:50 05-Apr-2015,,B,-24.9766,153.0153,,,,,6272,3.456,,0.260,26.86,,,,,,,,,,,,,,,,,,,,,,,,,,,
132353,132353,,SPOT,,,20:04:50 05-Apr-2015,,B,-24.9739,152.9543,,,,,6272,3.360,,0.328,23.25,,,,,,,,,,,,,,,,,,,,,,,,,,,
132353,132353,,SPOT,,,20:29:34 05-Apr-2015,,B,-24.9639,152.9132,,,,,6272,3.440,,0.276,26.86,,,,,,,,,,,,,,,,,,,,,,,,,,,
132353,132353,,SPOT,,,03:49:52 06-Apr-2015,,1,-25.0140,153.0495,,,,,6272,3.456,,0.200,26.97,,,,,,,,,,,,,,,,,,,,,,,,,,,
132353,132353,,SPOT,,,03:55:09 06-Apr-2015,,1,-25.0140,153.0495,,,,,6272,3.456,,0.232,26.97,,,,,,,,,,,,,,,,,,,,,,,,,,,
132353,132353,,SPOT,,,03:58:54 06-Apr-2015,,1,-25.0140,153.0495,,,,,6272,3.472,,0.196,26.97,,,,,,,,,,,,,,,,,,,,,,,,,,,
132353,132353,,SPOT,,,04:00:46 06-Apr-2015,,1,-25.0140,153.0495,,,,,6272,3.472,,0.192,26.97,,,,,,,,,,,,,,,,,,,,,,,,,,,
132353,132353,,SPOT,,,06:48:07 06-Apr-2015,,B,-24.9815,153.0217,,,,,6272,3.440,,0.268,27.18,,,,,,,,,,,,,,,,,,,,,,,,,,,
132353,132353,,SPOT,,,06:52:03 06-Apr-2015,,B,-24.9815,153.0217,,,,,6272,3.424,,0.316,27.28,,,,,,,,,,,,,,,,,,,,,,,,,,,
132353,132353,,SPOT,,,19:36:13 06-Apr-2015,,3,-24.9848,152.9356,,,,,6272,3.456,,0.252,26.86,,,,,,,,,,,,,,,,,,,,,,,,,,,
132353,132353,,SPOT,,,19:37:45 06-Apr-2015,,3,-24.9848,152.9356,,,,,6272,3.472,,0.352,26.76,,,,,,,,,,,,,,,,,,,,,,,,,,,
132353,132353,,SPOT,,,19:39:48 06-Apr-2015,,3,-24.9848,152.9356,,,,,6272,3.456,,0.276,26.86,,,,,,,,,,,,,,,,,,,,,,,,,,,
132353,132353,,SPOT,,,19:43:24 06-Apr-2015,,3,-24.9848,152.9356,,,,,6272,3.472,,0.212,26.86,,,,,,,,,,,,,,,,,,,,,,,,,,,
132353,132353,,SPOT,,,19:50:05 06-Apr-2015,,1,-24.9860,152.9405,,,,,6272,3.456,,0.268,27.07,,,,,,,,,,,,,,,,,,,,,,,,,,,
132353,132353,,SPOT,,,19:56:24 06-Apr-2015,,1,-24.9860,152.9405,,,,,6272,3.472,,0.220,26.86,,,,,,,,,,,,,,,,,,,,,,,,,,,
132353,132353,,SPOT,,,19:57:13 06-Apr-2015,,1,-24.9860,152.9405,,,,,6272,3.472,,0.200,26.86,,,,,,,,,,,,,,,,,,,,,,,,,,,
132353,132353,,SPOT,,,19:58:27 06-Apr-2015,,1,-24.9860,152.9405,,,,,6272,3.440,,0.308,26.86,,,,,,,,,,,,,,,,,,,,,,,,,,,
132353,132353,,SPOT,,,22:21:00 06-Apr-2015,,B,-24.9907,152.9290,,,,,6272,3.456,,0.240,26.97,,,,,,,,,,,,,,,,,,,,,,,,,,,
132353,132353,,SPOT,,,05:24:42 07-Apr-2015,,B,-25.0157,152.9457,,,,,6272,3.456,,0.264,26.97,,,,,,,,,,,,,,,,,,,,,,,,,,,
132353,132353,,SPOT,,,21:08:15 07-Apr-2015,,B,-24.9087,152.8520,,,,,6272,3.488,,0.204,26.76,,,,,,,,,,,,,,,,,,,,,,,,,,,
132353,132353,,SPOT,,,07:12:12 09-Apr-2015,,,,,,,,,6272,3.504,,0.208,26.76,,,,,,,,,,,,,,,,,,,,,,,,,,,
132353,132353,,SPOT,,,15:55:07 11-Apr-2015,,B,-24.7884,152.7058,,,,,6272,3.520,,0.208,26.35,,,,,,,,,,,,,,,,,,,,,,,,,,,
132353,132353,,SPOT,,,15:56:22 11-Apr-2015,,B,-24.7884,152.7058,,,,,6272,3.504,,0.236,26.35,,,,,,,,,,,,,,,,,,,,,,,,,,,
132353,132353,,SPOT,,,15:34:54 13-Apr-2015,,,,,,,,,6272,3.504,,0.228,25.63,,,,,,,,,,,,,,,,,,,,,,,,,,,
132353,132353,,SPOT,,,07:25:03 07-May-2015,,,,,,,,,6272,3.520,,0.196,24.73,,,,,,,,,,,,,,,,,,,,,,,,,,,
132353,132353,,SPOT,,,08:02:32 07-May-2015,,,,,,,,,6272,3.504,,0.212,24.73,,,,,,,,,,,,,,,,,,,,,,,,,,,
132353,132353,,SPOT,,,11:14:30 07-May-2015,,,,,,,,,6272,3.488,,0.252,24.43,,,,,,,,,,,,,,,,,,,,,,,,,,,
132353,132353,,SPOT,,,16:05:02 07-May-2015,,,,,,,,,6528,3.504,,0.200,24.53,,,,,,,,,,,,,,,,,,,,,,,,,,,
132353,132353,,SPOT,,,20:16:34 07-May-2015,,B,-24.9133,152.7916,,,,,6528,3.472,,0.008,24.73,,,,,,,,,,,,,,,,,,,,,,,,,,,
132353,132353,,SPOT,,,20:18:43 07-May-2015,,B,-24.9133,152.7916,,,,,6528,3.488,,0.232,17.02,,,,,,,,,,,,,,,,,,,,,,,,,,,
132353,132353,,SPOT,,,22:33:37 07-May-2015,,B,-24.7414,153.1035,,,,,6528,3.504,,0.196,24.43,,,,,,,,,,,,,,,,,,,,,,,,,,,
132353,132353,,SPOT,,,15:51:37 08-May-2015,,A,-24.7334,153.0908,,,,,6528,3.504,,0.208,24.23,,,,,,,,,,,,,,,,,,,,,,,,,,,
132353,132353,,SPOT,,,15:56:02 08-May-2015,,A,-24.7334,153.0908,,,,,6528,3.488,,0.232,24.23,,,,,,,,,,,,,,,,,,,,,,,,,,,
132353,132353,,SPOT,,,18:42:32 08-May-2015,,B,-24.7280,153.0940,,,,,6528,3.504,,0.208,24.43,,,,,,,,,,,,,,,,,,,,,,,,,,,
132353,132353,,SPOT,,,04:23:58 09-May-2015,,B,-24.5910,153.3913,,,,,6528,3.504,,0.208,24.43,,,,,,,,,,,,,,,,,,,,,,,,,,,
132353,132353,,SPOT,,,14:07:04 09-May-2015,,B,-24.7212,153.1420,,,,,6528,3.504,,0.208,24.03,,,,,,,,,,,,,,,,,,,,,,,,,,,
132353,132353,,SPOT,,,21:49:32 09-May-2015,,B,-24.7444,153.1208,,,,,6528,3.504,,0.172,24.13,,,,,,,,,,,,,,,,,,,,,,,,,,,
132353,132353,,SPOT,,,07:05:59 12-May-2015,,,,,,,,,6528,3.504,,0.212,23.84,,,,,,,,,,,,,,,,,,,,,,,,,,,
132353,132353,,SPOT,,,09:00:17 09-Jun-2015,,A,-15.5253,111.0761,,,,,6528,3.488,,0.244,21.73,,,,,,,,,,,,,,,,,,,,,,,,,,,
132353,132353,,SPOT,,,09:05:20 09-Jun-2015,,A,-15.5253,111.0761,,,,,6528,3.488,,0.236,21.73,,,,,,,,,,,,,,,,,,,,,,,,,,,
132353,132353,,SPOT,,,12:53:37 10-Jun-2015,,B,-24.7640,153.1450,,,,,6528,3.488,,0.240,21.26,,,,,,,,,,,,,,,,,,,,,,,,,,,
132353,132353,,SPOT,,,12:54:27 10-Jun-2015,,B,-24.7640,153.1450,,,,,6528,3.488,,0.236,21.26,,,,,,,,,,,,,,,,,,,,,,,,,,,
132353,132353,,SPOT,,,12:43:50 15-Jun-2015,,B,-24.5441,153.1726,,,,,6528,3.488,,0.252,23.25,,,,,,,,,,,,,,,,,,,,,,,,,,,
132353,132353,,SPOT,,,12:44:35 15-Jun-2015,,B,-24.5441,153.1726,,,,,6528,3.504,,0.244,23.25,,,,,,,,,,,,,,,,,,,,,,,,,,,
132353,132353,,SPOT,,,18:08:11 15-Jun-2015,,B,-24.5133,153.2720,,,,,6528,3.488,,0.244,23.06,,,,,,,,,,,,,,,,,,,,,,,,,,,
132353,132353,,SPOT,,,18:08:57 15-Jun-2015,,B,-24.5133,153.2720,,,,,6528,3.488,,0.252,23.16,,,,,,,,,,,,,,,,,,,,,,,,,,,
132353,132353,,SPOT,,,23:43:43 16-Jun-2015,,,,,,,,,6528,3.488,,0.244,21.63,,,,,,,,,,,,,,,,,,,,,,,,,,,
132353,132353,,SPOT,,,16:23:08 19-Jun-2015,,2,-24.4793,153.2939,,,,,6528,3.504,,0.240,23.16,,,,,,,,,,,,,,,,,,,,,,,,,,,
132353,132353,,SPOT,,,16:24:08 19-Jun-2015,,2,-24.4793,153.2939,,,,,6528,3.488,,0.256,23.16,,,,,,,,,,,,,,,,,,,,,,,,,,,
132353,132353,,SPOT,,,16:24:56 19-Jun-2015,,2,-24.4793,153.2939,,,,,6528,3.488,,0.248,23.16,,,,,,,,,,,,,,,,,,,,,,,,,,,
132353,132353,,SPOT,,,16:25:42 19-Jun-2015,,2,-24.4793,153.2939,,,,,6528,3.488,,0.244,23.16,,,,,,,,,,,,,,,,,,,,,,,,,,,
132353,132353,,SPOT,,,16:26:33 19-Jun-2015,,2,-24.4793,153.2939,,,,,6528,3.488,,0.240,23.06,,,,,,,,,,,,,,,,,,,,,,,,,,,
132353,132353,,SPOT,,,16:27:18 19-Jun-2015,,2,-24.4793,153.2939,,,,,6528,3.488,,0.248,23.06,,,,,,,,,,,,,,,,,,,,,,,,,,,
132353,132353,,SPOT,,,17:24:26 19-Jun-2015,,2,-24.4763,153.2925,,,,,6528,3.488,,0.232,23.35,,,,,,,,,,,,,,,,,,,,,,,,,,,
132353,132353,,SPOT,,,17:25:36 19-Jun-2015,,2,-24.4763,153.2925,,,,,6528,3.488,,0.252,23.25,,,,,,,,,,,,,,,,,,,,,,,,,,,
132353,132353,,SPOT,,,17:26:28 19-Jun-2015,,2,-24.4763,153.2925,,,,,6528,3.488,,0.240,23.25,,,,,,,,,,,,,,,,,,,,,,,,,,,
132353,132353,,SPOT,,,17:27:59 19-Jun-2015,,2,-24.4763,153.2925,,,,,6528,3.488,,0.748,23.16,,,,,,,,,,,,,,,,,,,,,,,,,,,
132353,132353,,SPOT,,,06:58:33 01-Nov-2015,,,,,,,,,6784,3.520,,0.164,24.03,,,,,,,,,,,,,,,,,,,,,,,,,,,
132353,132353,,SPOT,,,08:16:03 03-Nov-2015,,,,,,,,,6784,3.520,,0.172,-10.58,,,,,,,,,,,,,,,,,,,,,,,,,,,
132353,132353,,SPOT,,,06:33:24 04-Nov-2015,,,,,,,,,6784,3.504,,0.212,13.10,,,,,,,,,,,,,,,,,,,,,,,,,,,
132353,132353,,SPOT,,,04:27:28 27-Dec-2015,,,,,,,,,6784,3.520,,0.208,26.04,,,,,,,,,,,,,,,,,,,,,,,,,,,
132353,132353,,SPOT,,,15:56:43 18-Feb-2016,,,,,,,,,7040,3.520,,0.192,28.03,,,,,,,,,,,,,,,,,,,,,,,,,,,
132353,132353,,SPOT,,,20:23:45 20-Feb-2016,,,,,,,,,7040,3.520,,0.244,27.60,,,,,,,,,,,,,,,,,,,,,,,,,,,
132353,132353,,SPOT,,,11:31:57 25-Feb-2016,,,,,,,,,2944,3.536,,0.192,31.02,,,,,,,,,,,,,,,,,,,,,,,,,,,
132353,132353,,SPOT,,,15:33:08 26-Mar-2016,,,,,,,,,7296,3.536,,0.196,-19.68,,,,,,,,,,,,,,,,,,,,,,,,,,,
132353,132353,,SPOT,,,07:10:25 05-Apr-2016,,,,,,,,,7552,3.488,,0.184,26.76,,,,,,,,,,,,,,,,,,,,,,,,,,,
132353,132353,,SPOT,,,12:21:29 06-Apr-2016,,,,,,,,,7552,3.488,,0.276,26.45,,,,,,,,,,,,,,,,,,,,,,,,,,,
132353,132353,,SPOT,,,12:23:16 06-Apr-2016,,,,,,,,,7552,3.504,,0.228,26.45,,,,,,,,,,,,,,,,,,,,,,,,,,,
132353,132353,,SPOT,,,04:34:41 11-Apr-2016,,,,,,,,,7552,3.536,,0.192,26.55,,,,,,,,,,,,,,,,,,,,,,,,,,,
132353,132353,,SPOT,,,07:56:47 27-Apr-2016,,,,,,,,,7552,3.520,,0.192,26.76,,,,,,,,,,,,,,,,,,,,,,,,,,,
132353,132353,,SPOT,,,20:00:58 28-Apr-2016,,,,,,,,,7552,3.504,,0.260,24.43,,,,,,,,,,,,,,,,,,,,,,,,,,,
