"DeployID","Platform ID No.","Prg No.","Latitude","Longitude","Loc. quality","Loc. date","Loc. type","Altitude","Pass","Sat.","Mote Id","Frequency","Msg Date","Comp.","Msg","> - 120 DB","Best level","Delta freq.","Long. 1","Lat. sol. 1","Long. 2","Lat. sol. 2","Loc. idx","Nopc","Error radius","Semi-major axis","Semi-minor axis","Ellipse orientation","GDOP","SENSOR #01","SENSOR #02","SENSOR #03","SENSOR #04","SENSOR #05","SENSOR #06","SENSOR #07","SENSOR #08","SENSOR #09","SENSOR #10","SENSOR #11","SENSOR #12","SENSOR #13","SENSOR #14","SENSOR #15","SENSOR #16","SENSOR #17","SENSOR #18","SENSOR #19","SENSOR #20","SENSOR #21","SENSOR #22","SENSOR #23","SENSOR #24","SENSOR #25","SENSOR #26","SENSOR #27","SENSOR #28","SENSOR #29","SENSOR #30","SENSOR #31","SENSOR #32"
"",252320,7495,-16.81384,145.68965,1,11/15/2023 23:39:29,Argos,0,59,NP,,401677704.8,11/15/2023 23:39:00,1,2,0,-120,401677704.8,145.68965,-16.81384,145.68965,-16.81384,40,3,593,870,403,1,223,176,154,136,36,120,2,85,29,63,94,65,0,0,119,244,,,,,,,,,,,,,,,,,
"",252320,7495,-16.81948,145.69583,1,11/15/2023 23:40:59,Argos,0,240,MC,,401677699.1,11/15/2023 23:39:00,1,5,4,-113,401677699.1,145.69583,-16.81948,145.69583,-16.81948,56,3,912,5780,143,96,536,176,154,136,36,120,2,85,29,63,94,65,0,0,119,244,,,,,,,,,,,,,,,,,
"",252320,7495,-16.81384,145.68965,1,11/15/2023 23:39:29,Argos,0,59,NP,,401677704.8,11/15/2023 23:40:00,1,2,0,-120,401677704.8,145.68965,-16.81384,145.68965,-16.81384,40,3,593,870,403,1,223,177,154,136,36,120,2,85,29,63,94,65,0,0,117,117,15,16,0,0,,,,,,,,,,,,,
"",252320,7495,-16.81948,145.69583,1,11/15/2023 23:40:59,Argos,0,240,MC,,401677699.1,11/15/2023 23:40:00,1,5,4,-113,401677699.1,145.69583,-16.81948,145.69583,-16.81948,56,3,912,5780,143,96,536,177,154,136,36,120,2,85,29,63,94,65,0,0,117,117,15,16,0,0,,,,,,,,,,,,,
"",252320,7495,-16.81948,145.69583,1,11/15/2023 23:40:59,Argos,0,240,MC,,401677699.1,11/15/2023 23:41:00,1,5,4,-113,401677699.1,145.69583,-16.81948,145.69583,-16.81948,56,3,912,5780,143,96,536,178,153,136,35,120,2,85,29,63,94,65,0,0,197,104,15,16,0,0,,,,,,,,,,,,,
"",252320,7495,-16.81384,145.68965,1,11/15/2023 23:39:29,Argos,0,59,NP,,401677704.8,11/15/2023 23:41:00,1,2,0,-120,401677704.8,145.68965,-16.81384,145.68965,-16.81384,40,3,593,870,403,1,223,178,153,136,35,120,2,85,29,63,94,65,0,0,197,104,15,16,0,0,,,,,,,,,,,,,
"",252320,7495,-16.81948,145.69583,1,11/15/2023 23:40:59,Argos,0,240,MC,,401677699.1,11/15/2023 23:42:00,1,5,4,-113,401677699.1,145.69583,-16.81948,145.69583,-16.81948,56,3,912,5780,143,96,536,179,154,136,35,120,2,85,29,63,94,65,0,0,195,237,15,16,17,18,,,,,,,,,,,,,
"",252320,7495,-16.81948,145.69583,1,11/15/2023 23:40:59,Argos,0,240,MC,,401677699.1,11/15/2023 23:43:00,1,5,4,-113,401677699.1,145.69583,-16.81948,145.69583,-16.81948,56,3,912,5780,143,96,536,180,154,136,36,120,2,85,29,63,94,65,0,0,121,112,15,16,17,18,,,,,,,,,,,,,
"",252320,7495,-16.81384,145.68965,1,11/15/2023 23:39:29,Argos,0,59,NP,,401677704.8,11/15/2023 23:43:00,1,2,0,-120,401677704.8,145.68965,-16.81384,145.68965,-16.81384,40,3,593,870,403,1,223,148,154,136,36,120,2,85,29,63,94,65,0,0,123,112,15,16,16,18,,,,,,,,,,,,,
"",252320,7495,-16.8187,145.6863,A,11/15/2023 23:50:19,Argos,0,180,NN,,401677700.69,11/15/2023 23:49:00,1,3,0,-131,401677700.69,145.6863,-16.8187,145.6863,-16.8187,6,2,952,3340,271,127,868,186,154,136,36,120,2,85,29,63,94,65,0,0,111,254,15,16,17,18,19,20,21,22,23,24,0,0,,,,,
"",252320,7495,-16.8187,145.6863,A,11/15/2023 23:50:19,Argos,0,180,NN,,401677700.69,11/15/2023 23:50:00,1,3,0,-131,401677700.69,145.6863,-16.8187,145.6863,-16.8187,6,2,952,3340,271,127,868,187,153,136,35,120,2,85,29,63,94,65,0,0,216,161,15,16,17,18,19,20,21,22,23,24,25,26,,,,,
"",252320,7495,-16.8187,145.6863,A,11/15/2023 23:50:19,Argos,0,180,NN,,401677700.69,11/15/2023 23:52:00,1,3,0,-131,401677700.69,145.6863,-16.8187,145.6863,-16.8187,6,2,952,3340,271,127,868,189,154,136,35,120,2,85,29,63,94,65,0,0,213,99,15,16,17,146,19,20,21,22,23,28,25,26,27,28,0,0,
"",252320,7495,-16.81228,145.66909,B,11/16/2023 00:25:59,Argos,0,0,MB,,401677689.95,11/16/2023 00:26:00,1,1,0,-133,401677689.95,145.66909,-16.81228,145.66908,-16.81228,8,2,3603,3995,3248,105,2598,223,153,137,36,120,2,85,29,63,94,64,0,0,179,99,15,16,17,18,19,20,21,22,23,24,25,26,27,28,29,30,
"",252320,7495,,,,,,,0,SR,,401650000,12/09/2023 08:15:00,1,1,0,-128,401650000,,,,,,,,,,,,0,0,15,128,4,1,20,65,72,34,86,61,193,187,187,183,59,248,133,173,5,253,132,137,25,164,55,125,143,36,74,
"",252320,7495,-23.2216,151.78036,1,02/23/2024 08:25:36,Argos,0,0,SR,,401650000,02/23/2024 08:20:54,1,1,0,-130,401650000,151.78036,-23.2216,151.78036,-23.2216,56,3,940,2222,397,48,447,108,127,0,,,,,,,,,,,,,,,,,,,,,,,,,,,,,
"",252320,7495,-23.21191,151.7503,0,02/23/2024 08:24:16,Argos,0,303,CS,,401677711.31,02/23/2024 08:20:54,1,4,0,-130,401677711.31,151.7503,-23.21191,151.7503,-23.21191,50,0,1795,9652,333,95,1433,108,127,0,,,,,,,,,,,,,,,,,,,,,,,,,,,,,
"",252320,7495,-23.21998,151.77823,B,02/23/2024 08:20:53,Argos,0,0,NK,,401677719.32,02/23/2024 08:20:54,1,1,0,-135,401677719.32,151.77823,-23.21998,151.77823,-23.21998,6,3,0,0,0,69,5028,108,127,0,,,,,,,,,,,,,,,,,,,,,,,,,,,,,
"",252320,7495,-23.2216,151.78036,1,02/23/2024 08:25:36,Argos,0,0,SR,,401650000,02/23/2024 08:25:01,1,1,0,-130,401650000,151.78036,-23.2216,151.78036,-23.2216,56,3,940,2222,397,48,447,15,1,16,,,,,,,,,,,,,,,,,,,,,,,,,,,,,
"",252320,7495,-23.21191,151.7503,0,02/23/2024 08:24:16,Argos,0,303,CS,,401677711.31,02/23/2024 08:25:01,1,4,0,-130,401677711.31,151.7503,-23.21191,151.7503,-23.21191,50,0,1795,9652,333,95,1433,15,1,16,,,,,,,,,,,,,,,,,,,,,,,,,,,,,
"",252320,7495,-23.2216,151.78036,1,02/23/2024 08:25:36,Argos,0,0,SR,,401650000,02/23/2024 08:25:16,1,1,0,-130,401650000,151.78036,-23.2216,151.78036,-23.2216,56,3,940,2222,397,48,447,27,143,28,,,,,,,,,,,,,,,,,,,,,,,,,,,,,
"",252320,7495,-23.21191,151.7503,0,02/23/2024 08:24:16,Argos,0,303,CS,,401677711.31,02/23/2024 08:25:16,1,4,0,-130,401677711.31,151.7503,-23.21191,151.7503,-23.21191,50,0,1795,9652,333,95,1433,27,143,28,,,,,,,,,,,,,,,,,,,,,,,,,,,,,
"",252320,7495,-23.2216,151.78036,1,02/23/2024 08:25:36,Argos,0,0,SR,,401650000,02/23/2024 08:25:57,1,1,0,-130,401650000,151.78036,-23.2216,151.78036,-23.2216,56,3,940,2222,397,48,447,78,89,5,,,,,,,,,,,,,,,,,,,,,,,,,,,,,
"",252320,7495,-23.21191,151.7503,0,02/23/2024 08:24:16,Argos,0,303,CS,,401677711.31,02/23/2024 08:25:57,1,4,0,-130,401677711.31,151.7503,-23.21191,151.7503,-23.21191,50,0,1795,9652,333,95,1433,78,89,5,,,,,,,,,,,,,,,,,,,,,,,,,,,,,
"",252320,7495,-23.21207,151.81168,B,02/23/2024 22:39:36,Argos,0,0,MC,,401677693.84,02/23/2024 22:39:37,1,1,0,-129,401677693.84,151.81168,-23.21207,151.81168,-23.21207,0,3,15912,17099,14808,139,10703,65,90,5,,,,,,,,,,,,,,,,,,,,,,,,,,,,,
"",252320,7495,-23.18686,151.86619,B,02/23/2024 23:34:50,Argos,0,27,NP,,401677727.61,02/23/2024 23:34:37,1,2,0,-130,401677727.61,151.86619,-23.18686,151.8662,-23.18686,6,3,6935,18314,2626,79,6241,107,133,0,,,,,,,,,,,,,,,,,,,,,,,,,,,,,
"",252320,7495,-23.18686,151.86619,B,02/23/2024 23:34:50,Argos,0,27,NP,,401677727.61,02/23/2024 23:35:05,1,2,0,-130,401677727.61,151.86619,-23.18686,151.8662,-23.18686,6,3,6935,18314,2626,79,6241,15,1,16,,,,,,,,,,,,,,,,,,,,,,,,,,,,,
"",252320,7495,,,,,,,0,A1,,401650000,02/26/2024 20:45:42,1,1,0,-129,401650000,,,,,,,,,,,,27,135,28,,,,,,,,,,,,,,,,,,,,,,,,,,,,,
"",252320,7495,,,,,,,0,MB,,401650000,02/26/2024 22:17:51,1,1,0,-131,401650000,,,,,,,,,,,,40,11,0,238,238,238,238,238,238,238,238,238,238,14,238,252,11,0,0,0,0,0,0,0,2,12,255,3,144,58,81,
"",252320,7495,-23.2477,152.05672,A,02/27/2024 13:56:03,Argos,0,121,O3,,401677722.44,02/27/2024 13:54:56,1,3,0,-126,401677722.44,152.05672,-23.2477,152.05672,-23.2477,0,3,1025,24350,43,83,1961,40,10,227,0,0,238,238,14,238,224,238,238,238,238,0,223,10,227,0,0,0,130,66,130,103,138,202,142,193,206,252,
"",252320,7495,-23.2477,152.05672,A,02/27/2024 13:56:03,Argos,0,121,O3,,401677722.44,02/27/2024 13:56:17,1,3,0,-126,401677722.44,152.05672,-23.2477,152.05672,-23.2477,0,3,1025,24350,43,83,1961,40,11,64,238,238,238,238,14,238,238,238,238,238,14,238,10,11,64,0,0,128,0,1,1,5,30,255,0,0,0,255,
"",252320,7495,-23.2477,152.05672,A,02/27/2024 13:56:03,Argos,0,121,O3,,401677722.44,02/27/2024 13:56:57,1,3,0,-126,401677722.44,152.05672,-23.2477,152.05672,-23.2477,0,3,1025,24350,43,83,1961,40,11,0,238,238,238,238,238,238,238,238,238,238,14,238,252,11,0,0,0,0,0,0,48,2,193,102,125,157,160,151,
"",252320,7495,-23.23546,152.11691,B,02/27/2024 18:37:19,Argos,0,0,SR,,401677707.88,02/27/2024 18:37:19,1,1,0,-137,401677707.88,152.11691,-23.23546,152.11691,-23.23546,8,3,2225,3027,1634,99,6292,40,11,32,238,238,238,238,238,238,238,238,238,238,238,238,65,11,32,0,0,0,0,246,155,199,206,191,125,152,72,229,
"",252320,7495,-23.23761,152.09952,B,02/27/2024 19:25:49,Argos,0,0,NK,,401677713.84,02/27/2024 19:25:49,1,1,0,-137,401677713.84,152.09952,-23.23761,152.09952,-23.23761,8,3,2536,5555,1157,106,7172,40,11,0,238,238,238,238,238,238,238,238,238,238,12,166,209,237,115,104,181,217,222,49,56,172,145,32,125,255,255,134,
"",252320,7495,-23.24363,152.08468,B,02/27/2024 20:21:49,Argos,0,43,SR,,401677721.93,02/27/2024 20:21:28,1,2,0,-128,401677721.93,152.08468,-23.24363,152.08469,-23.24363,8,3,3370,63039,180,86,9532,40,11,32,238,238,238,238,238,238,238,238,238,238,238,238,65,11,32,0,0,0,33,3,67,137,203,163,240,116,75,180,
"",252320,7495,-23.24184,152.11098,B,02/27/2024 20:21:49,Argos,0,43,A1,,401677718.81,02/27/2024 20:21:28,1,2,0,-128,401677718.81,152.11098,-23.24184,152.11098,-23.24184,0,3,442,1285,151,69,1241,40,11,32,238,238,238,238,238,238,238,238,238,238,238,238,65,11,32,0,0,0,0,197,120,123,41,101,18,8,38,88,
"",252320,7495,-23.24363,152.08468,B,02/27/2024 20:21:49,Argos,0,43,SR,,401677721.93,02/27/2024 20:22:12,1,2,0,-128,401677721.93,152.08468,-23.24363,152.08469,-23.24363,8,3,3370,63039,180,86,9532,40,10,227,0,0,238,238,14,238,224,238,238,238,238,0,223,10,227,0,0,0,0,0,0,0,4,255,6,1,0,104,
"",252320,7495,-23.24184,152.11098,B,02/27/2024 20:21:49,Argos,0,43,A1,,401677718.81,02/27/2024 20:22:12,1,2,0,-128,401677718.81,152.11098,-23.24184,152.11098,-23.24184,0,3,442,1285,151,69,1241,40,10,227,0,0,238,238,14,238,224,238,238,238,238,0,223,10,227,0,0,0,0,0,0,0,4,255,6,1,0,104,
"",252320,7495,-23.23015,152.08657,B,02/28/2024 19:29:07,Argos,0,0,CS,,401677704.3,02/28/2024 19:29:08,1,1,0,-142,401677704.3,152.08657,-23.23015,152.08656,-23.23015,0,3,4880,5356,4445,55,13804,46,127,194,7,38,24,119,232,38,230,167,118,196,53,166,217,156,17,169,190,110,202,154,128,253,227,141,62,144,177,225,
"",252320,7495,-23.15921,152.42788,B,02/28/2024 20:06:19,Argos,0,0,A1,,401677728.2,02/28/2024 20:06:20,1,1,0,-140,401677728.2,152.42788,-23.15921,152.42789,-23.15921,0,3,5176,5653,4739,87,14643,15,1,49,,,,,,,,,,,,,,,,,,,,,,,,,,,,,
"",252320,7495,-23.422,151.88756,B,03/01/2024 17:58:27,Argos,0,14,CS,,401677722.95,03/01/2024 17:58:20,1,2,0,-134,401677722.95,151.88756,-23.422,151.88756,-23.422,0,2,13310,65762,2693,89,14186,91,74,3,,,,,,,,,,,,,,,,,,,,,,,,,,,,,
"",252320,7495,-23.422,151.88756,B,03/01/2024 17:58:27,Argos,0,14,CS,,401677722.95,03/01/2024 17:58:35,1,2,0,-134,401677722.95,151.88756,-23.422,151.88756,-23.422,0,2,13310,65762,2693,89,14186,107,133,0,,,,,,,,,,,,,,,,,,,,,,,,,,,,,
"",252320,7495,-23.4412,151.92331,B,03/03/2024 11:33:56,Argos,0,217,MC,,401677711.11,03/03/2024 11:32:08,1,2,1,-118,401677711.11,151.92331,-23.4412,151.92331,-23.4412,0,3,17661,0,88,77,18270,40,12,32,238,238,238,238,238,14,238,238,14,14,238,238,56,47,252,246,158,95,141,254,104,59,67,205,163,197,228,28,
"",252320,7495,-23.4412,151.92331,B,03/03/2024 11:33:56,Argos,0,217,MC,,401677711.11,03/03/2024 11:35:45,1,2,1,-118,401677711.11,151.92331,-23.4412,151.92331,-23.4412,0,3,17661,0,88,77,18270,40,78,205,72,86,79,94,29,211,230,64,7,196,112,70,229,212,96,112,147,25,44,229,18,231,209,190,212,213,206,241,
"",252320,7495,,,,,,,0,O3,,401650000,03/04/2024 14:20:33,1,1,0,-126,401650000,,,,,,,,,,,,40,12,32,238,238,238,238,238,14,238,238,14,14,238,238,48,12,32,0,0,0,0,0,0,0,0,255,0,0,0,110,
"",252320,7495,-23.50837,151.97907,1,03/04/2024 18:49:49,Argos,0,551,SR,,401677709.89,03/04/2024 18:46:07,1,4,0,-134,401677709.89,151.97907,-23.50837,151.97906,-23.50837,50,2,635,839,480,28,370,92,142,137,,,,,,,,,,,,,,,,,,,,,,,,,,,,,
"",252320,7495,-23.50837,151.97907,1,03/04/2024 18:49:49,Argos,0,551,SR,,401677709.89,03/04/2024 18:46:36,1,4,0,-134,401677709.89,151.97907,-23.50837,151.97906,-23.50837,50,2,635,839,480,28,370,97,135,0,,,,,,,,,,,,,,,,,,,,,,,,,,,,,
"",252320,7495,-23.50837,151.97907,1,03/04/2024 18:49:49,Argos,0,551,SR,,401677709.89,03/04/2024 18:51:19,1,4,0,-134,401677709.89,151.97907,-23.50837,151.97906,-23.50837,50,2,635,839,480,28,370,15,1,16,,,,,,,,,,,,,,,,,,,,,,,,,,,,,
"",252320,7495,-23.50837,151.97907,1,03/04/2024 18:49:49,Argos,0,551,SR,,401677709.89,03/04/2024 18:55:18,1,4,0,-134,401677709.89,151.97907,-23.50837,151.97906,-23.50837,50,2,635,839,480,28,370,27,143,28,,,,,,,,,,,,,,,,,,,,,,,,,,,,,
"",252320,7495,-23.35372,151.98376,A,03/05/2024 10:54:37,Argos,0,314,MC,,401677701.88,03/05/2024 10:54:37,1,3,0,-123,401677701.88,151.98376,-23.35372,151.98376,-23.35372,0,3,1659,23078,119,99,1814,40,12,32,238,238,238,238,238,14,238,238,14,14,238,238,48,12,32,0,0,0,0,0,0,0,6,173,21,242,223,32,
"",252320,7495,-23.35372,151.98376,A,03/05/2024 10:54:37,Argos,0,314,MC,,401677701.88,03/05/2024 10:58:52,1,3,0,-123,401677701.88,151.98376,-23.35372,151.98376,-23.35372,0,3,1659,23078,119,99,1814,40,12,96,238,238,238,238,238,14,238,224,14,238,238,238,87,12,96,0,0,0,0,0,0,0,0,255,0,0,0,149,
"",252320,7495,-23.35372,151.98376,A,03/05/2024 10:54:37,Argos,0,314,MC,,401677701.88,03/05/2024 10:59:51,1,3,0,-123,401677701.88,151.98376,-23.35372,151.98376,-23.35372,0,3,1659,23078,119,99,1814,40,12,64,238,238,238,238,238,238,238,238,238,238,238,238,241,12,64,0,0,0,0,0,0,0,0,255,0,0,21,85,
"",252320,7495,-23.35056,152.02185,A,03/05/2024 11:30:24,Argos,0,189,NN,,401677707.11,03/05/2024 11:28:48,1,3,0,-131,401677707.11,152.02185,-23.35056,152.02185,-23.35056,8,3,751,1886,299,179,1192,84,168,3,,,,,,,,,,,,,,,,,,,,,,,,,,,,,
"",252320,7495,-23.35056,152.02185,A,03/05/2024 11:30:24,Argos,0,189,NN,,401677707.11,03/05/2024 11:30:29,1,3,0,-131,401677707.11,152.02185,-23.35056,152.02185,-23.35056,8,3,751,1886,299,179,1192,15,1,16,,,,,,,,,,,,,,,,,,,,,,,,,,,,,
"",252320,7495,-23.35056,152.02185,A,03/05/2024 11:30:24,Argos,0,189,NN,,401677707.11,03/05/2024 11:31:57,1,3,0,-131,401677707.11,152.02185,-23.35056,152.02185,-23.35056,8,3,751,1886,299,179,1192,40,12,128,238,238,248,141,101,255,185,60,72,82,130,8,207,136,91,228,53,54,147,119,68,244,220,162,231,132,250,136,
"",252320,7495,-23.34533,151.97579,B,03/05/2024 11:37:56,Argos,0,14,MB,,401677706.87,03/05/2024 11:37:49,1,2,0,-131,401677706.87,151.97579,-23.34533,151.97578,-23.34533,8,3,4234,6478,2767,96,3096,65,90,5,,,,,,,,,,,,,,,,,,,,,,,,,,,,,
"",252320,7495,-23.34542,151.97864,B,03/05/2024 11:37:56,Argos,0,14,NP,,401677692.09,03/05/2024 11:37:49,1,2,0,-126,401677692.09,151.97864,-23.34542,151.97864,-23.34542,8,3,1498,2687,834,77,2665,65,90,5,,,,,,,,,,,,,,,,,,,,,,,,,,,,,
"",252320,7495,-23.34533,151.97579,B,03/05/2024 11:37:56,Argos,0,14,MB,,401677706.87,03/05/2024 11:38:04,1,2,0,-131,401677706.87,151.97579,-23.34533,151.97578,-23.34533,8,3,4234,6478,2767,96,3096,40,12,32,238,238,238,238,238,14,238,238,14,14,238,231,58,121,28,156,107,130,32,116,122,147,86,213,2,63,10,149,
"",252320,7495,-23.34542,151.97864,B,03/05/2024 11:37:56,Argos,0,14,NP,,401677692.09,03/05/2024 11:38:04,1,2,0,-126,401677692.09,151.97864,-23.34542,151.97864,-23.34542,8,3,1498,2687,834,77,2665,40,12,32,238,238,238,238,238,14,238,238,14,14,238,238,114,42,115,213,213,173,109,41,90,75,107,109,180,150,143,212,
"",252320,7495,-23.33322,151.97627,B,03/05/2024 12:33:01,Argos,0,15,MC,,401677692.41,03/05/2024 12:32:54,1,2,0,-122,401677692.41,151.97627,-23.33322,151.97627,-23.33322,8,3,1401,2430,808,89,3413,87,183,3,,,,,,,,,,,,,,,,,,,,,,,,,,,,,
"",252320,7495,-23.33322,151.97627,B,03/05/2024 12:33:01,Argos,0,15,MC,,401677692.41,03/05/2024 12:33:10,1,2,0,-122,401677692.41,151.97627,-23.33322,151.97627,-23.33322,8,3,1401,2430,808,89,3413,40,12,128,238,238,238,238,224,14,14,224,238,14,238,238,90,12,128,0,0,0,0,0,0,0,0,255,2,0,0,183,
"",252320,7495,-23.32974,151.97618,B,03/05/2024 13:08:45,Argos,0,0,NN,,401677699.45,03/05/2024 13:08:45,1,1,0,-127,401677699.45,151.97618,-23.32974,,,8,3,1462,2138,999,89,4132,72,87,5,,,,,,,,,,,,,,,,,,,,,,,,,,,,,
"",252320,7495,-23.22167,151.89575,2,03/06/2024 14:30:21,Argos,0,361,O3,,401677709.95,03/06/2024 14:27:18,1,4,1,-119,401677709.95,151.89575,-23.22167,151.89575,-23.22167,50,3,314,1299,76,66,324,107,133,0,,,,,,,,,,,,,,,,,,,,,,,,,,,,,
"",252320,7495,-23.22167,151.89575,2,03/06/2024 14:30:21,Argos,0,361,O3,,401677709.95,03/06/2024 14:28:27,1,4,1,-119,401677709.95,151.89575,-23.22167,151.89575,-23.22167,50,3,314,1299,76,66,324,15,1,16,,,,,,,,,,,,,,,,,,,,,,,,,,,,,
"",252320,7495,-23.22167,151.89575,2,03/06/2024 14:30:21,Argos,0,361,O3,,401677709.95,03/06/2024 14:32:21,1,4,1,-119,401677709.95,151.89575,-23.22167,151.89575,-23.22167,50,3,314,1299,76,66,324,40,12,160,238,238,238,238,224,224,0,14,238,238,238,238,242,12,160,25,241,127,164,138,196,233,160,247,211,193,246,63,
"",252320,7495,-23.22167,151.89575,2,03/06/2024 14:30:21,Argos,0,361,O3,,401677709.95,03/06/2024 14:33:19,1,4,1,-119,401677709.95,151.89575,-23.22167,151.89575,-23.22167,50,3,314,1299,76,66,324,40,12,128,238,238,238,238,224,14,14,224,238,14,238,175,123,224,64,139,67,196,81,254,67,182,22,27,128,148,30,195,
"",252320,7495,-23.10586,151.88227,B,03/07/2024 09:25:40,Argos,0,0,NK,,401677706.49,03/07/2024 09:25:41,1,1,0,-123,401677706.49,151.88227,-23.10586,151.88226,-23.10586,0,3,8293,9866,6970,62,12223,40,12,128,238,238,238,238,168,6,30,212,165,177,1,42,211,243,3,123,225,42,2,144,0,0,0,127,129,0,0,91,
"",252320,7495,-23.12238,151.87026,B,03/07/2024 11:21:10,Argos,0,0,NP,,401677699.47,03/07/2024 11:21:10,1,1,0,-133,401677699.47,151.87026,-23.12238,151.87025,-23.12238,8,3,10099,17197,5930,9,18186,70,81,5,,,,,,,,,,,,,,,,,,,,,,,,,,,,,
"",252320,7495,-23.30368,151.8201,B,03/08/2024 18:14:21,Argos,0,246,CS,,401677729.66,03/08/2024 18:12:18,1,2,0,-130,401677729.66,151.8201,-23.30368,151.8201,-23.30368,0,2,5261,174203,158,64,5472,15,132,203,,,,,,,,,,,,,,,,,,,,,,,,,,,,,
"",252320,7495,-23.30368,151.8201,B,03/08/2024 18:14:21,Argos,0,246,CS,,401677729.66,03/08/2024 18:16:24,1,2,0,-130,401677729.66,151.8201,-23.30368,151.8201,-23.30368,0,2,5261,174203,158,64,5472,40,12,224,238,238,238,238,224,238,238,238,238,238,238,238,1,51,194,80,223,55,139,119,170,87,127,24,255,255,255,155,
"",252320,7495,,,,,,,0,NN,,401650000,03/13/2024 13:06:10,1,1,0,-140,401650000,,,,,,,,,,,,100,134,0,,,,,,,,,,,,,,,,,,,,,,,,,,,,,
"",252320,7495,-23.23912,151.99532,0,03/15/2024 12:44:35,Argos,0,387,NN,,401677705.54,03/15/2024 12:42:45,1,7,0,-123,401677705.54,151.99532,-23.23912,151.99532,-23.23912,50,3,2913,49378,171,79,1494,65,240,165,253,200,146,112,174,55,178,222,206,94,49,29,195,32,95,48,1,38,155,67,,,,,,,,,
"",252320,7495,-23.23912,151.99532,0,03/15/2024 12:44:35,Argos,0,387,NN,,401677705.54,03/15/2024 12:44:11,1,7,0,-123,401677705.54,151.99532,-23.23912,151.99532,-23.23912,50,3,2913,49378,171,79,1494,0,0,63,3,254,2,255,255,32,0,95,213,129,95,255,255,245,226,94,131,192,232,188,31,240,0,254,255,176,19,143,
"",252320,7495,-23.23912,151.99532,0,03/15/2024 12:44:35,Argos,0,387,NN,,401677705.54,03/15/2024 12:44:38,1,7,0,-123,401677705.54,151.99532,-23.23912,151.99532,-23.23912,50,3,2913,49378,171,79,1494,40,13,128,238,238,238,238,238,238,238,238,238,238,238,238,30,13,128,0,0,0,0,0,0,0,0,255,0,0,1,132,
"",252320,7495,-23.23912,151.99532,0,03/15/2024 12:44:35,Argos,0,387,NN,,401677705.54,03/15/2024 12:45:02,1,7,0,-123,401677705.54,151.99532,-23.23912,151.99532,-23.23912,50,3,2913,49378,171,79,1494,40,13,192,238,238,238,238,238,238,238,238,238,238,224,238,51,13,192,0,0,0,0,0,0,0,0,255,0,0,0,127,
"",252320,7495,-23.23912,151.99532,0,03/15/2024 12:44:35,Argos,0,387,NN,,401677705.54,03/15/2024 12:45:20,1,7,0,-123,401677705.54,151.99532,-23.23912,151.99532,-23.23912,50,3,2913,49378,171,79,1494,40,13,8,110,68,108,50,189,25,110,21,69,69,44,149,111,216,17,105,96,223,211,15,38,179,222,251,201,248,54,96,
"",252320,7495,-23.23912,151.99532,0,03/15/2024 12:44:35,Argos,0,387,NN,,401677705.54,03/15/2024 12:45:37,1,7,0,-123,401677705.54,151.99532,-23.23912,151.99532,-23.23912,50,3,2913,49378,171,79,1494,40,13,32,238,238,238,238,238,238,238,14,110,238,238,238,42,13,32,0,0,0,0,0,0,24,60,28,191,68,239,65,
"",252320,7495,-23.23912,151.99532,0,03/15/2024 12:44:35,Argos,0,387,NN,,401677705.54,03/15/2024 12:49:12,1,7,0,-123,401677705.54,151.99532,-23.23912,151.99532,-23.23912,50,3,2913,49378,171,79,1494,27,143,28,,,,,,,,,,,,,,,,,,,,,,,,,,,,,
"",252320,7495,-23.19534,152.00398,B,03/15/2024 20:53:14,Argos,0,0,NP,,401677699.51,03/15/2024 20:53:15,1,1,0,-138,401677699.51,152.00398,-23.19534,152.00398,-23.19534,8,2,13733,19183,9830,94,7877,27,143,28,,,,,,,,,,,,,,,,,,,,,,,,,,,,,
"",252320,7495,,,,,,,0,CS,,401650000,03/18/2024 06:52:07,1,1,0,-142,401650000,,,,,,,,,,,,40,14,32,238,238,238,206,238,238,239,238,238,238,238,238,57,14,32,0,0,0,16,128,0,32,64,89,250,0,0,163,
"",252320,7495,,,,,,,0,A1,,401650000,03/24/2024 20:00:37,1,1,0,-133,401650000,,,,,,,,,,,,40,14,224,238,238,238,238,238,238,14,224,238,238,224,238,22,14,224,0,0,0,0,0,0,0,1,255,0,0,0,203,
"",252320,7495,,,,,,,0,MB,,401650000,03/25/2024 11:26:33,1,1,0,-133,401650000,,,,,,,,,,,,40,15,144,238,238,238,238,238,238,238,238,238,238,46,238,97,15,0,0,0,0,0,0,0,0,0,255,0,216,78,104,
"",252320,7495,-23.50864,151.65771,1,03/26/2024 12:11:47,Argos,0,107,NN,,401677690.46,03/26/2024 12:11:40,1,5,0,-126,401677690.46,151.65771,-23.50864,151.65771,-23.50864,50,3,792,6013,104,107,936,40,143,48,142,83,17,80,238,238,238,238,238,238,238,238,220,15,32,0,0,0,0,0,0,0,0,255,0,0,0,70,
"",252320,7495,-23.50864,151.65771,1,03/26/2024 12:11:47,Argos,0,107,NN,,401677690.46,03/26/2024 12:11:55,1,5,0,-126,401677690.46,151.65771,-23.50864,151.65771,-23.50864,50,3,792,6013,104,107,936,40,14,128,238,238,238,238,14,238,238,238,238,238,238,14,149,14,128,0,0,0,0,0,0,0,0,255,0,0,0,172,
"",252320,7495,-23.50864,151.65771,1,03/26/2024 12:11:47,Argos,0,107,NN,,401677690.46,03/26/2024 12:12:11,1,5,0,-126,401677690.46,151.65771,-23.50864,151.65771,-23.50864,50,3,792,6013,104,107,936,40,14,32,238,238,238,238,238,238,238,238,238,238,238,238,57,14,32,0,0,0,0,0,0,0,0,255,0,0,0,163,
"",252320,7495,-23.50864,151.65771,1,03/26/2024 12:11:47,Argos,0,107,NN,,401677690.46,03/26/2024 12:12:57,1,5,0,-126,401677690.46,151.65771,-23.50864,151.65771,-23.50864,50,3,792,6013,104,107,936,40,13,224,238,225,47,138,234,169,238,66,246,116,249,217,11,83,1,80,120,4,255,254,52,183,255,192,63,255,255,159,
"",252320,7495,-23.50864,151.65771,1,03/26/2024 12:11:47,Argos,0,107,NN,,401677690.46,03/26/2024 12:13:27,1,5,0,-126,401677690.46,151.65771,-23.50864,151.65771,-23.50864,50,3,792,6013,104,107,936,40,14,64,238,238,238,14,238,238,224,238,238,238,254,238,206,54,99,159,255,255,255,255,255,255,255,0,127,255,255,172,
"",252320,7495,-23.53204,151.6996,B,03/29/2024 07:49:07,Argos,0,168,CS,,401677705.69,03/29/2024 07:47:43,1,2,0,-134,401677705.69,151.6996,-23.53204,151.6996,-23.53204,0,3,9571,407644,224,101,15946,88,51,244,239,252,146,112,174,62,159,55,84,86,10,39,16,197,255,25,211,208,144,0,,,,,,,,,
"",252320,7495,-23.53204,151.6996,B,03/29/2024 07:49:07,Argos,0,168,CS,,401677705.69,03/29/2024 07:50:31,1,2,0,-134,401677705.69,151.6996,-23.53204,151.6996,-23.53204,0,3,9571,407644,224,101,15946,40,15,128,238,238,238,238,238,238,238,238,238,238,238,238,211,143,217,23,168,114,23,54,249,194,72,159,133,91,71,217,
"",252320,7495,-23.29204,151.68047,A,03/31/2024 15:11:43,Argos,0,242,O3,,401677699.39,03/31/2024 15:09:36,1,3,0,-126,401677699.39,151.68047,-23.29204,151.68047,-23.29204,0,3,338,1272,90,101,947,40,14,64,238,238,238,14,238,238,224,238,238,238,238,238,166,14,64,0,0,0,0,0,0,0,0,255,0,0,0,166,
"",252320,7495,-23.29204,151.68047,A,03/31/2024 15:11:43,Argos,0,242,O3,,401677699.39,03/31/2024 15:11:55,1,3,0,-126,401677699.39,151.68047,-23.29204,151.68047,-23.29204,0,3,338,1272,90,101,947,40,15,64,238,238,230,238,238,238,14,238,238,238,238,238,120,15,64,0,0,0,0,0,0,0,1,255,0,0,0,33,
"",252320,7495,-23.29204,151.68047,A,03/31/2024 15:11:43,Argos,0,242,O3,,401677699.39,03/31/2024 15:13:38,1,3,0,-126,401677699.39,151.68047,-23.29204,151.68047,-23.29204,0,3,338,1272,90,101,947,40,15,96,238,238,238,238,238,238,238,254,238,41,57,42,241,202,69,95,167,221,219,193,156,5,193,43,217,255,240,189,
"",252320,7495,-23.29713,151.69824,B,04/01/2024 02:16:27,Argos,0,0,O3,,401677709.92,04/01/2024 02:16:28,1,1,0,-125,401677709.92,151.69824,-23.29713,,,8,3,2892,5356,1561,70,8180,40,15,224,238,238,238,238,238,238,238,224,14,238,238,238,224,15,224,0,0,0,0,0,0,0,30,255,0,0,0,44,
"",252320,7495,-23.28189,151.7065,B,04/01/2024 14:30:59,Argos,0,244,O3,,401677713.68,04/01/2024 14:28:57,1,2,0,-126,401677713.68,151.7065,-23.28189,151.7065,-23.28189,0,3,3491,349257,34,78,9876,40,15,96,238,238,238,238,238,238,238,238,238,238,238,238,39,15,96,0,0,0,0,0,0,0,1,255,0,0,0,223,
"",252320,7495,-23.28189,151.7065,B,04/01/2024 14:30:59,Argos,0,244,O3,,401677713.68,04/01/2024 14:33:01,1,2,0,-126,401677713.68,151.7065,-23.28189,151.7065,-23.28189,0,3,3491,349257,34,78,9876,40,14,96,238,238,238,238,238,174,238,238,238,238,238,238,194,14,96,0,0,0,0,0,0,0,0,255,0,0,0,88,
"",252320,7495,-23.2428,151.86633,A,04/01/2024 18:26:49,Argos,0,258,CS,,401677700.08,04/01/2024 18:24:59,1,3,0,-130,401677700.08,151.86633,-23.2428,151.86633,-23.2428,8,3,231,1304,40,104,637,40,14,128,238,238,238,236,22,204,96,165,202,34,5,136,142,222,124,2,36,252,233,198,89,100,0,120,60,177,73,81,
"",252320,7495,-23.2428,151.86633,A,04/01/2024 18:26:49,Argos,0,258,CS,,401677700.08,04/01/2024 18:26:11,1,3,0,-130,401677700.08,151.86633,-23.2428,151.86633,-23.2428,8,3,231,1304,40,104,637,40,15,192,238,238,238,238,239,239,250,193,135,148,91,228,201,113,54,232,253,131,136,123,113,228,155,142,184,135,148,152,
"",252320,7495,-23.2428,151.86633,A,04/01/2024 18:26:49,Argos,0,258,CS,,401677700.08,04/01/2024 18:29:17,1,3,0,-130,401677700.08,151.86633,-23.2428,151.86633,-23.2428,8,3,231,1304,40,104,637,40,14,32,238,238,238,238,238,238,238,238,236,239,234,167,129,188,39,147,220,226,52,20,203,253,118,231,11,95,47,170,
"",252320,7495,-23.24807,151.88023,B,04/01/2024 19:05:15,Argos,0,231,SR,,401677702.49,04/01/2024 19:03:20,1,2,0,-127,401677702.49,151.88023,-23.24807,151.88023,-23.24807,8,3,619,5100,75,65,1744,40,14,64,238,238,238,14,238,238,240,124,203,133,50,234,79,104,58,101,190,129,167,251,171,208,106,106,170,38,230,143,
"",252320,7495,-23.24807,151.88023,B,04/01/2024 19:05:15,Argos,0,231,SR,,401677702.49,04/01/2024 19:07:11,1,2,0,-127,401677702.49,151.88023,-23.24807,151.88023,-23.24807,8,3,619,5100,75,65,1744,40,14,96,238,238,238,238,238,238,238,238,238,238,238,238,194,14,96,0,0,0,0,0,0,0,0,235,116,91,173,13,
"",252320,7495,-23.23936,151.89913,B,04/01/2024 19:46:42,Argos,0,52,NK,,401677702,04/01/2024 19:46:16,1,2,0,-129,401677702,151.89913,-23.23936,151.89912,-23.23936,8,3,914,1761,474,103,2337,86,113,5,,,,,,,,,,,,,,,,,,,,,,,,,,,,,
"",252320,7495,-23.23936,151.89913,B,04/01/2024 19:46:42,Argos,0,52,NK,,401677702,04/01/2024 19:47:08,1,2,0,-129,401677702,151.89913,-23.23936,151.89912,-23.23936,8,3,914,1761,474,103,2337,106,128,0,,,,,,,,,,,,,,,,,,,,,,,,,,,,,
"",252320,7495,-23.24328,151.90275,2,04/01/2024 20:02:00,Argos,0,140,CS,,401677699.37,04/01/2024 20:00:33,1,4,0,-132,401677699.37,151.90275,-23.24328,151.90276,-23.24328,50,3,317,1144,88,84,172,89,144,165,253,232,147,112,166,52,76,216,152,131,204,65,51,127,121,233,240,131,185,133,,,,,,,,,
"",252320,7495,-23.2454,151.88648,1,04/01/2024 20:02:00,Argos,0,140,A1,,401677696.97,04/01/2024 20:00:33,1,4,0,-125,401677696.97,151.88648,-23.2454,151.88647,-23.2454,58,3,501,11686,21,83,1076,89,144,165,253,232,147,244,232,101,135,135,65,60,116,169,9,196,24,83,240,141,233,177,,,,,,,,,
"",252320,7495,-23.24328,151.90275,2,04/01/2024 20:02:00,Argos,0,140,CS,,401677699.37,04/01/2024 20:02:09,1,4,0,-132,401677699.37,151.90275,-23.24328,151.90276,-23.24328,50,3,317,1144,88,84,172,27,143,28,,,,,,,,,,,,,,,,,,,,,,,,,,,,,
"",252320,7495,-23.2454,151.88648,1,04/01/2024 20:02:00,Argos,0,140,A1,,401677696.97,04/01/2024 20:02:09,1,4,0,-125,401677696.97,151.88648,-23.2454,151.88647,-23.2454,58,3,501,11686,21,83,1076,27,143,28,,,,,,,,,,,,,,,,,,,,,,,,,,,,,
"",252320,7495,-23.24328,151.90275,2,04/01/2024 20:02:00,Argos,0,140,CS,,401677699.37,04/01/2024 20:02:26,1,4,0,-132,401677699.37,151.90275,-23.24328,151.90276,-23.24328,50,3,317,1144,88,84,172,73,66,5,,,,,,,,,,,,,,,,,,,,,,,,,,,,,
"",252320,7495,-23.2454,151.88648,1,04/01/2024 20:02:00,Argos,0,140,A1,,401677696.97,04/01/2024 20:02:26,1,4,0,-125,401677696.97,151.88648,-23.2454,151.88647,-23.2454,58,3,501,11686,21,83,1076,73,66,5,,,,,,,,,,,,,,,,,,,,,,,,,,,,,
"",252320,7495,-23.24328,151.90275,2,04/01/2024 20:02:00,Argos,0,140,CS,,401677699.37,04/01/2024 20:02:53,1,4,0,-132,401677699.37,151.90275,-23.24328,151.90276,-23.24328,50,3,317,1144,88,84,172,81,122,5,,,,,,,,,,,,,,,,,,,,,,,,,,,,,
"",252320,7495,-23.2454,151.88648,1,04/01/2024 20:02:00,Argos,0,140,A1,,401677696.97,04/01/2024 20:02:53,1,4,0,-125,401677696.97,151.88648,-23.2454,151.88647,-23.2454,58,3,501,11686,21,83,1076,81,122,5,,,,,,,,,,,,,,,,,,,,,,,,,,,,,
"",252320,7495,-23.24328,151.90275,2,04/01/2024 20:02:00,Argos,0,140,CS,,401677699.37,04/01/2024 20:05:56,2,4,0,-132,401677699.37,151.90275,-23.24328,151.90276,-23.24328,50,3,317,1144,88,84,172,27,143,28,,,,,,,,,,,,,,,,,,,,,,,,,,,,,
"",252320,7495,-23.24328,151.90275,2,04/01/2024 20:02:00,Argos,0,140,CS,,401677699.37,04/01/2024 20:07:20,1,4,0,-132,401677699.37,151.90275,-23.24328,151.90276,-23.24328,50,3,317,1144,88,84,172,80,127,5,,,,,,,,,,,,,,,,,,,,,,,,,,,,,
"",252320,7495,-23.24328,151.90275,2,04/01/2024 20:02:00,Argos,0,140,CS,,401677699.37,04/01/2024 20:07:48,1,4,0,-132,401677699.37,151.90275,-23.24328,151.90276,-23.24328,50,3,317,1144,88,84,172,32,15,128,236,238,227,233,144,105,97,72,84,156,232,21,227,239,88,240,198,240,113,198,148,14,248,193,74,81,62,11,
"",252320,7495,-23.23213,151.91936,3,04/01/2024 20:44:23,Argos,0,331,SR,,401677700.1,04/01/2024 20:41:41,1,4,0,-127,401677700.1,151.91936,-23.23213,151.91936,-23.23213,58,3,234,778,70,91,457,40,14,128,238,238,238,238,14,238,238,238,238,238,238,14,149,14,128,0,0,0,0,0,0,0,0,255,0,0,0,172,
"",252320,7495,-23.23213,151.91936,3,04/01/2024 20:44:23,Argos,0,331,SR,,401677700.1,04/01/2024 20:43:08,1,4,0,-127,401677700.1,151.91936,-23.23213,151.91936,-23.23213,58,3,234,778,70,91,457,40,14,160,238,238,238,238,238,238,239,109,89,143,177,92,155,179,162,69,221,156,78,129,186,55,0,247,139,229,168,57,
"",252320,7495,-23.23213,151.91936,3,04/01/2024 20:44:23,Argos,0,331,SR,,401677700.1,04/01/2024 20:45:34,1,4,0,-127,401677700.1,151.91936,-23.23213,151.91936,-23.23213,58,3,234,778,70,91,457,40,15,224,238,238,238,238,238,238,238,224,14,238,238,238,224,15,224,0,0,0,0,0,0,0,30,255,0,0,0,44,
"",252320,7495,-23.23213,151.91936,3,04/01/2024 20:44:23,Argos,0,331,SR,,401677700.1,04/01/2024 20:47:12,1,4,0,-127,401677700.1,151.91936,-23.23213,151.91936,-23.23213,58,3,234,778,70,91,457,42,170,170,152,170,182,120,142,172,194,40,170,10,255,25,87,84,253,143,106,178,189,197,223,254,253,170,170,170,170,170,
"",252320,7495,-23.27877,152.05629,A,04/02/2024 11:14:55,Argos,0,0,MC,,401677689.3,04/02/2024 11:14:56,1,1,1,-119,401677689.3,152.05629,-23.27877,152.05629,-23.27877,0,3,334,3319,33,94,934,40,15,128,238,238,239,83,227,138,85,240,55,126,27,89,141,222,79,134,157,216,222,181,168,87,55,171,246,163,45,30,
"",252320,7495,-23.27877,152.05629,A,04/02/2024 11:14:55,Argos,0,0,MC,,401677689.3,04/02/2024 11:18:23,1,1,1,-119,401677689.3,152.05629,-23.27877,152.05629,-23.27877,0,3,334,3319,33,94,934,40,15,192,238,239,103,85,43,20,85,72,84,130,231,34,227,225,199,222,51,50,157,5,225,245,97,193,192,195,19,47,
"",252320,7495,-23.27877,152.05629,A,04/02/2024 11:14:55,Argos,0,0,MC,,401677689.3,04/02/2024 11:20:07,1,1,1,-119,401677689.3,152.05629,-23.27877,152.05629,-23.27877,0,3,334,3319,33,94,934,40,15,224,238,238,238,238,238,238,238,224,14,238,238,238,224,15,224,0,0,0,0,0,0,0,30,255,0,0,0,44,
"",252320,7495,-23.26851,152.02017,B,04/02/2024 12:18:47,Argos,0,0,NN,,401677696.77,04/02/2024 12:18:47,1,1,0,-133,401677696.77,152.02017,-23.26851,152.02017,-23.26851,8,3,791,3691,169,11,2233,40,15,64,238,238,238,238,238,238,14,238,131,56,181,96,246,12,247,237,64,133,168,206,73,100,169,121,38,36,50,150,
"",252320,7495,-23.26851,152.02017,B,04/02/2024 12:18:47,Argos,0,0,NN,,401677696.77,04/02/2024 12:29:05,1,1,0,-133,401677696.77,152.02017,-23.26851,152.02017,-23.26851,8,3,791,3691,169,11,2233,40,15,96,238,238,238,238,238,238,238,238,238,238,238,238,39,15,96,0,0,0,0,0,0,0,1,223,0,1,0,223,
"",252320,7495,-23.29567,152.00422,B,04/02/2024 17:43:49,Argos,0,0,CS,,401677724.76,04/02/2024 17:43:50,1,1,0,-133,401677724.76,152.00422,-23.29567,152.00423,-23.29567,8,3,2152,3242,1428,103,6086,40,15,160,238,238,238,224,238,238,238,238,238,0,238,238,31,15,160,0,0,0,0,0,0,0,178,255,0,0,0,178,
"",252320,7495,-23.29433,151.95585,B,04/03/2024 12:07:34,Argos,0,0,NN,,401677700.36,04/03/2024 12:07:34,1,1,0,-133,401677700.36,151.95585,-23.29433,151.95586,-23.29433,0,3,4558,6329,3282,117,12894,40,16,64,238,238,238,238,224,224,238,238,224,14,238,238,245,16,64,0,0,0,0,0,0,0,0,255,0,0,0,177,
"",252320,7495,,,,,,,0,MB,,401650000,04/05/2024 11:05:44,1,1,0,-131,401650000,,,,,,,,,,,,27,143,28,,,,,,,,,,,,,,,,,,,,,,,,,,,,,
"",252320,7495,-23.24713,151.81043,B,04/05/2024 11:43:29,Argos,0,41,NN,,401677685.85,04/05/2024 11:43:08,1,2,0,-133,401677685.85,151.81043,-23.24713,,,0,3,5000,43010,581,93,14144,40,16,128,238,238,238,238,238,238,238,14,238,238,238,238,26,16,128,0,0,0,0,0,0,0,0,255,0,0,0,187,
"",252320,7495,-23.24713,151.81043,B,04/05/2024 11:43:29,Argos,0,41,NN,,401677685.85,04/05/2024 11:43:50,1,2,0,-133,401677685.85,151.81043,-23.24713,,,0,3,5000,43010,581,93,14144,40,16,96,238,238,238,238,238,0,224,238,238,238,238,238,36,16,96,0,0,0,51,1,138,210,97,33,42,224,211,85,
"",252320,7495,,,,,,,0,NP,,401650000,04/08/2024 09:45:40,1,1,0,-136,401650000,,,,,,,,,,,,40,16,192,238,238,238,238,30,231,99,176,127,80,3,168,98,127,206,4,212,123,86,44,18,162,198,55,115,186,12,232,
"",252320,7495,,,,,,,0,MC,,401650000,04/08/2024 10:55:57,1,1,0,-130,401650000,,,,,,,,,,,,40,16,224,238,230,24,242,237,238,227,103,119,113,245,66,230,115,201,226,251,37,208,50,194,211,236,137,192,191,245,221,
"",252320,7495,-23.29053,151.70883,0,04/09/2024 12:54:31,Argos,0,84,NP,,401677671.62,04/09/2024 12:53:51,1,4,0,-132,401677671.62,151.70883,-23.29053,151.70883,-23.29053,50,3,4667,27959,779,155,5932,40,16,128,238,238,238,238,238,238,238,14,238,238,238,238,26,16,128,0,0,0,0,0,0,0,0,255,0,0,0,187,
"",252320,7495,-23.29053,151.70883,0,04/09/2024 12:54:31,Argos,0,84,NP,,401677671.62,04/09/2024 12:54:14,1,4,0,-132,401677671.62,151.70883,-23.29053,151.70883,-23.29053,50,3,4667,27959,779,155,5932,40,16,96,238,238,238,238,238,0,224,238,238,238,238,238,36,16,96,0,0,0,0,0,0,0,0,255,0,0,0,79,
"",252320,7495,-23.29053,151.70883,0,04/09/2024 12:54:31,Argos,0,84,NP,,401677671.62,04/09/2024 12:54:45,1,4,0,-132,401677671.62,151.70883,-23.29053,151.70883,-23.29053,50,3,4667,27959,779,155,5932,40,16,160,238,238,238,238,238,224,238,238,238,238,238,238,249,16,160,0,0,0,1,0,0,0,0,239,0,0,0,69,
"",252320,7495,-23.29053,151.70883,0,04/09/2024 12:54:31,Argos,0,84,NP,,401677671.62,04/09/2024 12:55:16,1,4,0,-132,401677671.62,151.70883,-23.29053,151.70883,-23.29053,50,3,4667,27959,779,155,5932,40,61,136,242,235,196,168,31,60,167,36,98,91,252,50,210,207,209,96,31,104,7,132,183,238,158,231,200,46,58,67,
"",252320,7495,-23.34739,151.76393,0,04/09/2024 19:52:08,Argos,0,245,SR,,401677699.31,04/09/2024 19:50:23,1,4,0,-129,401677699.31,151.76393,-23.34739,151.76393,-23.34739,58,3,2387,47912,118,78,1465,40,16,96,238,238,236,238,238,0,224,238,238,238,202,196,186,44,99,230,132,11,89,39,228,149,179,226,201,101,145,32,
"",252320,7495,-23.34739,151.76393,0,04/09/2024 19:52:08,Argos,0,245,SR,,401677699.31,04/09/2024 19:50:38,1,4,0,-129,401677699.31,151.76393,-23.34739,151.76393,-23.34739,58,3,2387,47912,118,78,1465,40,16,160,238,238,238,238,238,224,238,238,238,238,238,238,249,16,160,0,0,0,0,0,0,0,0,255,0,0,0,69,
"",252320,7495,-23.34739,151.76393,0,04/09/2024 19:52:08,Argos,0,245,SR,,401677699.31,04/09/2024 19:53:04,1,4,0,-129,401677699.31,151.76393,-23.34739,151.76393,-23.34739,58,3,2387,47912,118,78,1465,40,16,224,238,238,238,238,238,238,238,238,238,238,238,238,36,16,224,0,0,0,0,0,0,0,1,255,0,0,0,220,
"",252320,7495,-23.34739,151.76393,0,04/09/2024 19:52:08,Argos,0,245,SR,,401677699.31,04/09/2024 19:54:28,1,4,0,-129,401677699.31,151.76393,-23.34739,151.76393,-23.34739,58,3,2387,47912,118,78,1465,40,17,0,238,238,238,238,238,199,100,251,136,82,62,178,140,155,40,30,159,143,206,232,150,59,25,198,128,122,99,129,
"",252320,7495,-23.02332,151.91266,B,04/14/2024 06:41:51,Argos,0,14,SR,,401677730.84,04/14/2024 06:41:44,1,2,0,-138,401677730.84,151.91266,-23.02332,151.91266,-23.02332,0,2,24396,68137,8735,143,20020,40,17,160,238,238,238,238,238,238,238,238,238,238,238,238,58,17,160,0,2,0,0,0,66,32,247,94,243,134,127,88,
"",252320,7495,-23.02332,151.91266,B,04/14/2024 06:41:51,Argos,0,14,SR,,401677730.84,04/14/2024 06:41:59,1,2,0,-138,401677730.84,151.91266,-23.02332,151.91266,-23.02332,0,2,24396,68137,8735,143,20020,40,17,32,238,238,238,238,254,224,14,238,238,240,238,239,96,17,32,0,128,0,0,0,0,0,186,255,0,0,0,77,
"",252320,7495,-23.38531,152.01608,0,04/14/2024 06:42:29,Argos,0,61,CS,,401677697.91,04/14/2024 06:41:59,1,5,0,-130,401677697.91,152.01608,-23.38531,152.01608,-23.38531,46,3,18583,143187,2411,110,7449,40,17,32,238,238,238,238,238,224,14,238,238,224,238,238,96,17,32,0,0,0,0,0,0,0,186,255,0,0,0,77,
"",252320,7495,-23.38531,152.01608,0,04/14/2024 06:42:29,Argos,0,61,CS,,401677697.91,04/14/2024 06:42:15,1,5,0,-130,401677697.91,152.01608,-23.38531,152.01608,-23.38531,46,3,18583,143187,2411,110,7449,40,17,64,238,238,238,238,238,238,238,238,238,238,238,238,206,17,64,0,0,0,0,0,0,0,255,1,0,0,0,170,
"",252320,7495,-23.38531,152.01608,0,04/14/2024 06:42:29,Argos,0,61,CS,,401677697.91,04/14/2024 06:42:30,1,5,0,-130,401677697.91,152.01608,-23.38531,152.01608,-23.38531,46,3,18583,143187,2411,110,7449,40,17,96,238,238,238,238,238,238,238,238,238,238,238,238,48,17,96,0,0,0,0,0,0,0,255,0,0,0,0,66,
"",252320,7495,-23.38531,152.01608,0,04/14/2024 06:42:29,Argos,0,61,CS,,401677697.91,04/14/2024 06:42:45,1,5,0,-130,401677697.91,152.01608,-23.38531,152.01608,-23.38531,46,3,18583,143187,2411,110,7449,40,16,128,238,238,238,238,238,238,238,14,238,238,238,238,26,16,128,0,0,0,0,0,0,0,0,255,0,0,0,187,
"",252320,7495,-23.38531,152.01608,0,04/14/2024 06:42:29,Argos,0,61,CS,,401677697.91,04/14/2024 06:43:00,1,5,0,-130,401677697.91,152.01608,-23.38531,152.01608,-23.38531,46,3,18583,143187,2411,110,7449,41,16,108,230,175,239,179,7,253,209,203,228,71,110,145,252,25,157,129,252,3,224,63,7,225,224,3,159,7,131,172,
"",252320,7495,-23.27491,151.79852,1,04/15/2024 07:45:52,Argos,0,186,CS,,401677701.67,04/15/2024 07:44:18,1,11,0,-122,401677701.67,151.79852,-23.27491,151.79852,-23.27491,50,3,542,2172,135,59,318,40,17,192,238,238,238,14,238,238,238,238,238,238,238,238,28,17,192,0,0,0,0,0,0,0,255,0,0,0,0,77,
"",252320,7495,-23.28054,151.79178,3,04/15/2024 07:46:06,Argos,0,270,SR,,401677700.5,04/15/2024 07:44:18,1,12,0,-122,401677700.5,151.79178,-23.28054,151.79178,-23.28054,56,3,186,689,50,96,205,40,17,192,238,238,238,14,238,238,238,238,238,238,238,238,28,17,192,0,0,0,0,0,0,0,255,0,0,0,0,77,
"",252320,7495,-23.40344,152.04998,0,04/15/2024 07:45:16,Argos,0,134,A1,,401677699.42,04/15/2024 07:44:18,1,7,0,-131,401677699.42,152.04998,-23.40344,152.04997,-23.40344,50,3,8613,92063,805,108,12806,40,17,192,238,238,238,14,238,238,238,238,238,238,238,238,28,17,192,0,0,0,0,0,0,0,255,0,0,0,0,77,
"",252320,7495,-23.27491,151.79852,1,04/15/2024 07:45:52,Argos,0,186,CS,,401677701.67,04/15/2024 07:44:34,1,11,0,-122,401677701.67,151.79852,-23.27491,151.79852,-23.27491,50,3,542,2172,135,59,318,40,17,160,238,238,238,238,238,238,238,238,238,238,238,238,58,17,160,0,0,0,0,0,0,0,255,0,0,0,0,72,
"",252320,7495,-23.28054,151.79178,3,04/15/2024 07:46:06,Argos,0,270,SR,,401677700.5,04/15/2024 07:44:34,1,12,0,-122,401677700.5,151.79178,-23.28054,151.79178,-23.28054,56,3,186,689,50,96,205,40,17,160,238,238,238,238,238,238,238,238,238,238,238,238,58,17,160,0,0,0,0,0,0,0,255,0,0,0,0,72,
"",252320,7495,-23.40344,152.04998,0,04/15/2024 07:45:16,Argos,0,134,A1,,401677699.42,04/15/2024 07:44:34,1,7,0,-131,401677699.42,152.04998,-23.40344,152.04997,-23.40344,50,3,8613,92063,805,108,12806,40,17,160,238,238,238,238,238,238,238,238,238,238,238,238,58,17,160,0,0,0,0,0,0,0,255,0,0,0,0,72,
"",252320,7495,-23.27491,151.79852,1,04/15/2024 07:45:52,Argos,0,186,CS,,401677701.67,04/15/2024 07:44:55,1,11,0,-122,401677701.67,151.79852,-23.27491,151.79852,-23.27491,50,3,542,2172,135,59,318,40,17,32,238,238,238,238,238,224,14,238,238,224,238,238,96,17,32,0,0,0,0,0,0,0,186,255,0,0,0,77,
"",252320,7495,-23.28054,151.79178,3,04/15/2024 07:46:06,Argos,0,270,SR,,401677700.5,04/15/2024 07:44:55,1,12,0,-122,401677700.5,151.79178,-23.28054,151.79178,-23.28054,56,3,186,689,50,96,205,40,17,32,238,238,238,238,238,224,14,238,238,224,238,238,96,17,32,0,0,0,0,0,0,0,186,255,0,0,0,77,
"",252320,7495,-23.40344,152.04998,0,04/15/2024 07:45:16,Argos,0,134,A1,,401677699.42,04/15/2024 07:44:55,1,7,0,-131,401677699.42,152.04998,-23.40344,152.04997,-23.40344,50,3,8613,92063,805,108,12806,40,17,32,238,238,238,238,238,224,14,238,238,224,238,238,96,17,32,0,0,0,0,0,0,0,186,255,0,0,0,77,
"",252320,7495,-23.27491,151.79852,1,04/15/2024 07:45:52,Argos,0,186,CS,,401677701.67,04/15/2024 07:45:14,1,11,0,-122,401677701.67,151.79852,-23.27491,151.79852,-23.27491,50,3,542,2172,135,59,318,40,17,64,238,238,238,238,238,238,238,238,238,238,238,238,206,17,64,40,48,41,221,242,249,124,254,203,158,7,117,128,
"",252320,7495,-23.28054,151.79178,3,04/15/2024 07:46:06,Argos,0,270,SR,,401677700.5,04/15/2024 07:45:14,1,12,0,-122,401677700.5,151.79178,-23.28054,151.79178,-23.28054,56,3,186,689,50,96,205,40,17,64,238,238,238,238,238,238,238,238,238,238,238,238,206,17,72,92,77,44,13,126,248,248,22,104,152,200,207,100,
"",252320,7495,-23.40344,152.04998,0,04/15/2024 07:45:16,Argos,0,134,A1,,401677699.42,04/15/2024 07:45:14,1,7,0,-131,401677699.42,152.04998,-23.40344,152.04997,-23.40344,50,3,8613,92063,805,108,12806,40,17,64,238,238,238,238,238,238,238,238,238,238,238,238,206,17,121,148,103,206,54,119,106,57,200,35,54,238,91,230,
"",252320,7495,-23.27491,151.79852,1,04/15/2024 07:45:52,Argos,0,186,CS,,401677701.67,04/15/2024 07:45:29,1,11,0,-122,401677701.67,151.79852,-23.27491,151.79852,-23.27491,50,3,542,2172,135,59,318,40,17,96,238,238,238,238,238,238,238,238,238,238,238,238,48,17,96,0,0,0,0,0,0,0,255,0,0,0,0,66,
"",252320,7495,-23.28054,151.79178,3,04/15/2024 07:46:06,Argos,0,270,SR,,401677700.5,04/15/2024 07:45:29,1,12,0,-122,401677700.5,151.79178,-23.28054,151.79178,-23.28054,56,3,186,689,50,96,205,40,17,96,238,238,238,238,238,238,238,238,238,238,238,238,48,17,96,0,0,0,0,0,0,0,255,0,0,0,0,66,
"",252320,7495,-23.40344,152.04998,0,04/15/2024 07:45:16,Argos,0,134,A1,,401677699.42,04/15/2024 07:45:29,1,7,0,-131,401677699.42,152.04998,-23.40344,152.04997,-23.40344,50,3,8613,92063,805,108,12806,40,17,96,238,238,238,238,238,238,238,238,238,238,238,238,48,17,96,0,0,0,0,0,0,0,255,0,0,0,0,66,
"",252320,7495,-23.27491,151.79852,1,04/15/2024 07:45:52,Argos,0,186,CS,,401677701.67,04/15/2024 07:45:53,1,11,0,-122,401677701.67,151.79852,-23.27491,151.79852,-23.27491,50,3,542,2172,135,59,318,40,16,128,238,238,238,238,238,238,238,14,238,238,238,238,26,16,128,0,0,0,0,0,0,0,0,255,0,0,0,187,
"",252320,7495,-23.28054,151.79178,3,04/15/2024 07:46:06,Argos,0,270,SR,,401677700.5,04/15/2024 07:45:53,1,12,0,-122,401677700.5,151.79178,-23.28054,151.79178,-23.28054,56,3,186,689,50,96,205,40,16,128,238,238,238,238,238,238,238,14,238,238,238,238,26,16,128,0,0,0,0,0,0,0,0,255,0,0,0,187,
"",252320,7495,-23.40344,152.04998,0,04/15/2024 07:45:16,Argos,0,134,A1,,401677699.42,04/15/2024 07:45:53,1,7,0,-131,401677699.42,152.04998,-23.40344,152.04997,-23.40344,50,3,8613,92063,805,108,12806,40,18,128,206,254,238,238,254,238,238,30,238,110,236,238,26,24,128,0,192,0,16,4,0,0,0,255,0,0,0,187,
"",252320,7495,-23.27491,151.79852,1,04/15/2024 07:45:52,Argos,0,186,CS,,401677701.67,04/15/2024 07:46:17,1,11,0,-122,401677701.67,151.79852,-23.27491,151.79852,-23.27491,50,3,542,2172,135,59,318,40,16,160,238,238,238,238,238,224,238,238,238,238,238,238,249,16,160,0,0,0,0,0,0,0,0,255,0,0,0,69,
"",252320,7495,-23.28054,151.79178,3,04/15/2024 07:46:06,Argos,0,270,SR,,401677700.5,04/15/2024 07:46:17,1,12,0,-122,401677700.5,151.79178,-23.28054,151.79178,-23.28054,56,3,186,689,50,96,205,40,16,160,238,238,238,238,238,224,238,238,238,238,238,238,249,16,160,0,0,0,0,0,0,0,0,255,0,0,0,69,
"",252320,7495,-23.27491,151.79852,1,04/15/2024 07:45:52,Argos,0,186,CS,,401677701.67,04/15/2024 07:46:32,1,11,0,-122,401677701.67,151.79852,-23.27491,151.79852,-23.27491,50,3,542,2172,135,59,318,40,17,128,238,238,238,238,224,238,238,238,238,14,236,226,234,211,228,129,77,47,250,24,30,184,50,200,72,218,126,4,
"",252320,7495,-23.28054,151.79178,3,04/15/2024 07:46:06,Argos,0,270,SR,,401677700.5,04/15/2024 07:46:32,1,12,0,-122,401677700.5,151.79178,-23.28054,151.79178,-23.28054,56,3,186,689,50,96,205,40,17,128,238,238,238,238,224,238,238,238,230,30,15,97,126,38,30,240,175,79,115,127,255,118,192,76,137,149,40,5,
"",252320,7495,-23.40344,152.04998,0,04/15/2024 07:45:16,Argos,0,134,A1,,401677699.42,04/15/2024 07:46:32,1,7,0,-131,401677699.42,152.04998,-23.40344,152.04997,-23.40344,50,3,8613,92063,805,108,12806,40,17,128,238,238,238,236,98,238,239,238,251,189,131,249,63,92,182,131,254,28,150,238,11,120,3,44,88,236,128,52,
"",252320,7495,-23.27491,151.79852,1,04/15/2024 07:45:52,Argos,0,186,CS,,401677701.67,04/15/2024 07:46:51,1,11,0,-122,401677701.67,151.79852,-23.27491,151.79852,-23.27491,50,3,542,2172,135,59,318,40,16,192,238,238,238,238,238,238,238,238,238,224,238,238,246,16,192,0,0,0,0,0,0,0,0,255,0,0,0,64,
"",252320,7495,-23.28054,151.79178,3,04/15/2024 07:46:06,Argos,0,270,SR,,401677700.5,04/15/2024 07:46:51,1,12,0,-122,401677700.5,151.79178,-23.28054,151.79178,-23.28054,56,3,186,689,50,96,205,40,16,192,238,238,238,238,238,238,238,238,238,224,238,238,246,16,192,0,0,0,0,0,0,0,0,255,0,0,0,64,
"",252320,7495,-23.27491,151.79852,1,04/15/2024 07:45:52,Argos,0,186,CS,,401677701.67,04/15/2024 07:47:08,1,11,0,-122,401677701.67,151.79852,-23.27491,151.79852,-23.27491,50,3,542,2172,135,59,318,84,112,165,253,248,3,209,187,128,31,191,160,14,153,23,0,4,16,68,62,200,132,209,,,,,,,,,
"",252320,7495,-23.28054,151.79178,3,04/15/2024 07:46:06,Argos,0,270,SR,,401677700.5,04/15/2024 07:47:08,1,12,0,-122,401677700.5,151.79178,-23.28054,151.79178,-23.28054,56,3,186,689,50,96,205,84,112,165,253,232,146,116,224,235,104,16,247,4,110,211,214,155,174,177,231,108,145,200,,,,,,,,,
"",252320,7495,-23.27491,151.79852,1,04/15/2024 07:45:52,Argos,0,186,CS,,401677701.67,04/15/2024 07:47:24,1,11,0,-122,401677701.67,151.79852,-23.27491,151.79852,-23.27491,50,3,542,2172,135,59,318,40,16,224,238,238,238,238,238,238,238,238,238,238,238,238,36,16,224,0,0,0,0,0,0,0,1,255,0,0,0,220,
"",252320,7495,-23.28054,151.79178,3,04/15/2024 07:46:06,Argos,0,270,SR,,401677700.5,04/15/2024 07:47:24,1,12,0,-122,401677700.5,151.79178,-23.28054,151.79178,-23.28054,56,3,186,689,50,96,205,40,16,224,238,238,238,238,238,238,238,238,238,238,238,238,36,16,224,0,0,0,0,0,0,0,1,255,0,0,0,220,
"",252320,7495,-23.28054,151.79178,3,04/15/2024 07:46:06,Argos,0,270,SR,,401677700.5,04/15/2024 07:48:48,1,12,0,-122,401677700.5,151.79178,-23.28054,151.79178,-23.28054,56,3,186,689,50,96,205,27,143,28,,,,,,,,,,,,,,,,,,,,,,,,,,,,,
"",252320,7495,-23.28178,151.78582,B,04/15/2024 13:44:34,Argos,0,0,O3,,401677698.24,04/15/2024 13:44:34,1,1,0,-140,401677698.24,151.78582,-23.28178,151.78581,-23.28178,8,3,4889,9282,2574,62,5922,40,17,32,238,238,238,238,238,224,14,238,238,224,238,238,96,17,32,0,0,0,0,0,2,0,136,252,32,192,205,39,
"",252320,7495,-23.28127,151.78587,B,04/15/2024 15:19:08,Argos,0,0,O3,,401677701.9,04/15/2024 15:19:09,1,1,0,-135,401677701.9,151.78587,-23.28127,151.78587,-23.28127,8,3,5497,8517,3548,64,6984,40,16,224,238,238,238,238,238,238,238,238,238,238,238,238,36,16,224,0,0,0,0,0,0,0,1,255,0,0,0,220,
"",252320,7495,,,,,,,0,NP,,401650000,04/17/2024 22:40:17,1,1,0,-138,401650000,,,,,,,,,,,,40,19,241,220,3,29,25,175,214,62,208,145,159,161,3,201,195,230,132,50,230,245,26,250,88,117,62,227,63,1,192,
"",252320,7495,,,,,,,0,SR,,401650000,04/20/2024 08:22:27,1,1,0,-133,401650000,,,,,,,,,,,,40,18,96,14,238,238,238,238,238,238,238,238,238,238,238,230,18,96,0,0,0,0,0,0,0,255,0,0,1,75,16,
"",252320,7495,,,,,,,0,CS,,401650000,04/23/2024 19:54:40,1,1,0,-132,401650000,,,,,,,,,,,,40,18,196,227,63,78,241,27,35,80,0,220,103,107,59,50,249,167,214,60,35,191,128,249,173,26,97,192,187,249,125,
"",252320,7495,,,,,,,0,NP,,401650000,04/25/2024 20:55:41,1,1,0,-139,401650000,,,,,,,,,,,,40,18,96,,,,,,,,,,,,,,,,,,,,,,,,,,,,,
"",252320,7495,,,,,,,0,NK,,401650000,04/25/2024 21:15:49,1,1,0,-133,401650000,,,,,,,,,,,,40,18,0,238,238,238,238,238,238,14,238,238,238,238,238,188,18,0,0,0,0,0,0,0,0,255,0,0,0,0,111,
"",252320,7495,-23.15924,151.89801,A,04/26/2024 17:52:45,Argos,0,262,CS,,401677694.14,04/26/2024 17:49:58,1,3,0,-130,401677694.14,151.89801,-23.15924,151.89801,-23.15924,0,3,532,7349,38,115,1499,40,18,64,238,238,238,238,238,238,238,238,238,238,238,238,230,18,64,64,0,0,2,0,0,4,255,0,0,0,0,148,
"",252320,7495,-23.15924,151.89801,A,04/26/2024 17:52:45,Argos,0,262,CS,,401677694.14,04/26/2024 17:53:58,1,3,0,-130,401677694.14,151.89801,-23.15924,151.89801,-23.15924,0,3,532,7349,38,115,1499,40,18,96,14,238,238,238,238,238,238,238,238,238,238,238,230,18,96,0,0,0,0,0,0,0,255,0,0,0,0,104,
"",252320,7495,-23.15924,151.89801,A,04/26/2024 17:52:45,Argos,0,262,CS,,401677694.14,04/26/2024 17:54:20,1,3,0,-130,401677694.14,151.89801,-23.15924,151.89801,-23.15924,0,3,532,7349,38,115,1499,40,18,128,238,238,238,238,238,238,238,238,238,238,238,238,236,18,128,0,0,0,0,0,0,0,255,0,0,0,0,158,
"",252320,7495,-23.22561,151.91996,B,04/27/2024 12:40:32,Argos,0,0,MC,,401677683.76,04/27/2024 12:40:32,1,1,0,-125,401677683.76,151.91996,-23.22561,151.91995,-23.22561,0,3,2628,12248,564,69,7434,40,17,192,238,238,238,14,238,238,238,238,238,238,238,238,28,17,200,39,222,114,20,11,128,210,48,204,242,70,88,247,
"",252320,7495,-23.22682,151.91613,B,04/27/2024 12:40:32,Argos,0,0,NP,,401677690.5,04/27/2024 12:40:32,1,1,0,-139,401677690.5,151.91613,-23.22682,151.91612,-23.22682,0,3,2630,12338,560,69,7438,40,17,192,238,238,238,14,238,238,238,238,238,238,238,238,28,16,208,145,59,13,82,3,201,114,121,185,101,249,240,194,
"",252320,7495,-23.22561,151.91996,B,04/27/2024 12:40:32,Argos,0,0,MC,,401677683.76,04/27/2024 12:41:05,1,1,0,-125,401677683.76,151.91996,-23.22561,151.91995,-23.22561,0,3,2628,12248,564,69,7434,40,19,64,238,238,238,14,238,14,238,238,224,238,238,238,138,19,64,0,0,0,0,0,0,0,255,0,0,0,0,113,
"",252320,7495,,,,,,,0,NP,,401650000,04/29/2024 10:25:53,1,1,0,-135,401650000,,,,,,,,,,,,40,19,128,238,238,238,238,238,238,238,238,238,230,196,250,199,155,220,234,224,207,143,227,84,46,124,235,110,242,202,183,
"",252320,7495,-23.28042,151.79432,1,04/30/2024 00:47:34,Argos,0,105,NN,,401677701.01,04/30/2024 00:46:38,1,6,0,-124,401677701.01,151.79432,-23.28042,151.79433,-23.28042,50,3,785,1789,344,157,710,40,19,160,238,238,238,238,238,238,238,238,238,238,238,238,247,19,160,0,0,0,0,0,0,0,255,0,0,0,0,133,
"",252320,7495,-23.28093,151.79463,B,04/30/2024 00:47:47,Argos,0,70,MC,,401677704.43,04/30/2024 00:47:12,1,2,0,-128,401677704.43,151.79463,-23.28093,151.79463,-23.28093,6,3,602,1180,306,158,694,40,18,64,238,238,238,238,238,238,238,238,238,238,238,238,230,18,64,0,0,0,0,0,0,0,255,0,0,0,0,212,
"",252320,7495,-23.28042,151.79432,1,04/30/2024 00:47:34,Argos,0,105,NN,,401677701.01,04/30/2024 00:47:12,1,6,0,-124,401677701.01,151.79432,-23.28042,151.79433,-23.28042,50,3,785,1789,344,157,710,40,18,64,238,238,238,238,238,238,238,238,238,238,238,238,230,18,64,0,0,0,0,0,0,0,255,0,0,0,0,148,
"",252320,7495,-23.28042,151.79432,1,04/30/2024 00:47:34,Argos,0,105,NN,,401677701.01,04/30/2024 00:47:28,1,6,0,-124,401677701.01,151.79432,-23.28042,151.79433,-23.28042,50,3,785,1789,344,157,710,40,18,96,14,238,238,238,238,238,238,238,238,238,238,238,230,18,96,0,0,0,0,0,0,0,255,0,0,0,0,106,
"",252320,7495,-23.28042,151.79432,1,04/30/2024 00:47:34,Argos,0,105,NN,,401677701.01,04/30/2024 00:47:43,1,6,0,-124,401677701.01,151.79432,-23.28042,151.79433,-23.28042,50,3,785,1789,344,157,710,40,18,128,238,238,238,238,238,238,238,238,238,238,238,238,236,18,128,0,0,0,0,0,0,0,255,0,0,0,0,158,
"",252320,7495,-23.28042,151.79432,1,04/30/2024 00:47:34,Argos,0,105,NN,,401677701.01,04/30/2024 00:48:01,1,6,0,-124,401677701.01,151.79432,-23.28042,151.79433,-23.28042,50,3,785,1789,344,157,710,40,18,0,238,238,238,238,238,238,14,238,238,238,238,238,188,18,0,0,0,0,0,4,165,242,3,55,13,117,202,105,
"",252320,7495,-23.28093,151.79463,B,04/30/2024 00:47:47,Argos,0,70,MC,,401677704.43,04/30/2024 00:48:23,1,2,0,-128,401677704.43,151.79463,-23.28093,151.79463,-23.28093,6,3,602,1180,306,158,694,40,19,32,238,238,238,238,238,238,238,238,238,238,0,238,147,19,32,0,0,0,0,0,0,0,255,0,0,0,0,116,
"",252320,7495,-23.28042,151.79432,1,04/30/2024 00:47:34,Argos,0,105,NN,,401677701.01,04/30/2024 00:48:23,1,6,0,-124,401677701.01,151.79432,-23.28042,151.79433,-23.28042,50,3,785,1789,344,157,710,40,19,32,238,238,238,238,238,238,238,238,238,238,0,238,147,19,32,0,0,0,0,0,0,0,255,0,0,0,0,116,
"",252320,7495,-23.2695,151.85966,1,05/02/2024 06:05:11,Argos,0,392,CS,,401677708.89,05/02/2024 06:01:53,1,8,0,-133,401677708.89,151.85966,-23.2695,151.85966,-23.2695,50,3,604,1519,239,8,472,40,19,0,238,238,238,239,57,46,102,102,247,104,162,67,38,94,151,185,16,190,134,231,62,90,127,28,255,61,184,16,
"",252320,7495,-23.2695,151.85966,1,05/02/2024 06:05:11,Argos,0,392,CS,,401677708.89,05/02/2024 06:02:10,1,8,0,-133,401677708.89,151.85966,-23.2695,151.85966,-23.2695,50,3,604,1519,239,8,472,40,18,32,238,238,238,238,238,238,238,238,238,238,238,14,77,18,32,0,0,0,0,0,0,0,139,128,19,243,178,204,
"",252320,7495,-23.2695,151.85966,1,05/02/2024 06:05:11,Argos,0,392,CS,,401677708.89,05/02/2024 06:02:25,1,8,0,-133,401677708.89,151.85966,-23.2695,151.85966,-23.2695,50,3,604,1519,239,8,472,40,19,128,238,238,238,238,238,238,238,238,238,238,238,238,9,19,128,0,0,0,0,0,0,4,240,183,92,71,131,110,
"",252320,7495,-23.2695,151.85966,1,05/02/2024 06:05:11,Argos,0,392,CS,,401677708.89,05/02/2024 06:06:01,1,8,0,-133,401677708.89,151.85966,-23.2695,151.85966,-23.2695,50,3,604,1519,239,8,472,40,18,64,238,254,137,119,61,179,176,6,54,26,242,219,19,104,78,150,16,241,172,153,179,148,116,104,165,16,142,187,
"",252320,7495,-23.2695,151.85966,1,05/02/2024 06:05:11,Argos,0,392,CS,,401677708.89,05/02/2024 06:06:22,1,8,0,-133,401677708.89,151.85966,-23.2695,151.85966,-23.2695,50,3,604,1519,239,8,472,40,18,96,14,238,238,238,238,238,238,238,238,238,238,238,230,18,96,0,0,0,0,0,0,0,255,0,0,0,0,106,
"",252320,7495,-23.2695,151.85966,1,05/02/2024 06:05:11,Argos,0,392,CS,,401677708.89,05/02/2024 06:06:58,1,8,0,-133,401677708.89,151.85966,-23.2695,151.85966,-23.2695,50,3,604,1519,239,8,472,40,18,128,238,238,238,238,238,238,238,238,202,163,195,15,151,221,12,246,151,244,121,113,168,187,164,122,63,7,21,235,
"",252320,7495,-23.2695,151.85966,1,05/02/2024 06:05:11,Argos,0,392,CS,,401677708.89,05/02/2024 06:07:15,1,8,0,-133,401677708.89,151.85966,-23.2695,151.85966,-23.2695,50,3,604,1519,239,8,472,40,18,0,238,238,238,238,238,238,14,238,238,238,238,238,188,18,0,0,0,0,0,0,0,0,255,0,0,0,0,111,
"",252320,7495,-23.2695,151.85966,1,05/02/2024 06:05:11,Argos,0,392,CS,,401677708.89,05/02/2024 06:08:25,1,8,0,-133,401677708.89,151.85966,-23.2695,151.85966,-23.2695,50,3,604,1519,239,8,472,40,19,32,238,238,238,238,238,238,238,238,238,238,0,238,147,19,32,0,0,0,0,0,0,0,255,0,0,0,0,116,
"",252320,7495,-23.26935,151.85937,B,05/02/2024 11:37:38,Argos,0,0,NP,,401677713.56,05/02/2024 11:37:39,1,1,0,-127,401677713.56,151.85937,-23.26935,151.85938,-23.26935,8,3,7928,9242,6800,98,6809,40,19,64,238,238,238,14,238,14,238,238,224,238,238,238,138,19,64,0,0,0,0,0,0,0,255,0,0,0,0,113,
"",252320,7495,-23.24952,151.85439,B,05/02/2024 11:42:57,Argos,0,0,MB,,401677715.32,05/02/2024 11:42:57,1,1,0,-134,401677715.32,151.85439,-23.24952,151.85439,-23.24952,6,3,4956,255337,96,78,4915,40,18,160,238,238,238,238,238,238,224,238,224,238,238,238,111,55,171,156,60,183,188,193,251,107,203,36,54,147,222,165,
"",252320,7495,-23.24952,151.85439,B,05/02/2024 11:42:57,Argos,0,0,MB,,401677715.32,05/02/2024 11:47:02,1,1,0,-134,401677715.32,151.85439,-23.24952,151.85439,-23.24952,6,3,4956,255337,96,78,4915,40,19,192,14,238,238,238,14,238,0,238,238,238,238,14,183,19,192,0,0,0,2,6,36,11,253,19,247,5,117,150,
"",252320,7495,-23.22668,151.9406,1,05/02/2024 12:49:12,Argos,0,487,NN,,401677702.36,05/02/2024 12:46:51,1,7,0,-121,401677702.36,151.9406,-23.22668,151.9406,-23.22668,48,3,1302,11863,142,79,581,80,208,6,,,,,,,,,,,,,,,,,,,,,,,,,,,,,
"",252320,7495,-23.22668,151.9406,1,05/02/2024 12:49:12,Argos,0,487,NN,,401677702.36,05/02/2024 12:47:08,1,7,0,-121,401677702.36,151.9406,-23.22668,151.9406,-23.22668,48,3,1302,11863,142,79,581,101,161,64,,,,,,,,,,,,,,,,,,,,,,,,,,,,,
"",252320,7495,-23.22668,151.9406,1,05/02/2024 12:49:12,Argos,0,487,NN,,401677702.36,05/02/2024 12:48:50,1,7,0,-121,401677702.36,151.9406,-23.22668,151.9406,-23.22668,48,3,1302,11863,142,79,581,27,143,28,,,,,,,,,,,,,,,,,,,,,,,,,,,,,
"",252320,7495,-23.22668,151.9406,1,05/02/2024 12:49:12,Argos,0,487,NN,,401677702.36,05/02/2024 12:51:09,1,7,0,-121,401677702.36,151.9406,-23.22668,151.9406,-23.22668,48,3,1302,11863,142,79,581,66,48,165,253,232,146,112,174,49,51,131,77,20,13,170,250,105,111,26,209,224,141,128,,,,,,,,,
"",252320,7495,-23.22668,151.9406,1,05/02/2024 12:49:12,Argos,0,487,NN,,401677702.36,05/02/2024 12:52:07,1,7,0,-121,401677702.36,151.9406,-23.22668,151.9406,-23.22668,48,3,1302,11863,142,79,581,94,214,6,,,,,,,,,,,,,,,,,,,,,,,,,,,,,
"",252320,7495,-23.22668,151.9406,1,05/02/2024 12:49:12,Argos,0,487,NN,,401677702.36,05/02/2024 12:53:46,1,7,0,-121,401677702.36,151.9406,-23.22668,151.9406,-23.22668,48,3,1302,11863,142,79,581,40,19,96,238,238,224,14,238,238,14,238,238,238,238,238,65,19,96,0,0,0,0,0,0,9,233,140,47,69,35,86,
"",252320,7495,-23.22668,151.9406,1,05/02/2024 12:49:12,Argos,0,487,NN,,401677702.36,05/02/2024 12:54:58,1,7,0,-121,401677702.36,151.9406,-23.22668,151.9406,-23.22668,48,3,1302,11863,142,79,581,110,132,0,,,,,,,,,,,,,,,,,,,,,,,,,,,,,
"",252320,7495,-23.22052,151.96482,B,05/02/2024 13:51:39,Argos,0,0,O3,,401677703.41,05/02/2024 13:51:39,1,1,0,-136,401677703.41,151.96482,-23.22052,151.96481,-23.22052,8,2,6238,7005,5555,86,3114,40,18,64,238,238,238,238,238,238,238,238,238,238,238,238,230,18,64,0,0,0,0,0,0,0,255,0,0,0,0,148,
"",252320,7495,-23.25722,151.8356,3,05/03/2024 07:03:16,Argos,0,358,CS,,401677703.88,05/03/2024 07:00:12,1,13,0,-126,401677703.88,151.8356,-23.25722,151.8356,-23.25722,50,3,178,379,83,72,135,40,20,32,238,238,238,238,238,238,238,238,238,238,238,238,179,20,32,0,5,32,11,200,115,53,220,84,163,183,14,238,
"",252320,7495,-23.25722,151.8356,3,05/03/2024 07:03:16,Argos,0,358,CS,,401677703.88,05/03/2024 07:00:32,1,13,0,-126,401677703.88,151.8356,-23.25722,151.8356,-23.25722,50,3,178,379,83,72,135,40,18,224,238,238,238,238,238,238,238,238,238,14,238,238,39,18,224,0,0,0,0,0,0,0,255,0,53,237,68,35,
"",252320,7495,-23.25722,151.8356,3,05/03/2024 07:03:16,Argos,0,358,CS,,401677703.88,05/03/2024 07:00:53,1,13,0,-126,401677703.88,151.8356,-23.25722,151.8356,-23.25722,50,3,178,379,83,72,135,40,19,0,238,238,238,238,238,238,254,224,252,198,90,205,177,113,19,220,183,92,240,54,60,159,7,7,192,0,0,69,
"",252320,7495,-23.25722,151.8356,3,05/03/2024 07:03:16,Argos,0,358,CS,,401677703.88,05/03/2024 07:01:11,1,13,0,-126,401677703.88,151.8356,-23.25722,151.8356,-23.25722,50,3,178,379,83,72,135,75,112,165,253,232,146,112,174,49,156,100,88,214,13,221,10,85,90,23,209,176,255,128,,,,,,,,,
"",252320,7495,-23.25722,151.8356,3,05/03/2024 07:03:16,Argos,0,358,CS,,401677703.88,05/03/2024 07:01:28,1,13,0,-126,401677703.88,151.8356,-23.25722,151.8356,-23.25722,50,3,178,379,83,72,135,40,19,128,238,238,238,238,238,238,238,238,238,238,238,238,9,19,128,0,0,0,0,0,0,4,255,0,0,0,6,221,
"",252320,7495,-23.25722,151.8356,3,05/03/2024 07:03:16,Argos,0,358,CS,,401677703.88,05/03/2024 07:03:03,1,13,0,-126,401677703.88,151.8356,-23.25722,151.8356,-23.25722,50,3,178,379,83,72,135,73,29,5,,,,,,,,,,,,,,,,,,,,,,,,,,,,,
"",252320,7495,-23.25722,151.8356,3,05/03/2024 07:03:16,Argos,0,358,CS,,401677703.88,05/03/2024 07:04:56,1,13,0,-126,401677703.88,151.8356,-23.25722,151.8356,-23.25722,50,3,178,379,83,72,135,76,28,5,,,,,,,,,,,,,,,,,,,,,,,,,,,,,
"",252320,7495,-23.25722,151.8356,3,05/03/2024 07:03:16,Argos,0,358,CS,,401677703.88,05/03/2024 07:05:38,2,13,0,-126,401677703.88,151.8356,-23.25722,151.8356,-23.25722,50,3,178,379,83,72,135,107,133,0,,,,,,,,,,,,,,,,,,,,,,,,,,,,,
"",252320,7495,-23.25722,151.8356,3,05/03/2024 07:03:16,Argos,0,358,CS,,401677703.88,05/03/2024 07:05:55,2,13,0,-126,401677703.88,151.8356,-23.25722,151.8356,-23.25722,50,3,178,379,83,72,135,15,1,16,,,,,,,,,,,,,,,,,,,,,,,,,,,,,
"",252320,7495,-23.25722,151.8356,3,05/03/2024 07:03:16,Argos,0,358,CS,,401677703.88,05/03/2024 07:06:10,2,13,0,-126,401677703.88,151.8356,-23.25722,151.8356,-23.25722,50,3,178,379,83,72,135,27,143,28,,,,,,,,,,,,,,,,,,,,,,,,,,,,,
"",252320,7495,-23.24682,151.87273,B,05/03/2024 09:43:56,Argos,0,0,NP,,401677705.98,05/03/2024 09:43:56,1,1,0,-136,401677705.98,151.87273,-23.24682,151.87273,-23.24682,8,3,5670,6587,4879,76,4716,40,19,192,14,238,124,92,190,91,193,178,217,90,200,185,155,13,239,51,142,39,145,255,58,123,56,180,80,213,244,56,
"",252320,7495,-23.24308,151.88579,B,05/03/2024 10:29:39,Argos,0,0,MC,,401677708.25,05/03/2024 10:29:40,1,1,0,-134,401677708.25,151.88579,-23.24308,151.88579,-23.24308,8,3,6435,7339,5641,108,5352,40,19,128,238,238,238,238,238,238,238,238,238,238,238,238,9,19,128,0,0,5,35,212,121,205,226,34,210,52,126,53,
"",252320,7495,-23.24159,151.89233,B,05/03/2024 11:26:50,Argos,0,0,NP,,401677704.5,05/03/2024 11:26:51,1,1,0,-137,401677704.5,151.89233,-23.24159,151.89233,-23.24159,8,3,7532,10332,5490,76,6810,40,19,160,238,238,238,238,238,238,238,238,238,238,238,238,247,19,128,61,167,9,213,121,7,152,34,249,147,20,0,188,
"",252320,7495,,,,,,,0,NK,,401650000,05/05/2024 09:06:40,1,1,0,-126,401650000,,,,,,,,,,,,40,19,192,14,238,238,238,14,238,0,238,238,238,238,14,183,19,192,0,0,0,0,0,0,15,255,1,89,77,97,19,
"",252320,7495,,,,,,,0,O3,,401650000,05/05/2024 14:56:09,1,1,0,-130,401650000,,,,,,,,,,,,67,31,5,,,,,,,,,,,,,,,,,,,,,,,,,,,,,
"",252320,7495,,,,,,,0,SR,,401650000,05/08/2024 19:46:14,1,1,0,-138,401650000,,,,,,,,,,,,40,20,128,238,238,238,238,238,238,224,14,238,238,238,238,62,20,128,0,0,0,0,0,0,0,255,0,0,0,0,206,
"",252320,7495,,,,,,,0,A1,,401650000,05/12/2024 07:57:18,1,1,,,401650000,,,,,,,,,,,,42,14,0,135,127,79,8,22,227,46,127,78,118,130,133,136,5,226,81,235,187,214,15,41,159,235,15,0,169,199,100,
"",252320,7495,,,,,,,0,NP,,401650000,05/14/2024 10:51:38,1,1,0,-129,401650000,,,,,,,,,,,,40,21,32,238,238,238,238,238,238,236,238,170,182,67,17,199,148,7,96,112,224,220,70,241,66,193,233,244,13,146,29,
"",252320,7495,,,,,,,0,MB,,401650000,05/14/2024 10:54:25,1,1,0,-133,401650000,,,,,,,,,,,,40,21,64,238,238,238,238,238,238,238,238,238,238,238,238,83,21,64,0,0,0,128,13,254,182,128,251,65,161,162,50,
"",252320,7495,-23.28664,151.97739,B,05/14/2024 13:04:16,Argos,0,61,O3,,401677704.04,05/14/2024 13:03:46,1,2,0,-130,401677704.04,151.97739,-23.28664,151.97739,-23.28664,0,2,1814,10022,328,24,5129,40,20,224,238,238,238,238,238,238,238,238,224,239,236,109,151,118,238,232,183,109,199,198,168,219,69,241,123,185,31,143,
"",252320,7495,-23.28664,151.97739,B,05/14/2024 13:04:16,Argos,0,61,O3,,401677704.04,05/14/2024 13:04:47,1,2,0,-130,401677704.04,151.97739,-23.28664,151.97739,-23.28664,0,2,1814,10022,328,24,5129,40,21,0,224,238,238,238,238,238,238,238,238,238,238,238,135,21,0,0,0,0,0,0,0,21,255,0,0,0,2,7,
"",252320,7495,,,,,,,0,NN,,401650000,05/19/2024 12:48:56,1,1,0,-137,401650000,,,,,,,,,,,,40,22,64,224,238,238,238,174,39,149,109,216,120,205,129,148,99,139,192,176,250,163,151,161,80,139,65,137,52,222,181,
"",252320,7495,,,,,,,0,O3,,401650000,05/19/2024 14:10:10,1,1,0,-129,401650000,,,,,,,,,,,,40,21,160,239,39,226,66,32,134,201,213,187,114,155,220,16,34,239,199,172,154,7,212,49,227,224,203,66,5,83,131,
"",252320,7495,-23.07412,151.63973,3,05/23/2024 06:41:01,Argos,0,356,CS,,401677706.98,05/23/2024 06:37:15,1,5,0,-126,401677706.98,151.63973,-23.07412,151.63972,-23.07412,50,3,101,269,38,132,249,40,21,224,238,14,238,238,224,238,238,238,238,238,238,238,63,21,224,0,0,0,0,14,195,168,25,28,254,83,211,135,
"",252320,7495,-23.07412,151.63973,3,05/23/2024 06:41:01,Argos,0,356,CS,,401677706.98,05/23/2024 06:41:09,1,5,0,-126,401677706.98,151.63973,-23.07412,151.63972,-23.07412,50,3,101,269,38,132,249,40,61,32,151,234,20,65,221,97,239,216,91,250,129,88,49,34,133,248,107,135,6,69,96,58,5,14,178,49,142,238,
"",252320,7495,-23.07412,151.63973,3,05/23/2024 06:41:01,Argos,0,356,CS,,401677706.98,05/23/2024 06:41:38,1,5,0,-126,401677706.98,151.63973,-23.07412,151.63972,-23.07412,50,3,101,269,38,132,249,40,22,0,238,238,238,238,238,238,238,238,238,238,238,238,128,22,0,0,7,244,227,134,45,174,17,0,176,31,46,99,
"",252320,7495,-23.07412,151.63973,3,05/23/2024 06:41:01,Argos,0,356,CS,,401677706.98,05/23/2024 06:41:55,1,5,0,-126,401677706.98,151.63973,-23.07412,151.63972,-23.07412,50,3,101,269,38,132,249,40,22,32,238,238,238,238,238,238,238,238,238,238,238,238,126,22,32,0,0,0,0,0,0,255,112,0,0,0,0,4,
"",252320,7495,-23.07302,151.64003,A,05/23/2024 06:44:42,Argos,0,427,A1,,401677699.65,05/23/2024 06:41:55,1,3,0,-135,401677699.65,151.64003,-23.07302,151.64003,-23.07302,6,3,166,375,73,38,448,40,22,36,174,234,230,238,110,238,202,206,238,238,142,230,94,20,32,16,0,32,4,0,0,255,112,0,1,0,2,39,
"",252320,7495,-23.07412,151.63973,3,05/23/2024 06:41:01,Argos,0,356,CS,,401677706.98,05/23/2024 06:43:11,1,5,0,-126,401677706.98,151.63973,-23.07412,151.63972,-23.07412,50,3,101,269,38,132,249,40,21,192,238,238,238,238,238,238,225,210,67,238,218,17,138,189,249,46,32,70,149,123,205,30,128,198,231,52,251,67,
"",252320,7495,-23.07302,151.64003,A,05/23/2024 06:44:42,Argos,0,427,A1,,401677699.65,05/23/2024 06:43:11,1,3,0,-135,401677699.65,151.64003,-23.07302,151.64003,-23.07302,6,3,166,375,73,38,448,40,21,192,238,238,238,238,238,239,128,206,149,152,249,223,46,233,177,47,248,181,30,39,243,55,48,98,137,107,34,29,
"",252320,7495,-23.07302,151.64003,A,05/23/2024 06:44:42,Argos,0,427,A1,,401677699.65,05/23/2024 06:49:02,1,3,0,-135,401677699.65,151.64003,-23.07302,151.64003,-23.07302,6,3,166,375,73,38,448,74,16,173,253,233,146,96,40,132,236,82,115,154,107,9,35,71,112,73,124,66,235,13,,,,,,,,,
"",252320,7495,-22.93539,151.8429,A,05/23/2024 19:21:34,Argos,0,237,CS,,401677701.84,05/23/2024 19:19:33,1,3,0,-123,401677701.84,151.8429,-22.93539,151.8429,-22.93539,0,3,155,453,53,126,416,40,22,192,238,238,238,238,238,238,120,131,55,22,236,127,120,123,0,134,59,124,254,165,142,165,185,28,6,107,87,253,
"",252320,7495,-22.93539,151.8429,A,05/23/2024 19:21:34,Argos,0,237,CS,,401677701.84,05/23/2024 19:21:38,1,3,0,-123,401677701.84,151.8429,-22.93539,151.8429,-22.93539,0,3,155,453,53,126,416,40,21,224,238,14,238,120,148,187,128,203,8,68,187,225,199,95,159,207,211,202,202,2,8,96,148,14,184,83,24,141,
"",252320,7495,-22.93539,151.8429,A,05/23/2024 19:21:34,Argos,0,237,CS,,401677701.84,05/23/2024 19:23:30,1,3,0,-123,401677701.84,151.8429,-22.93539,151.8429,-22.93539,0,3,155,453,53,126,416,89,16,165,253,232,146,112,174,59,77,214,23,216,16,53,8,67,101,26,208,144,151,0,,,,,,,,,
"",252320,7495,-22.93185,151.85018,B,05/23/2024 19:59:30,Argos,0,0,SR,,401677702.81,05/23/2024 19:59:31,1,1,0,-139,401677702.81,151.85018,-22.93185,151.85017,-22.93185,8,3,858,937,784,97,2423,40,22,0,238,238,238,238,238,238,238,238,236,232,238,203,37,15,120,114,123,224,48,179,127,186,52,5,84,159,67,150,
"",252320,7495,-22.69777,151.99288,A,05/24/2024 09:11:45,Argos,0,208,NK,,401677703.76,05/24/2024 09:09:43,1,3,0,-128,401677703.76,151.99288,-22.69777,151.99287,-22.69777,0,2,4860,80881,292,96,4970,40,22,224,238,14,0,0,238,238,224,0,0,224,14,238,222,22,224,0,0,0,0,0,0,255,0,0,0,0,0,144,
"",252320,7495,-22.69777,151.99288,A,05/24/2024 09:11:45,Argos,0,208,NK,,401677703.76,05/24/2024 09:12:21,1,3,0,-128,401677703.76,151.99288,-22.69777,151.99287,-22.69777,0,2,4860,80881,292,96,4970,40,22,32,238,238,238,251,205,113,170,12,213,174,241,252,114,107,125,113,176,155,144,8,22,180,101,62,10,143,106,132,
"",252320,7495,-22.69777,151.99288,A,05/24/2024 09:11:45,Argos,0,208,NK,,401677703.76,05/24/2024 09:13:11,1,3,0,-128,401677703.76,151.99288,-22.69777,151.99287,-22.69777,0,2,4860,80881,292,96,4970,40,22,99,231,174,14,145,153,81,226,14,137,23,119,119,15,139,48,0,0,0,0,0,0,127,128,0,0,0,0,48,
"",252320,7495,-23.1993,151.98079,B,05/28/2024 10:16:11,Argos,0,23,MC,,401677685.29,05/28/2024 10:16:00,1,2,0,-126,401677685.29,151.98079,-23.1993,151.98079,-23.1993,0,3,5513,12131,2505,24,6463,40,30,205,25,159,120,33,79,46,186,100,66,155,254,95,33,29,59,202,209,36,18,237,209,96,197,13,191,247,152,24,
"",252320,7495,-23.1993,151.98079,B,05/28/2024 10:16:11,Argos,0,23,MC,,401677685.29,05/28/2024 10:16:23,1,2,0,-126,401677685.29,151.98079,-23.1993,151.98079,-23.1993,0,3,5513,12131,2505,24,6463,40,22,64,224,238,238,238,238,238,70,109,166,56,231,179,34,252,112,147,109,175,203,53,68,147,67,38,143,144,153,8,
"",252320,7495,-23.28397,151.93427,B,05/28/2024 10:50:40,Argos,0,151,NK,,401677744.23,05/28/2024 10:49:25,1,2,0,-132,401677744.23,151.93427,-23.28397,151.93427,-23.28397,5,3,5817,34317,985,131,3180,40,21,224,238,14,238,238,224,238,238,238,238,238,238,238,63,21,224,0,0,0,0,0,0,255,195,0,0,0,0,65,
"",252320,7495,-23.28397,151.93427,B,05/28/2024 10:50:40,Argos,0,151,NK,,401677744.23,05/28/2024 10:51:56,1,2,0,-132,401677744.23,151.93427,-23.28397,151.93427,-23.28397,5,3,5817,34317,985,131,3180,40,22,224,238,14,0,0,238,238,224,0,0,224,14,250,200,82,33,82,127,162,71,253,76,157,68,120,252,75,150,162,
"",252320,7495,-23.20658,151.9845,B,05/28/2024 11:11:09,Argos,0,0,NP,,401677699.74,05/28/2024 11:11:10,1,1,0,-132,401677699.74,151.9845,-23.20658,151.9845,-23.20658,7,3,4195,6261,2810,30,5999,40,23,32,238,238,238,238,238,238,238,238,239,238,238,238,155,7,33,0,0,0,0,0,0,255,0,0,0,0,0,127,
"",252320,7495,-23.25823,151.87845,1,06/01/2024 07:09:09,Argos,0,153,CS,,401677704.96,06/01/2024 07:08:09,1,8,0,-123,401677704.96,151.87845,-23.25823,151.87845,-23.25823,50,3,1199,22576,63,72,1186,40,23,64,238,238,238,238,238,238,238,238,238,238,238,238,158,23,64,0,0,0,0,0,0,255,0,0,0,0,0,122,
"",252320,7495,-23.25823,151.87845,1,06/01/2024 07:09:09,Argos,0,153,CS,,401677704.96,06/01/2024 07:08:24,1,8,0,-123,401677704.96,151.87845,-23.25823,151.87845,-23.25823,50,3,1199,22576,63,72,1186,40,23,96,238,238,238,238,238,238,238,224,238,207,238,238,50,23,224,128,0,0,0,0,0,255,0,0,0,0,0,132,
"",252320,7495,-23.25823,151.87845,1,06/01/2024 07:09:09,Argos,0,153,CS,,401677704.96,06/01/2024 07:08:57,1,8,0,-123,401677704.96,151.87845,-23.25823,151.87845,-23.25823,50,3,1199,22576,63,72,1186,40,22,192,238,238,238,238,238,238,238,238,238,238,238,238,138,22,192,0,0,0,0,0,0,255,0,0,0,0,0,97,
"",252320,7495,-23.25823,151.87845,1,06/01/2024 07:09:09,Argos,0,153,CS,,401677704.96,06/01/2024 07:09:12,1,8,0,-123,401677704.96,151.87845,-23.25823,151.87845,-23.25823,50,3,1199,22576,63,72,1186,40,22,224,238,14,0,0,238,238,224,0,0,224,14,238,222,22,224,0,0,0,0,0,0,255,0,0,0,0,0,144,
"",252320,7495,-23.25823,151.87845,1,06/01/2024 07:09:09,Argos,0,153,CS,,401677704.96,06/01/2024 07:09:27,1,8,0,-123,401677704.96,151.87845,-23.25823,151.87845,-23.25823,50,3,1199,22576,63,72,1186,40,22,96,206,236,238,238,238,238,14,14,238,238,238,238,31,22,96,0,0,0,0,0,0,255,0,0,0,0,0,97,
"",252320,7495,-23.25823,151.87845,1,06/01/2024 07:09:09,Argos,0,153,CS,,401677704.96,06/01/2024 07:09:49,1,8,0,-123,401677704.96,151.87845,-23.25823,151.87845,-23.25823,50,3,1199,22576,63,72,1186,42,167,29,212,54,96,73,234,46,56,14,238,224,238,238,93,22,128,0,0,0,0,0,0,255,1,0,0,0,0,247,
"",252320,7495,-23.25823,151.87845,1,06/01/2024 07:09:09,Argos,0,153,CS,,401677704.96,06/01/2024 07:10:06,1,8,0,-123,401677704.96,151.87845,-23.25823,151.87845,-23.25823,50,3,1199,22576,63,72,1186,40,23,0,238,238,238,238,224,238,224,238,238,238,14,238,109,23,0,0,0,0,0,0,0,255,0,0,0,0,0,129,
"",252320,7495,-23.25823,151.87845,1,06/01/2024 07:09:09,Argos,0,153,CS,,401677704.96,06/01/2024 07:10:42,1,8,0,-123,401677704.96,151.87845,-23.25823,151.87845,-23.25823,50,3,1199,22576,63,72,1186,40,23,32,54,39,217,224,138,202,178,59,216,136,150,101,66,11,239,128,255,3,252,3,252,124,120,7,224,6,82,51,
"",252320,7495,-23.25241,151.88107,B,06/01/2024 11:38:06,Argos,0,0,NN,,401677710.4,06/01/2024 11:38:07,1,1,0,-130,401677710.4,151.88107,-23.25241,151.88107,-23.25241,8,3,5442,7249,4085,102,5898,27,143,28,,,,,,,,,,,,,,,,,,,,,,,,,,,,,
"",252320,7495,-23.25235,151.90269,B,06/01/2024 12:04:43,Argos,0,541,NP,,401677702.81,06/01/2024 12:04:43,1,2,0,-135,401677702.81,151.90269,-23.25235,151.9027,-23.25235,6,3,6153,176841,214,13,7699,8,144,75,117,125,231,193,201,241,157,214,116,217,222,67,143,150,136,43,253,214,46,212,0,10,224,78,50,175,168,22,
"",252320,7495,-23.244,151.91122,A,06/01/2024 12:14:00,Argos,0,181,MC,,401677696.17,06/01/2024 12:12:38,1,3,1,-118,401677696.17,151.91122,-23.244,151.91122,-23.244,6,3,181,339,96,158,491,40,116,167,125,61,230,55,72,248,220,36,10,162,54,179,40,205,208,6,214,0,224,14,64,149,248,59,105,12,33,225,
"",252320,7495,-23.25235,151.90269,B,06/01/2024 12:04:43,Argos,0,541,NP,,401677702.81,06/01/2024 12:13:44,1,2,0,-135,401677702.81,151.90269,-23.25235,151.9027,-23.25235,6,3,6153,176841,214,13,7699,40,23,96,238,238,238,238,238,238,238,224,238,238,238,239,59,51,86,3,242,240,200,255,118,51,123,124,28,184,32,3,
"",252320,7495,-23.244,151.91122,A,06/01/2024 12:14:00,Argos,0,181,MC,,401677696.17,06/01/2024 12:13:44,1,3,1,-118,401677696.17,151.91122,-23.244,151.91122,-23.244,6,3,181,339,96,158,491,40,23,96,238,238,238,238,238,238,238,224,238,238,238,238,50,24,255,144,242,163,56,12,230,136,148,135,170,125,191,180,
"",252320,7495,-23.244,151.91122,A,06/01/2024 12:14:00,Argos,0,181,MC,,401677696.17,06/01/2024 12:15:39,1,3,1,-118,401677696.17,151.91122,-23.244,151.91122,-23.244,6,3,181,339,96,158,491,87,48,165,253,232,146,112,174,48,177,93,142,18,16,203,14,254,102,182,10,48,167,67,,,,,,,,,
"",252320,7495,-23.2498,151.91281,B,06/01/2024 14:16:02,Argos,0,101,O3,,401677699.16,06/01/2024 14:15:12,1,2,0,-130,401677699.16,151.91281,-23.2498,151.91281,-23.2498,8,3,1080,12119,96,84,3053,40,23,192,238,238,14,238,238,238,238,238,238,238,238,238,134,23,192,0,0,0,0,0,0,255,0,0,0,0,0,139,
"",252320,7495,-23.2498,151.91281,B,06/01/2024 14:16:02,Argos,0,101,O3,,401677699.16,06/01/2024 14:16:53,1,2,0,-130,401677699.16,151.91281,-23.2498,151.91281,-23.2498,8,3,1080,12119,96,84,3053,40,23,32,238,238,238,238,238,238,238,238,238,230,236,238,155,87,3,192,0,0,0,0,0,253,0,0,0,0,0,127,
"",252320,7495,-23.3173,151.95356,B,06/02/2024 23:57:01,Argos,0,14,MB,,401677710.52,06/02/2024 23:56:54,1,2,0,-133,401677710.52,151.95356,-23.3173,151.95357,-23.3173,0,2,4571,11356,1839,70,12929,40,24,64,238,238,238,238,238,224,238,14,14,238,238,238,111,24,64,0,0,0,0,0,0,255,0,0,0,0,0,242,
"",252320,7495,-23.3173,151.95356,B,06/02/2024 23:57:01,Argos,0,14,MB,,401677710.52,06/02/2024 23:57:09,1,2,0,-133,401677710.52,151.95356,-23.3173,151.95357,-23.3173,0,2,4571,11356,1839,70,12929,40,23,64,238,238,46,238,238,238,230,238,239,238,166,238,158,23,64,0,0,4,0,16,0,251,128,4,0,68,32,106,
"",252320,7495,-23.41852,152.09149,A,06/06/2024 00:15:00,Argos,0,53,NP,,401677718.55,06/06/2024 00:14:36,1,3,0,-132,401677718.55,152.09149,-23.41852,152.09149,-23.41852,0,3,5340,20438,1395,29,6566,40,24,96,14,238,238,238,238,238,238,238,238,238,238,238,22,24,96,0,0,0,0,0,0,255,0,0,0,0,0,12,
"",252320,7495,-23.41852,152.09149,A,06/06/2024 00:15:00,Argos,0,53,NP,,401677718.55,06/06/2024 00:14:58,1,3,0,-132,401677718.55,152.09149,-23.41852,152.09149,-23.41852,0,3,5340,20438,1395,29,6566,40,24,128,238,238,238,238,238,238,238,238,238,238,238,238,28,24,128,0,0,0,0,0,0,255,0,0,0,0,0,248,
"",252320,7495,-23.41852,152.09149,A,06/06/2024 00:15:00,Argos,0,53,NP,,401677718.55,06/06/2024 00:15:29,1,3,0,-132,401677718.55,152.09149,-23.41852,152.09149,-23.41852,0,3,5340,20438,1395,29,6566,40,23,64,238,254,79,175,234,244,194,246,222,101,217,178,158,150,64,4,0,128,1,0,32,239,0,16,4,0,0,122,
"",252320,7495,,,,,,,0,O3,,401650000,06/07/2024 12:56:13,1,1,0,-130,401650000,,,,,,,,,,,,40,23,224,236,215,20,1,163,44,63,205,251,98,71,129,88,119,131,164,5,173,14,200,59,105,242,81,60,202,245,215,
"",252320,7495,,,,,,,0,NN,,401650000,06/09/2024 11:36:55,1,1,0,-135,401650000,,,,,,,,,,,,40,24,224,238,204,238,238,238,238,224,238,238,238,238,238,168,72,172,35,19,173,51,148,116,230,43,161,142,19,181,148,
"",252320,7495,,,,,,,0,NP,,401650000,06/15/2024 23:47:04,1,1,0,-140,401650000,,,,,,,,,,,,40,21,224,230,238,238,238,238,238,238,238,238,238,224,238,71,23,224,0,0,0,0,0,0,255,135,153,119,198,70,126,
"",252320,7495,-23.17845,151.95953,B,06/20/2024 21:58:24,Argos,0,14,MC,,401677733.78,06/20/2024 21:58:17,1,2,0,-130,401677733.78,151.95953,-23.17845,151.95953,-23.17845,0,3,18571,75367,4576,122,22565,40,26,96,238,238,238,238,238,238,238,238,224,238,14,238,162,26,96,0,0,0,0,0,0,255,0,0,0,0,0,193,
"",252320,7495,-23.17845,151.95953,B,06/20/2024 21:58:24,Argos,0,14,MC,,401677733.78,06/20/2024 21:58:32,1,2,0,-130,401677733.78,151.95953,-23.17845,151.95953,-23.17845,0,3,18571,75367,4576,122,22565,40,24,128,238,238,238,238,238,238,238,238,238,238,238,238,28,24,128,0,0,0,0,0,0,255,0,0,0,0,0,248,
"",252320,7495,-23.27196,151.85611,1,06/24/2024 06:21:26,Argos,0,166,CS,,401677709.2,06/24/2024 06:20:05,1,6,0,-129,401677709.2,151.85611,-23.27196,151.85611,-23.27196,50,3,542,5449,53,84,1507,40,26,160,238,238,238,238,238,238,238,238,238,238,238,238,47,26,160,0,0,0,0,0,0,255,0,0,0,0,0,203,
"",252320,7495,-23.27196,151.85611,1,06/24/2024 06:21:26,Argos,0,166,CS,,401677709.2,06/24/2024 06:20:22,1,6,0,-129,401677709.2,151.85611,-23.27196,151.85611,-23.27196,50,3,542,5449,53,84,1507,40,26,192,238,238,238,238,238,238,238,238,224,238,238,238,238,16,232,152,90,181,8,35,155,120,219,94,104,13,64,154,
"",252320,7495,-23.27196,151.85611,1,06/24/2024 06:21:26,Argos,0,166,CS,,401677709.2,06/24/2024 06:21:10,1,6,0,-129,401677709.2,151.85611,-23.27196,151.85611,-23.27196,50,3,542,5449,53,84,1507,40,26,224,238,238,238,232,141,207,20,27,153,112,173,160,104,17,205,207,55,143,225,113,154,224,153,175,3,81,21,64,
"",252320,7495,-23.27196,151.85611,1,06/24/2024 06:21:26,Argos,0,166,CS,,401677709.2,06/24/2024 06:21:36,1,6,0,-129,401677709.2,151.85611,-23.27196,151.85611,-23.27196,50,3,542,5449,53,84,1507,40,25,192,238,238,238,238,238,238,238,238,238,238,238,238,2,25,192,0,0,0,0,0,0,255,0,0,0,0,0,230,
"",252320,7495,-23.27196,151.85611,1,06/24/2024 06:21:26,Argos,0,166,CS,,401677709.2,06/24/2024 06:22:35,1,6,0,-129,401677709.2,151.85611,-23.27196,151.85611,-23.27196,50,3,542,5449,53,84,1507,40,23,64,238,238,238,238,234,238,238,238,238,238,239,174,158,23,192,0,0,80,32,13,127,0,91,238,173,17,176,226,
"",252320,7495,-23.27196,151.85611,1,06/24/2024 06:21:26,Argos,0,166,CS,,401677709.2,06/24/2024 06:22:51,1,6,0,-129,401677709.2,151.85611,-23.27196,151.85611,-23.27196,50,3,542,5449,53,84,1507,40,23,99,192,156,224,22,49,102,175,144,167,90,113,87,6,220,210,215,251,128,0,0,0,63,192,0,0,0,0,33,
"",252320,7495,,,,,,,0,NP,,401650000,06/27/2024 11:45:47,1,1,0,-130,401650000,,,,,,,,,,,,40,26,160,238,238,238,238,238,238,238,238,238,238,238,238,47,26,160,0,0,0,0,0,0,255,0,0,0,0,0,203,
"",252320,7495,,,,,,,0,NK,,401650000,06/28/2024 09:16:48,1,1,0,-129,401650000,,,,,,,,,,,,40,26,224,238,238,238,238,238,238,238,238,238,238,238,238,212,26,224,0,0,0,0,32,37,255,144,0,146,65,227,77,
"",252320,7495,-23.0608,151.82961,B,06/30/2024 07:10:39,Argos,0,26,CS,,401677711.58,06/30/2024 07:10:26,1,2,0,-121,401677711.58,151.82961,-23.0608,151.8296,-23.0608,0,3,2747,63606,118,89,7769,94,112,165,253,232,146,56,32,253,82,6,169,0,187,88,43,68,107,243,162,232,44,96,,,,,,,,,
"",252320,7495,-23.0608,151.82961,B,06/30/2024 07:10:39,Argos,0,26,CS,,401677711.58,06/30/2024 07:10:52,1,2,0,-121,401677711.58,151.82961,-23.0608,151.8296,-23.0608,0,3,2747,63606,118,89,7769,40,27,160,238,238,238,238,238,14,14,238,238,238,238,238,5,27,160,0,0,0,0,0,255,1,0,0,0,0,0,236,
"",252320,7495,-23.06345,151.82032,B,06/30/2024 07:38:30,Argos,0,0,SR,,401677704.56,06/30/2024 07:38:30,1,1,0,-132,401677704.56,151.82032,-23.06345,151.82031,-23.06345,6,3,2448,12097,495,88,6922,40,27,128,238,238,238,238,224,14,238,238,238,238,254,238,172,19,128,1,0,129,175,83,147,42,60,156,86,21,6,126,
"",252320,7495,-23.09806,151.7796,B,07/01/2024 07:13:12,Argos,0,0,SR,,401677708.99,07/01/2024 07:13:12,1,1,0,-129,401677708.99,151.7796,-23.09806,151.7796,-23.09806,0,3,4325,12347,1514,121,12233,40,27,192,238,238,238,0,224,14,224,238,238,238,238,238,25,27,192,0,0,0,0,0,255,136,0,0,0,0,0,99,
"",252320,7495,-23.12918,151.7999,B,07/01/2024 10:09:27,Argos,0,0,MC,,401677711.79,07/01/2024 10:09:28,1,1,0,-129,401677711.79,151.7999,-23.12918,151.7999,-23.12918,8,3,5441,22367,1323,125,15392,83,16,165,253,232,146,112,174,48,169,13,24,84,20,229,0,35,128,26,207,0,255,128,,,,,,,,,
"",252320,7495,-23.13454,151.79833,B,07/01/2024 10:56:10,Argos,0,0,MB,,401677710.26,07/01/2024 10:56:11,1,1,0,-131,401677710.26,151.79833,-23.13454,151.79832,-23.13454,8,3,5462,21692,1375,124,15451,40,27,128,238,238,238,238,224,14,238,238,238,238,238,238,168,27,128,0,0,0,0,0,255,4,0,0,0,0,0,159,
"",252320,7495,-23.13008,151.80237,B,07/01/2024 10:56:10,Argos,0,0,NP,,401677711.52,07/01/2024 10:56:11,1,1,0,-129,401677711.52,151.80237,-23.13008,151.80237,-23.13008,0,3,5447,19621,1512,124,15408,40,27,128,238,238,238,238,224,14,238,238,238,238,238,238,168,27,128,0,0,0,0,0,255,4,0,0,0,0,0,159,
"",252320,7495,-23.22676,151.9412,B,07/02/2024 20:10:33,Argos,0,0,CS,,401650000,07/02/2024 20:05:58,1,1,0,-135,401650000,151.9412,-23.22676,151.9412,-23.22676,0,3,2265,40470,126,20,6407,110,132,0,,,,,,,,,,,,,,,,,,,,,,,,,,,,,
"",252320,7495,-23.22676,151.9412,B,07/02/2024 20:10:33,Argos,0,0,CS,,401650000,07/02/2024 20:10:34,1,1,0,-135,401650000,151.9412,-23.22676,151.9412,-23.22676,0,3,2265,40470,126,20,6407,15,1,16,,,,,,,,,,,,,,,,,,,,,,,,,,,,,
"",252320,7495,-23.20819,151.94855,B,07/02/2024 20:23:52,Argos,0,0,NK,,401677700.31,07/02/2024 20:23:52,1,1,0,-129,401677700.31,151.94855,-23.20819,151.94855,-23.20819,6,3,2648,17495,400,20,7489,27,143,28,,,,,,,,,,,,,,,,,,,,,,,,,,,,,
"",252320,7495,-23.17572,151.86168,0,07/03/2024 00:24:03,Argos,0,217,MC,,401677704.37,07/03/2024 00:22:16,1,14,0,-122,401677704.37,151.86168,-23.17572,151.86168,-23.17572,58,3,2209,11157,437,55,1099,40,28,64,238,238,238,238,238,238,238,238,238,238,14,238,200,28,64,0,0,0,0,0,255,3,0,0,0,0,0,255,
"",252320,7495,-23.17572,151.86168,0,07/03/2024 00:24:03,Argos,0,217,MC,,401677704.37,07/03/2024 00:22:32,1,14,0,-122,401677704.37,151.86168,-23.17572,151.86168,-23.17572,58,3,2209,11157,437,55,1099,40,28,32,238,238,238,224,238,224,238,238,238,238,238,238,120,28,32,0,0,0,0,0,255,81,0,0,0,0,0,64,
"",252320,7495,-23.17572,151.86168,0,07/03/2024 00:24:03,Argos,0,217,MC,,401677704.37,07/03/2024 00:22:47,1,14,0,-122,401677704.37,151.86168,-23.17572,151.86168,-23.17572,58,3,2209,11157,437,55,1099,40,27,160,238,238,238,238,238,14,14,238,238,238,238,238,5,27,160,0,0,0,0,0,255,1,0,0,0,0,0,236,
"",252320,7495,-23.17572,151.86168,0,07/03/2024 00:24:03,Argos,0,217,MC,,401677704.37,07/03/2024 00:23:02,1,14,0,-122,401677704.37,151.86168,-23.17572,151.86168,-23.17572,58,3,2209,11157,437,55,1099,40,27,192,238,238,238,0,224,14,224,238,238,238,238,238,25,27,192,0,0,0,0,0,255,136,0,0,0,0,0,99,
"",252320,7495,-23.17572,151.86168,0,07/03/2024 00:24:03,Argos,0,217,MC,,401677704.37,07/03/2024 00:23:18,1,14,0,-122,401677704.37,151.86168,-23.17572,151.86168,-23.17572,58,3,2209,11157,437,55,1099,40,27,128,238,238,238,238,224,14,238,238,238,238,238,238,168,27,128,0,0,0,0,0,255,4,0,0,0,0,0,159,
"",252320,7495,-23.17572,151.86168,0,07/03/2024 00:24:03,Argos,0,217,MC,,401677704.37,07/03/2024 00:23:33,1,14,0,-122,401677704.37,151.86168,-23.17572,151.86168,-23.17572,58,3,2209,11157,437,55,1099,89,134,10,,,,,,,,,,,,,,,,,,,,,,,,,,,,,
"",252320,7495,-23.17572,151.86168,0,07/03/2024 00:24:03,Argos,0,217,MC,,401677704.37,07/03/2024 00:23:48,1,14,0,-122,401677704.37,151.86168,-23.17572,151.86168,-23.17572,58,3,2209,11157,437,55,1099,107,133,0,,,,,,,,,,,,,,,,,,,,,,,,,,,,,
"",252320,7495,-23.17572,151.86168,0,07/03/2024 00:24:03,Argos,0,217,MC,,401677704.37,07/03/2024 00:24:34,1,14,0,-122,401677704.37,151.86168,-23.17572,151.86168,-23.17572,58,3,2209,11157,437,55,1099,65,235,4,,,,,,,,,,,,,,,,,,,,,,,,,,,,,
"",252320,7495,-23.17572,151.86168,0,07/03/2024 00:24:03,Argos,0,217,MC,,401677704.37,07/03/2024 00:24:49,1,14,0,-122,401677704.37,151.86168,-23.17572,151.86168,-23.17572,58,3,2209,11157,437,55,1099,72,208,165,253,232,146,112,174,49,130,4,84,148,21,23,8,51,255,26,206,160,255,128,,,,,,,,,
"",252320,7495,-23.17572,151.86168,0,07/03/2024 00:24:03,Argos,0,217,MC,,401677704.37,07/03/2024 00:25:05,1,14,0,-122,401677704.37,151.86168,-23.17572,151.86168,-23.17572,58,3,2209,11157,437,55,1099,91,140,10,,,,,,,,,,,,,,,,,,,,,,,,,,,,,
"",252320,7495,-23.17572,151.86168,0,07/03/2024 00:24:03,Argos,0,217,MC,,401677704.37,07/03/2024 00:25:21,1,14,0,-122,401677704.37,151.86168,-23.17572,151.86168,-23.17572,58,3,2209,11157,437,55,1099,101,131,0,,,,,,,,,,,,,,,,,,,,,,,,,,,,,
"",252320,7495,-23.17572,151.86168,0,07/03/2024 00:24:03,Argos,0,217,MC,,401677704.37,07/03/2024 00:25:36,1,14,0,-122,401677704.37,151.86168,-23.17572,151.86168,-23.17572,58,3,2209,11157,437,55,1099,15,1,16,,,,,,,,,,,,,,,,,,,,,,,,,,,,,
"",252320,7495,-23.17572,151.86168,0,07/03/2024 00:24:03,Argos,0,217,MC,,401677704.37,07/03/2024 00:25:53,2,14,0,-122,401677704.37,151.86168,-23.17572,151.86168,-23.17572,58,3,2209,11157,437,55,1099,27,143,28,,,,,,,,,,,,,,,,,,,,,,,,,,,,,
